Year,MovieId,Name,id
2022,21945,緊急迫降,626872.0
2022,22241,機密同盟2,736820.0
2022,23147,音爆浩劫,774548.0
2022,22479,樂透大作戰,821153.0
2022,21736,魔女二部曲：另一個她,615173.0
2022,21615,嬰兒轉運站,736732.0
2022,21222,犯罪都市2,619803.0
2022,21858,外星+人,601796.0
2022,22473,行動代號：狼狩獵,799379.0
2022,22113,獵首密令,727340.0
2022,22239,語意錯誤電影版,993885.0
2022,21763,分手的決心,705996.0
2022,20398,極速快遞,606403.0
2022,22925,局中局,634595.0
2022,20981,SEVENTEEN POWER OF LOVE : THE MOVIE,946615.0
2022,23015,厄憶追凶,633374.0
2022,18813,金派特務,629028.0
2022,22004,韓山島海戰,588108.0
2022,23248,晝盲神探,806128.0
2022,23206,NCT DREAM THE MOVIE : In A DREAM,1038198.0
2022,23216,整形帝王,717090.0
2022,21779,邪門,877260.0
2022,21823,非常殺手,938008.0
2022,20110,獵魂者,602295.0
2022,9051,燃燒烈愛,491584.0
2022,20335,緣來大飯店,821661.0
2022,23214,失控正義,882580.0
2022,23362,共感頻率,962489.0
2022,20402,無間對決,610321.0
2022,22653,人生真美麗,616670.0
2022,22221,界限,718289.0
2022,21160,空氣殺人,731684.0
2022,22628,政客誠實中2,795276.0
2022,18829,衝鋒戰士劇場版：翁法洛斯島的秘密,577205.0
2022,20749,奇怪的數學家,628802.0
2022,20942,超跑斯特拉,630217.0
2022,21164,死亡預報,626129.0
2022,23199,王者製造,573787.0
2022,23364,花路阿朱媽,958937.0
2022,20778,為人民服務,743814.0
2022,22818,笑子當老大,817557.0
2022,20661,茲山魚譜,581390.0
2022,20473,亡命陷阱,840528.0
2022,18817,引言,795797.0
2022,20994,春川神秘中邪事件,817480.0
2022,18794,無人之境,589713.0
2022,20555,在你面前,820517.0
2022,23146,小說家電影,928713.0
2022,20801,阿爸休假中,743475.0
2022,23154,閨蜜大狂殺,934207.0
2022,19991,花果飄零,889507.0
2022,22111,聽見心嘻望,575764.0
2022,18924,瑪雅蜜蜂大冒險：守護小金蛋,681260.0
2022,21265,PINA,789910.0
2022,21031,詭棋,934957.0
2022,22172,米婭的精靈王國,955644.0
2022,21857,非戀人絮語,567927.0
2022,21664,永別了，柏林,620498.0
2022,20534,我是你的完美男友,795813.0
2022,20223,鄰危不亂,681349.0
2022,22515,趴兔青春期,871530.0
2022,20134,指考風暴,852457.0
2022,21746,泳漾水男孩,739323.0
2022,21236,熟女解放中,607442.0
2022,18291,型男斷捨離,546630.0
2022,19920,人性遊戲,776542.0
2022,23290,蘿拉快跑,104.0
2022,20313,非甜蜜生活,608980.0
2022,20872,真愛超能力,612491.0
2022,21789,洞,47060.0
2022,21263,愛在書店相遇時,654344.0
2022,21352,隔離巢,752616.0
2022,22877,星夢性快感,592695.0
2022,21045,阿哈：帶我走,655738.0
2022,22739,瑞士鐘錶師,749136.0
2022,22523,女孩與蜘蛛,517815.0
2022,20556,愛你讓我自由,835975.0
2022,20460,鬼電梯,760522.0
2022,20975,越驚,930478.0
2022,20929,祖怨,947890.0
2022,22309,迷霧中的孩子,893030.0
2022,19408,逃出奧斯威辛,717694.0
2022,22895,喬治亞天空下 ,795815.0
2022,19627,勇鼠闖天堂,588890.0
2022,21740,浪浪回家路,725133.0
2022,21626,野蠻人入侵,796151.0
2022,18629,亞馬遜守護者：安珀傳奇(英語版),588921.0
2022,21223,格列佛遊記：重返小人國,763539.0
2022,22198,沒有煙硝的日子,913760.0
2022,20265,2gether電影版：只因我們天生一對,810406.0
2022,21115,猛鬼大學：第2學期,939879.0
2022,21436,鬼單眼,947514.0
2022,23289,魔蟲禁區,949697.0
2022,21210,淒厲人僧：卡到陰,937743.0
2022,23085,愛情需要編劇,922378.0
2022,20314,記憶,511819.0
2022,20413,波米叔叔的前世今生,38368.0
2022,22110,超級蜥蜴王,947049.0
2022,22265,詭孩,660942.0
2022,19764,忍者寶寶,654074.0
2022,20672,秋月,831031.0
2022,19859,梅艷芳,848788.0
2022,19159,怒火,513692.0
2022,20822,神探大戰,543504.0
2022,16476,麥路人,640092.0
2022,7331,春光乍洩,18329.0
2022,20716,重慶森林 4K數位修復版,11104.0
2022,18149,墮落天使  4K數位修復版,11220.0
2022,9993,阿飛正傳,18311.0
2022,20763,胭脂扣,68883.0
2022,22420,飯戲攻心,851800.0
2022,22876,智齒,591222.0
2022,20565,少年,436792.0
2022,20343,G風暴,814785.0
2022,20702,阮玲玉,68004.0
2022,20741,英雄本色,11471.0
2022,21747,闔家辣,851798.0
2022,10916,霸王別姬(數位修復版),10997.0
2022,22182,媽的星寵兒,942171.0
2022,21786,七人樂隊,537761.0
2022,22631,憂鬱之島,924120.0
2022,21047,邊緣行者,941132.0
2022,20697,秋天的童話,64015.0
2022,21801,繼園臺七號,616020.0
2022,23391,正義迴廊,1005251.0
2022,21812,美少年之戀,27060.0
2022,21517,喜歡妳是妳,876189.0
2022,22231,一路瞳行,838119.0
2022,23317,無間道,10775.0
2022,22085,玫瑰的故事,1325023.0
2022,21978,流金歲月,255856.0
2022,22435,心裏美,987446.0
2022,21123,海上花,45935.0
2022,23367,無間道II,11647.0
2022,23349,無間道III：終極無間,14310.0
2022,22758,流浪者之歌,861947.0
2022,22755,卡拉之歌,2143.0
2022,20515,時代革命,850884.0
2022,15965,末代皇帝（數位修復版）,746.0
2022,7689,發條橘子,185.0
2022,22525,瘋狂富作用,497828.0
2022,21017,鯊顫,960258.0
2022,20802,餐廳失控夜,807196.0
2022,22117,士兵與軍官,797838.0
2022,20693,極限逃殺,924482.0
2022,22611,如果驢知道,785398.0
2022,19272,算牌手,643532.0
2022,21906,我們的英搖時光,624793.0
2022,20076,愛上費加洛,508444.0
2022,21268,羅密歐與茱麗葉（英國國家劇院現場）,454.0
2022,18530,裸體午餐,2742.0
2022,14480,超速性追緝,884.0
2022,22260,性愛成癮的男人,76025.0
2022,20827,瑪莉娜的512小時,816344.0
2022,20519,馬克白（英國皇家歌劇院）,591538.0
2022,11227,山那邊的青稞田,496404.0
2022,21869,偷香 數位修復版,14553.0
2022,22880,大製片家,844176.0
2022,20291,毫無意義,42035.0
2022,20189,蜘蛛人：無家日,634649.0
2022,23322,阿凡達：水之道,76600.0
2022,19885,永恆族,524434.0
2022,23049,黑豹 2：瓦干達萬歲,505642.0
2022,21054,奇異博士2：失控多重宇宙,453395.0
2022,21741,雷神索爾：愛與雷霆,616037.0
2022,20277,金牌特務：金士曼起源,476669.0
2022,19639,猛毒2：血蜘蛛,580489.0
2022,19182,沙丘,438631.0
2022,19150,尚氣與十環傳奇,566525.0
2022,22676,黑亞當,436270.0
2022,20587,蝙蝠俠,414906.0
2022,20863,怪獸與鄧不利多的秘密,338953.0
2022,21777,子彈列車,718930.0
2022,20539,秘境探險,335787.0
2022,18984,脫稿玩家,550988.0
2022,20828,媽的多重宇宙,545611.0
2022,20215,駭客任務：復活,624860.0
2022,20484,月球隕落,406759.0
2022,19984,惡靈古堡首部曲：拉昆市,460458.0
2022,20786,魔比斯,526896.0
2022,18891,黑寡婦,497698.0
2022,21422,巴斯光年(英文版),718789.0
2022,20470,尼羅河謀殺案,505026.0
2022,20050,魔法滿屋,568124.0
2022,22373,微笑,882598.0
2022,20210,歡樂好聲音 2,438695.0
2022,20748,失落謎城,752623.0
2022,21742,雷神索爾：愛與雷霆,616037.0
2022,20580,劫命救護,763285.0
2022,21821,孤兒怨2：最黑暗的過去,760161.0
2022,20212,GUCCI：豪門謀殺案,644495.0
2022,20635,壞蛋聯盟,629542.0
2022,18983,汪汪隊立大功電影版,675445.0
2022,22355,幸福入場券,800939.0
2022,20820,音速小子 2,675353.0
2022,22663,五星饗魘,593643.0
2022,18759,厲陰宅3：是惡魔逼我的,423108.0
2022,22416,阿凡達 (A版),19995.0
2022,21837,DC超級寵物軍團(英文版),539681.0
2022,18014,捍衛救援,634528.0
2022,18846,路卡的夏天,508943.0
2022,20403,夜路,597208.0
2022,19688,法蘭西特派週報,542178.0
2022,18925,寶貝老闆：家大業大,459151.0
2022,22337,墜,985939.0
2022,18816,殺手保鑣2,522931.0
2022,23155,決戰38度線,653851.0
2022,20582,黑光行動,823625.0
2022,18866,密弒遊戲2：勝者危亡,585216.0
2022,19161,疾厄,619778.0
2022,22879,鬼禱,676547.0
2022,20241,闇黑電話,756999.0
2022,20925,超吉任務,648579.0
2022,7858,以你的名字呼喚我,398818.0
2022,20104,哈利波特：神秘的魔法石,671.0
2022,18958,暫時停止呼吸2,482373.0
2022,18824,疾凍救援,646207.0
2022,23153,暴戾夜,899112.0
2022,20294,355：諜影特攻,522016.0
2022,19817,天兵阿榮,482321.0
2022,23138,奇異冒險 (英文版),877269.0
2022,20240,驚聲尖叫,646385.0
2022,19964,迷離夜蘇活,576845.0
2022,19786,王者理查,614917.0
2022,21867,沼澤謀殺案,682507.0
2022,22530,阿姆斯特丹,664469.0
2022,19308,月光光新慌慌：萬聖殺,610253.0
2022,18430,夢想之地,615643.0
2022,20137,阿達一族 2,639721.0
2022,22195,拉辛正傳,601635.0
2022,19919,大紅狗克里弗,585245.0
2022,22245,別擔心親愛的,619730.0
2022,20982,記憶殺神,818397.0
2022,22652,月光光新慌慌：萬聖結,616820.0
2022,19783,史賓賽,716612.0
2022,23144,鞋貓劍客 2,315162.0
2022,22924,骨肉的總和,791177.0
2022,22115,三千年的渴望,556694.0
2022,22476,哥兒們,614939.0
2022,19657,鹿魔,516329.0
2022,19539,最後的決鬥,617653.0
2022,22242,看你往哪跑,766475.0
2022,20362,西城故事,511809.0
2022,21942,獸,760741.0
2022,22328,捍衛戰士,744.0
2022,21719,喜悅：達賴喇嘛遇見屠圖主教,836723.0
2022,22116,世紀婚魘,830788.0
2022,21930,天黑請斃命,520023.0
2022,9023,2001太空漫遊,62.0
2022,20394,王牌冤家,38.0
2022,22397,毛骨悚然：惡魔重生,717728.0
2022,20356,死間行動,661231.0
2022,22308,刀鋒劍客(英語版),366672.0
2022,9986,鬼店,694.0
2022,20770,救命緝約,628900.0
2022,23321,與你共舞,696157.0
2022,23084,她有話要說,837881.0
2022,19659,達賴的一生,9746.0
2022,22651,天劫高手,842942.0
2022,20659,絕命通話,764835.0
2022,17499,說不出的告別,536396.0
2022,20660,貝爾法斯特,777270.0
2022,20235,黑特冤家,603661.0
2022,22679,驚爆倒數60分鐘,888195.0
2022,20363,看不見的殺機,825808.0
2022,22963,絕命線阱,979924.0
2022,21033,驅神,836225.0
2022,20528,逍遙上路,626735.0
2022,6252,八月三十一日，我在奧斯陸,75233.0
2022,23128,俠探特攻：全面追緝,1024546.0
2022,20554,終極堡壘,826749.0
2022,20472,終極攻佔,718949.0
2022,18735,金甲部隊,600.0
2022,19690,地球重生,760873.0
2022,18693,獵殺戰場,733317.0
2022,19241,生命理賠師,649394.0
2022,23286,俠探特攻：贖罪行動,1035803.0
2022,20848,玩命獵殺,628878.0
2022,20143,完美的敵人,655917.0
2022,21306,大開眼戒,345.0
2022,21388,午後彌撒 ,423333.0
2022,20211,危城行動,762433.0
2022,20713,劫獄救援,818192.0
2022,20861,終極交戰,864116.0
2022,18707,齊瓦哥醫生,907.0
2022,20681,全面掃蕩,689700.0
2022,23311,朝聖之路：聖雅各,59468.0
2022,20561,詭謎藏,801271.0
2022,21802,殺戮基地,848123.0
2022,19475,爽賺姐妹,628914.0
2022,20458,情聖西哈諾,730047.0
2022,19601,四個好日子,641960.0
2022,20736,心碎效應,844398.0
2022,19921,蘿莉塔,9769.0
2022,20930,終極夜路,916821.0
2022,20809,終極包圍戰,766907.0
2022,20560,通靈女校,641668.0
2022,21180,進擊的地才,821427.0
2022,20217,終極狩獵團,763164.0
2022,20992,公共圖書館員,331986.0
2022,21172,最後的生存者,789171.0
2022,23014,鱷魚歌王,830784.0
2022,22714,終極堡壘2,883502.0
2022,20486,BJ單身日記,634.0
2022,19318,美國舞孃,10802.0
2022,19383,異類崛起,850099.0
2022,20384,魔境夢遊,12155.0
2022,20192,殲獄行動,811592.0
2022,22959,貓爸爸們,896689.0
2022,21035,超級救援狗,577721.0
2022,14586,為所應為,925.0
2022,23288,海底世界(國語版),1306218.0
2022,23217,高原上的家屋,913820.0
2022,1691,地下社會,11902.0
2022,18745,鬼保母,575088.0
2022,20692,絕命第19排,659384.0
2022,19136,致命最前線,579831.0
2022,21173,逃出封鎖線,597859.0
2022,18792,心悸效應,575072.0
2022,22404,大尉叛逃記,818621.0
2022,22524,獵空計畫,818415.0
2022,20568,核爆車諾比,589761.0
2022,5643,鏡子,1396.0
2022,5666,潛行者,1398.0
2022,21155,月影歸途,987424.0
2022,21221,鬼雙胞,477462.0
2022,20414,反恐行動：獨立日,655302.0
2022,21380,當女孩戀愛時,683363.0
2022,21163,孵魔,517302.0
2022,21706,朵貝的愛情繪本,608232.0
2022,21536,不看鐵達尼號的男人,716855.0
2022,21528,拜金女王的性愛派對,881764.0
2022,21888,大獲拳勝,845875.0
2022,21365,永遠的一天,24858.0
2022,15103,燃燒女子的畫像,531428.0
2022,21920,蝙狐俠：英雄覺醒,746333.0
2022,19696,天才貓奴畫家,617762.0
2022,20184,黑盒線索,663260.0
2022,19894,鈦,630240.0
2022,21995,正發生,793998.0
2022,2813,藍色情挑 經典數位修復,108.0
2022,22349,死噬,955569.0
2022,2815,紅色情深 經典數位修復,110.0
2022,2814,白色情迷 經典數位修復,109.0
2022,20489,今敏：造夢魔術師,809488.0
2022,22243,小獅子王,892527.0
2022,20943,親愛的童伴,749004.0
2022,20873,友你才精彩,757999.0
2022,22183,拆彈倒數30分鐘,827887.0
2022,20530,艾菲爾情緣,655082.0
2022,21717,失業風暴,601188.0
2022,21514,一屍到底：法屍浪漫,852438.0
2022,20454,最後一件晚禮服的秘密,719463.0
2022,21863,就在今夜,895659.0
2022,3350,玩命光頭,826218.0
2022,20300,柏格曼的島,477044.0
2022,20485,巴黎夢想家,660000.0
2022,20364,天堂計劃,735726.0
2022,21046,失速母親,833417.0
2022,19858,密室譯戰,477018.0
2022,19952,尋子風暴,750253.0
2022,20399,我的神秘狼朋友,754067.0
2022,21866,春日小戀曲,712134.0
2022,21810,降臨節日曆,762079.0
2022,2224,雙面薇若妮卡 經典數位修復,1600.0
2022,21796,烈火少女（英文版）,778810.0
2022,21311,來自巴黎的情書,833428.0
2022,10963,全面開戰,485162.0
2022,4575,四百擊,147.0
2022,21824,一萬個叢林夜,695089.0
2022,21862,瑪歌皇后 數位修復版,10452.0
2022,22741,書情話慾,774343.0
2022,23265,有你就是家,914203.0
2022,6630,斷了氣,269.0
2022,21440,越界分身,659988.0
2022,20395,情慾告白,526811.0
2022,19093,破碎的琴鍵,712128.0
2022,20136,夏日之戀,1628.0
2022,19731,仰望星空的少年,712178.0
2022,20406,豪門媳婦日記,660955.0
2022,20963,藍色是最溫暖的顏色,152584.0
2022,20169,最後地下鐵,1716.0
2022,20124,喀布爾之燕,582881.0
2022,20862,屠女養成記,757341.0
2022,20177,幸福知音,809733.0
2022,23375,美好的早晨,747779.0
2022,20712,安妮詩快跑,781453.0
2022,22650,真實世界,664506.0
2022,4469,阿爾發城,8072.0
2022,22740,抓狂養老院,736500.0
2022,22173,她和她的小主廚們,845140.0
2022,22756,賴活,1626.0
2022,23386,男性，女性,4710.0
2022,20451,執愛不悔,594691.0
2022,21993,夜色中的她,810677.0
2022,20803,破膽三次,11298.0
2022,22901,索蘭琪的少女心事,749107.0
2022,21660,一路上有妳,589985.0
2022,20928,築愛巴黎,582886.0
2022,21360,塞瑟島之旅,47792.0
2022,21366,希臘二部曲：時光灰燼,51735.0
2022,21359,獵人,179890.0
2022,21362,霧中風景,47795.0
2022,19922,夢想裁縫師,764810.0
2022,20579,平行母親,766798.0
2022,20596,丟包大作戰,755437.0
2022,20289,瘋狂競賽片,668640.0
2022,19857,雙子謀殺案：白城之寂,542917.0
2022,23122,放牛班足球隊,954748.0
2022,23198,湯恩與劍客汪汪隊,768726.0
2022,22893,遺屍物,946706.0
2022,19205,蝸牛之家,772148.0
2022,18538,瀕臨崩潰邊緣的女人 經典數位修復,4203.0
2022,18469,慾望法則 經典數位修復,4043.0
2022,23188,梵天神器：滅世開端,496331.0
2022,21709,偉大的印度廚房,786064.0
2022,20903,天堂電影院,821494.0
2022,23338,鬼搖靈2：陰語陣陣,925786.0
2022,21307,娜娜：逝水年華,859933.0
2022,20652,懾影屍,655363.0
2022,20962,忌妒的藍圖,574078.0
2022,20191,天菜特警,792775.0
2022,20728,何處是我朋友的家？,49964.0
2022,21021,櫻桃的滋味 數位修復版,30020.0
2022,20804,橄欖樹下的情人,47104.0
2022,20758,生生長流,83761.0
2022,20632,我不是英雄,672208.0
2022,21032,風帶著我來 數位修復版,43423.0
2022,22196,贖罪風暴,669401.0
2022,20740,沉默呼聲,888602.0
2022,20201,麥特與麥斯,519141.0
2022,21838,未來犯罪,819876.0
2022,19092,親情解鎖,554761.0
2022,20386,他奶奶的變裝皇后,740963.0
2022,20683,藥命回憶,522406.0
2022,22307,怪胎英雄：奇克探險記,778855.0
2022,17368,鬼滅之刃劇場版 無限列車篇,635302.0
2022,20591,劇場版 咒術迴戰 0,810693.0
2022,21864,蠟筆小新：幽靈忍者珍風傳,955666.0
2022,13730,普羅米亞,553600.0
2022,19157,蠟筆小新：謎案！天下春日部學院的怪奇事件,795564.0
2022,23197,關於我轉生變成史萊姆這檔事劇場版 紅蓮之絆篇,876792.0
2022,21385,餘命10年,876797.0
2022,20610,神隱少女(日文版),129.0
2022,21718,角落小夥伴電影版：藍色月夜的魔法之子(日語版),877840.0
2022,9977,龍貓,8392.0
2022,23148,通往夏天的隧道，再見的出口,916192.0
2022,22194,七龍珠超：超級英雄(日文版),610150.0
2022,21625,電影哆啦A夢：大雄的宇宙小戰爭 2021(日語版),782054.0
2022,20279,在車上,758866.0
2022,22878,天空之城(日文版),10515.0
2022,22020,電影版 搖曳露營△ ,566466.0
2022,21973,劇場版 五等分的新娘,820067.0
2022,22962,即使，這份戀情今晚會從世上消失,977871.0
2022,22380,破案天才伽利略：沉默的遊行,956564.0
2022,20057,Fate/Grand Order -終局特異點 冠位時間神殿所羅門-,829920.0
2022,20264,名偵探柯南：大怪獸哥梅拉VS假面超人,925492.0
2022,19895,我讓最想被擁抱的男人給威脅了 劇場版～西班牙篇～,820530.0
2022,19687,偶然與想像,795811.0
2022,19766,假面飯店2：假面之夜 ,824202.0
2022,23463,灌籃高手 THE FIRST SLAM DUNK,783675.0
2022,22230,犬王,642538.0
2022,20535,電影版 昨日的美食,824362.0
2022,20355,讓我聽見愛的歌聲,741335.0
2022,20186,魔仿犯,808667.0
2022,22512,極速甩尾,983866.0
2022,20669,魔法水果籃 -前奏曲-,896499.0
2022,21237,牛首村,854006.0
2022,21941,北齋：浮世繪傳奇,698215.0
2022,21790,特『刀劍亂舞-花丸-』～雪之卷～,978039.0
2022,18774,花束般的戀愛,695932.0
2022,23249,天使降臨到我身邊！珍貴的朋友,966709.0
2022,22408,特『刀劍亂舞-花丸-』～華之卷～(第一周),1081641.0
2022,22167,特『刀劍亂舞-花丸-』～月之卷～,1081640.0
2022,20744,急急復雞雞,899743.0
2022,20684,尋人啟弒,874476.0
2022,19852,詛咒,264718.0
2022,20715,接棒家族,853731.0
2022,20631,燃燒的劍,726894.0
2022,22511,信用詐欺師JP：英雄篇,930432.0
2022,20229,電影 K-ON！輕音部,120811.0
2022,21058,輪到你了 劇場版 ,915295.0
2022,20541,那些得不到保護的人,794719.0
2022,22005,如月車站,959439.0
2022,21537,螢火蟲之墓,76826.0
2022,19264,鹿王,633844.0
2022,19896,超慄方殺陣,792678.0
2022,20993,漁港的肉子,781816.0
2022,14034,今天也要用便當出擊,514880.0
2022,21441,再見了，橡果兄弟！－奇蹟的暑假－,846993.0
2022,22197,萌男友是柑橘色,996499.0
2022,20520,夏日幽靈,798544.0
2022,21627,xxxHOLiC 次元魔女,901410.0
2022,20047,青春特調蜂蜜檸檬蘇打,853821.0
2022,21933,末日救世主,996666.0
2022,21710,婚顧女王,912632.0
2022,21929,七五計劃,958487.0
2022,9952,睡著也好醒來也罷,487850.0
2022,21589,怪獸死了怎麼辦,831920.0
2022,21707,太陽與波麗露,1037696.0
2022,20301,鳩的擊退法,844225.0
2022,22350,Ｎ号棟鬧鬼,938133.0
2022,22801,大逃殺 4K數位修復版,3176.0
2022,22431,春心萌動的老屋緣廊,963131.0
2022,23040,葬禮,42095.0
2022,23041,蒲公英,11830.0
2022,22228,河畔小日子,749927.0
2022,20918,決戰星期天,863857.0
2022,22474,流浪之月,849786.0
2022,18228,歡樂時光（上）,354759.0
2022,20529,垃圾頭,464768.0
2022,22961,天才狂歡派對：最終章,77248.0
2022,20552,魔神英雄傳 七魂的龍神丸 -再會-,1015361.0
2022,23384,TANG,804593.0
2022,22508,救救旱鴨子,956450.0
2022,18231,歡樂時光（下）,354759.0
2022,20125,電影版 狂賭之淵2：絕體絕命俄羅斯輪盤,742396.0
2022,23401,邪惡的孩子,958017.0
2022,20101,沒說出口的殺人告白,735409.0
2022,23187,還有愛的日子,927594.0
2022,23107,性徒,987573.0
2022,20983,鳶,794721.0
2022,23192,線，畫出的我,961266.0
2022,20919,第一人夫,756198.0
2022,20653,輝耀姬物語(日文版),149871.0
2022,21315,偷情連載中,810587.0
2022,20936,兒時的點點滴滴(日文版),15080.0
2022,21393,噪音,848298.0
2022,22503,調職令是警察樂隊！,961381.0
2022,20865,海岬的迷途之家,760758.0
2022,21020,平成狸合戰 (日文版),15283.0
2022,20295,月影,847335.0
2022,23264,魔幻時刻,46361.0
2022,20193,四季拉麵物語,809695.0
2022,22532,魚之子,952438.0
2022,20951,露草,954094.0
2022,19061,總編的復仇,744714.0
2022,22882,好想傳達你的聲音,461078.0
2022,22244,我想被高中女生殺死,960312.0
2022,18685,告白,54186.0
2022,22421,戀之光 ,993782.0
2022,22902,錯位的青春,810674.0
2022,22802,幽靜的山荷葉,859798.0
2022,22533,每天上班總是累得要死,890326.0
2022,20759,對某飛行員的追憶,93013.0
2022,20823,隔壁的山田君 (日文版),16198.0
2022,23262,鬼壓床了沒,130023.0
2022,20824,臥底型警FINAL,845611.0
2022,22881,通往異世界的便利店,995387.0
2022,20533,夢境診斷與恐怖體驗,1011873.0
2022,23222,有頂天大飯店,112903.0
2022,6711,東京物語,18148.0
2022,23218,愛情在車上,1003706.0
2022,20707,國士無雙,146126.0
2022,22738,天堂髮廊,782648.0
2022,23193,無法無天,598.0
2022,20729,漂浪人生,680813.0
2022,19269,月老,783740.0
2022,20646,咒,864370.0
2022,18190,聽見歌 再唱,793392.0
2022,20477,我吃了那男孩一整年的早餐,839294.0
2022,12489,五月天 人生無限公司,601434.0
2022,22531,流麻溝十五號,1005555.0
2022,19183,瀑布,852355.0
2022,20670,少年吔,943737.0
2022,21822,民雄鬼屋,931894.0
2022,20725,頭七,918035.0
2022,23355,想見你,804725.0
2022,20175,素還真,925725.0
2022,19357,美國女孩,878987.0
2022,22671,罪後真相,1007962.0
2022,20312,噩兆,917717.0
2022,22659,你在我心上,1025086.0
2022,21785,哈勇家,975812.0
2022,20921,少年吔，安啦！,205464.0
2022,19729,一杯熱奶茶的等待,876648.0
2022,22082,科學少女,957112.0
2022,20354,初戀慢半拍,933785.0
2022,19630,再說一次我願意,846517.0
2022,15629,男人與他的海,764425.0
2022,20817,我心我行,1006694.0
2022,21165,神人之家,937356.0
2022,21119,一家子兒咕咕叫,899460.0
2022,19319,青春弒戀,796155.0
2022,19608,該死的阿修羅,880156.0
2022,19065,魔法阿媽 4K數位修復版,232468.0
2022,19662,售命,942953.0
2022,10375,一家之主,769802.0
2022,22660,小藍,975575.0
2022,19402,鱷魚,860887.0
2022,20005,尋找神話之鳥,984997.0
2022,21915,他還年輕,1005979.0
2022,21233,台灣男子葉石濤,987422.0
2022,20531,野夏天,931885.0
2022,14496,不想一個人,890538.0
2022,17116,嗨！神獸,740823.0
2022,17799,愛別離苦,946267.0
2022,20643,青春換日線,939287.0
2022,19064,廢棄之城,767246.0
2022,18755,老鷹之手,891566.0
2022,20521,藏匿處,936286.0
2022,21174,孫行者傳,1026182.0
2022,21825,舞徑,1017006.0
2022,19320,沒有人該成為孤島,927480.0
2022,14720,期末考,810020.0
2022,20051,兜兜風,899387.0
2022,18424,徘徊年代,829584.0
2022,16508,逆者,868682.0
2022,19957,高山上的熱氣球,893252.0
2022,20805,再會啦  白宮,985569.0
2022,21080,教練,960450.0
2022,18306,詭祭,660001.0
2022,19987,願未央,816752.0
2022,19122,影子背後,1003994.0
2022,20920,給阿媽的一封信,874781.0
2022,20053,我記得,302528.0
2022,17487,修行,877246.0
2022,18796,文林銀行,900843.0
2022,22011,孫行者傳(國語版),1026182.0
2022,21748,KULO,1009987.0
2022,21200,夏日天空的那匹紅馬,814174.0
2022,21239,還孩子做自己,1153451.0
2022,21921,我永遠永遠永遠愛你,1009977.0
2022,22327,關於，半夜夢見林默娘乘著海湧把垃圾全丟進我的未來這件塑，好像是真的,1025309.0
2022,20922,有時 Mama，有時 Mimi,1009995.0
2022,23139,一起一起,1050665.0
2022,22475,稻浪上的夢想家,1200506.0
2022,21731,聖石傳說,24614.0
2022,19624,17歲的天空 4K數位修復版,27101.0
2022,21690,家家,975681.0
2022,22673,無邊,1032330.0
2022,22710,失序正義,1039769.0
2022,22448,不老騎士-歐兜邁環台日記,137686.0
2022,21171,勸世三姊妹：大銀幕特別版,1035872.0
2022,20375,格瑞特真相,798092.0
2022,23394,黑的教育,741329.0
2022,20867,幻日手記 ,900062.0
2022,21087,北將七,939939.0
2022,1585,奼紫嫣紅開遍,375281.0
2022,1394,西部來的人,316569.0
2022,1593,1918,74107.0
2022,20262,寶島大夢,484574.0
2022,18618,破輪胎,278445.0
2022,22759,我這樣過了一生,256133.0
2022,5511,香蕉天堂,262831.0
2022,502,風中家族,356701.0
2022,22215,紅柿子,262828.0
2022,20319,第一爐香,660002.0
2022,20054,藍宇,27062.0
2022,20986,你好，李煥英,758891.0
2022,21616,于堇：蘭心大劇院,497834.0
2022,22630,野馬分鬃,712164.0
2022,20396,奪冠,638032.0
2022,22926,四海,827689.0
2022,20154,郊區的鳥,537867.0
2022,23190,這個殺手不太冷靜,923192.0
2022,21423,李茂扮太子,903125.0
2022,16189,不丹是教室,627087.0
2022,11237,大象席地而坐,499556.0
2022,6215,少年,436792.0
2023,22707,仇恨謎林,919570.0
2023,13290,寄生上流,496243.0
2023,24516,犯罪都市3,955555.0
2023,25092,水泥烏托邦：末日浩劫,729854.0
2023,23589,BTS: YET TO COME IN CINEMAS,1063453.0
2023,26037,鬼車站,844386.0
2023,24714,貴公子,1057001.0
2023,25160,逃出寧靜海,753091.0
2023,26045,My SHINee World,1148154.0
2023,23615,火線交涉,606400.0
2023,26405,12.12：首爾之春,919207.0
2023,25311,贖命救援,581395.0
2023,25179,MAMAMOO：MY CON THE MOVIE,1137172.0
2023,25407,千萬別開門,813079.0
2023,23960,靈魂伴侶,617882.0
2023,26219,30日,1052433.0
2023,23796,8釐米：詛咒影帶,977155.0
2023,26381,鬼6怨,1168166.0
2023,25736,沒有國家的冠軍,581394.0
2023,25351,ASTRO,1357982.0
2023,26026,禍亂：地下秩序,1028684.0
2023,25638,附身,166271.0
2023,25024,神鬼海底撈,783110.0
2023,25803,詐騙女王,941045.0
2023,25588,雉岳山怪談,987540.0
2023,25322,保護者,656156.0
2023,23383,首爾怪談,957154.0
2023,26260,全羅道少年殺人事件,714651.0
2023,23486,紳探追緝令,848198.0
2023,25494,鬼夢遊,964592.0
2023,26353,水鬼,848145.0
2023,23587,幻影,715253.0
2023,24206,魯蛇大翻身,936243.0
2023,25710,極惡變身,952476.0
2023,24037,熊男,995063.0
2023,23786,超完美狗保姆,610249.0
2023,23856,闇黑對決,640327.0
2023,25829,誆世巨作：蜘蛛窩新宇宙,901121.0
2023,23586,大明星多重宇宙,773910.0
2023,18516,薄荷糖,41245.0
2023,23547,淘氣小企鵝啵樂樂 電影版：巨龍城堡大冒險(國語版),979688.0
2023,7777,原罪犯,670.0
2023,25425,新進社員：電影版,1106528.0
2023,23507,HERO,51550.0
2023,23882,WINNER 2022 CONCERT THE CIRCLE : THE MOVIE,1166425.0
2023,25212,絕對味覺情人,978202.0
2023,8031,親切的金子,4550.0
2023,24201,陰影下的她,923344.0
2023,16076,非常母親,30018.0
2023,25148,劇場版 衝鋒戰士：搶救月球大作戰,636283.0
2023,26496,電影版 淘氣小企鵝啵樂樂 超級明星大冒險(國語版),1189165.0
2023,8074,我要復仇,4689.0
2023,23508,對我而言，你是珍貴的,817485.0
2023,24639,SUGA: Road to D-DAY,1106732.0
2023,19240,緣起不滅,42190.0
2023,25242,花漾奶奶金難搞,956759.0
2023,24640,j-hope IN THE BOX,1076443.0
2023,23366,監弒器,831480.0
2023,25268,KANGDANIEL: MY PARADE,1156807.0
2023,24542,四層公寓,1002470.0
2023,25167,朝聖之路：一路平安,682109.0
2023,25361,闇黑新世界,165213.0
2023,25318,正義辯護人,242452.0
2023,23645,當男人戀愛時,797787.0
2023,24842,在水中,1077647.0
2023,24492,蝙蝠：血色情慾 數位修復版,22536.0
2023,24312,開心鬼上身,62439.0
2023,23474,巫師靈不靈！？,717908.0
2023,25592,7號房的禮物,637920.0
2023,25535,狼少年：不朽的愛,128246.0
2023,26212,我們從末日開始,973778.0
2023,26127,餓之必要,938250.0
2023,26208,夢想紅舞鞋,1075010.0
2023,23887,雙手的溫柔,958279.0
2023,18110,竊聽風暴,582.0
2023,24552,淨化論,910365.0
2023,25631,五月的35日,925341.0
2023,23511,拼音戀習曲,928709.0
2023,23825,蓋世棋蹟,748787.0
2023,25771,我的完美日常,976893.0
2023,25284,飛舞人生,842424.0
2023,24010,萊茵金,912726.0
2023,23489,沒有你的旅程,586813.0
2023,20204,陸上行舟,9343.0
2023,25305,愛在滿格時,1033176.0
2023,24951,腹荷,1061648.0
2023,24351,收陰機,1017063.0
2023,23727,配樂大師顏尼歐,396194.0
2023,18356,郵差,11010.0
2023,24638,回不去的那座山,803700.0
2023,24255,禁忌的畫像：卡拉瓦喬之影,693349.0
2023,24883,屍發現場,852758.0
2023,23487,若愛重來,743173.0
2023,25285,AI時代,1091360.0
2023,24927,絕美波麗露,795254.0
2023,25537,男人最壞女人最愛,1090024.0
2023,24107,惡靈地堡,794234.0
2023,23946,愛情停損點,794246.0
2023,23565,開羅謀殺案,788977.0
2023,25827,萬聖劫,1058078.0
2023,26481,巫術,1015936.0
2023,24729,尋愛小說家：海史密斯,915939.0
2023,15271,熱帶雨,584242.0
2023,24786,芽籠,1029178.0
2023,23721,巫母,782936.0
2023,23888,夏日悄悄話,916405.0
2023,23516,束縛,888321.0
2023,25163,愛爾瑪的情與慾,997777.0
2023,24417,厲嬰魂,1073449.0
2023,24074,涅槃咒,1057919.0
2023,25862,折翼姊妹,1030991.0
2023,24551,惡靈魔洛剋,959558.0
2023,24105,神鬼聖戰,296271.0
2023,24348,米蘭昆德拉：從玩笑到無謂的盛宴,835362.0
2023,23221,色界,993234.0
2023,26140,富都青年,1027982.0
2023,18318,南巫,759524.0
2023,25182,五月雪,973587.0
2023,24061,血忌,1015079.0
2023,25414,虎紋少女,1077693.0
2023,25359,尋父冒險記,1005141.0
2023,25990,戰場日記,1058616.0
2023,25630,戰火邊緣的青春,853084.0
2023,24311,邪厄,977177.0
2023,3142,鬼打牆,709631.0
2023,26441,送葬人,1113119.0
2023,24915,My Precious初戀,976125.0
2023,26126,日暮生死戀,1113085.0
2023,24833,鬼偶,1031388.0
2023,26022,凱蒂超殺女,842607.0
2023,23576,天生一對2 大電影：再續前緣,937753.0
2023,26501,情牽浮生戲,1076011.0
2023,24309,Anne的多重恐懼,952127.0
2023,25777,初戀你我他,977179.0
2023,24350,為你鍾琴,804868.0
2023,24840,我恨我自己,788734.0
2023,26471,金手指,823598.0
2023,24981,掃毒3：人在天涯,1093485.0
2023,23440,天龍八部之喬峰傳,990140.0
2023,23688,風再起時,531379.0
2023,26033,年少日記,957863.0
2023,23702,斷網,741602.0
2023,23635,毒舌大狀,990326.0
2023,24731,命案,969050.0
2023,26077,困獸,1172012.0
2023,23964,燈火闌珊,824742.0
2023,25150,暗殺風暴,902533.0
2023,23927,白日青春,1029168.0
2023,26234,白日之下,1099217.0
2023,23965,窄路微塵,957861.0
2023,23623,屍房菜,1002317.0
2023,23873,流水落花,1027944.0
2023,24595,死屍死時四十四,1005259.0
2023,23385,緣路山旮旯,898009.0
2023,26510,潛行,999056.0
2023,23679,十三門徒,1002318.0
2023,23439,投奔怒海,72445.0
2023,25984,釀魂,1147689.0
2023,26034,4拍4家族,1063554.0
2023,26397,夜校,1177518.0
2023,24916,失衡凶間之罪與殺,988900.0
2023,24106,絕地營救,882569.0
2023,25045,鬼手鬼手 請開口,1008042.0
2023,23548,日麗,965150.0
2023,16474,俘虜,11948.0
2023,23665,小熊維尼：血與蜜,980078.0
2023,25102,喵的詐騙集團(英文版),676710.0
2023,16906,教會,11416.0
2023,17878,惡水真相,560008.0
2023,16101,烈火情人,11012.0
2023,24717,小提琴天后慕特：愛樂一生,1104840.0
2023,15757,亨利五世（莎翁經典劇集）,261832.0
2023,15653,馴悍記（莎翁經典劇集）,953233.0
2023,24716,馬克白（莎翁經典劇集）,591538.0
2023,23207,傲慢與偏見（音樂劇）,4348.0
2023,23699,色局追兇,89455.0
2023,25773,少年Pi的奇幻漂流（英國國家劇院現場）,87827.0
2023,23885,杏仁與海馬,787791.0
2023,24062,危險療程,48231.0
2023,25046,卓別林與他的情人,10435.0
2023,24940,長路將盡,11889.0
2023,25188,無情荒地有琴天,46992.0
2023,25893,戴珍珠耳環的少女,3635.0
2023,26216,舞動人生,71.0
2023,26148,藍色的你,971699.0
2023,24734,慾望之翼,28468.0
2023,26361,奇愛博士,935.0
2023,24868,不可能的任務：致命清算 第一章,575264.0
2023,24337,玩命關頭 X,385687.0
2023,23924,超級瑪利歐兄弟電影版,502356.0
2023,23894,捍衛任務4,603692.0
2023,24917,奧本海默,872585.0
2023,24938,Barbie芭比,346698.0
2023,24532,變形金剛：萬獸崛起,667538.0
2023,24128,星際異攻隊3 ,447365.0
2023,24540,閃電俠,298618.0
2023,26399,水行俠 失落王國 ,572802.0
2023,24499,蜘蛛人：穿越新宇宙,569094.0
2023,24784,元素方城市(英文版),976573.0
2023,23736,龍與地下城：盜賊榮耀,493529.0
2023,26066,驚奇隊長 2 ,609681.0
2023,26269,旺卡(英文版),787699.0
2023,26218,飢餓遊戲：鳴鳥與游蛇之歌,695721.0
2023,25279,私刑教育3,926393.0
2023,24998,GT：跨界玩家,980489.0
2023,25278,鬼修女II,968051.0
2023,5887,小美人魚(數位2D版),447277.0
2023,24787,印第安納瓊斯：命運輪盤 ,335977.0
2023,25460,汪汪隊立大功：超級大電影（國語版）,893723.0
2023,23393,窒友梅根,536554.0
2023,26210,拿破崙 ,753342.0
2023,23564,玩命特攻：武演行動,739405.0
2023,25524,A.I.創世者,670292.0
2023,25090,藍甲蟲,565770.0
2023,23772,沙贊！眾神之怒,594767.0
2023,23590,迫降危機,646389.0
2023,25428,浴血任務4,299054.0
2023,25408,威尼斯魅影謀殺案,945729.0
2023,25536,奪魂鋸X,951491.0
2023,24857,陰兒房：鬼門陰深處,614479.0
2023,25816,花月殺手,466420.0
2023,26318,星願(英文版),45464.0
2023,616,怪物,1050035.0
2023,24064,鬼玩人：復活 ,713704.0
2023,25892,佛萊迪餐館之五夜驚魂,507089.0
2023,25060,幽靈公館,616747.0
2023,24097,梵蒂岡驅魔士,758323.0
2023,23399,超難搞先生,937278.0
2023,23889,AIR,507684.0
2023,23614,我的鯨魚老爸,785084.0
2023,24286,正宗巨齒鯊,890771.0
2023,25186,爆復,762430.0
2023,25429,自由之聲,678512.0
2023,25933,超危險保鑣,897087.0
2023,24866,珍愛硬起來,884605.0
2023,23517,巴比倫,615777.0
2023,24414,坎達哈行動,717930.0
2023,23855,65：恐怖行星,700391.0
2023,24416,鬼出櫃,532408.0
2023,25061,忍者龜：變種大亂鬥,614930.0
2023,25044,之前的我們,666277.0
2023,23959,吸血鬼特助：雷菲爾,649609.0
2023,16091,黑暗騎士,155.0
2023,23629,人肉搜索2：失蹤搜救,768362.0
2023,26241,魔髮精靈：樂團在一起 (國語版),901362.0
2023,23794,驚聲尖叫 6,934433.0
2023,24782,變身少女露比,1040148.0
2023,26278,無聲夜,891699.0
2023,24493,小行星城,747188.0
2023,26075,恐怖感恩劫,1071215.0
2023,25493,笨錢效應 ,792293.0
2023,24597,復仇狗聯盟,912908.0
2023,23588,敲敲門,631842.0
2023,23400,TÁR 塔爾,817758.0
2023,26513,法拉利,365620.0
2023,23426,劫婚大作戰,758009.0
2023,24496,催眠狙擊,536437.0
2023,22649,伊尼舍林的女妖,674324.0
2023,26229,下一球，勝利,621587.0
2023,26305,夢行者保羅,823482.0
2023,23613,熊蓋毒,804150.0
2023,24189,限時追捕,605886.0
2023,25800,親愛的大衛,609768.0
2023,24467,一個人的朝聖,844409.0
2023,23711,殺手迴戰,876969.0
2023,24870,電梯遊戲,1015303.0
2023,23536,法貝爾曼,804095.0
2023,24970,鬼郵輪：瑪麗皇后號,977013.0
2023,24046,寶可噩夢,798286.0
2023,25141,喜幹會,864168.0
2023,23651,鬼臥床,917007.0
2023,26192,五月的你，十二月的她,839369.0
2023,22709,愛．子,806368.0
2023,24637,義美超級爸,829051.0
2023,25985,新核能時代,1004685.0
2023,26267,沼澤王的女兒,798362.0
2023,25349,印咒：畢舍遮,1024773.0
2023,24252,追殺代理人,942199.0
2023,25340,地獄來的乘客,1030987.0
2023,26339,贖罪日之戰,899524.0
2023,23771,屍蹤天使,1043565.0
2023,23752,火線埋伏,1074034.0
2023,24259,上流謀殺案,989473.0
2023,23687,所有的美麗與血淚,1004663.0
2023,26038,劊樂時光,1113278.0
2023,23861,致蕾絲莉,823147.0
2023,23661,俠探特攻：驚爆獨立日,1035806.0
2023,22678,光影帝國,814757.0
2023,23947,深夜加油站遇見蘇格拉底,13689.0
2023,24034,穆荷蘭大道 4K數位修復版,1018.0
2023,25321,限時引爆,1156255.0
2023,25178,奪魂鋸,176.0
2023,24662,大愚樂家,553147.0
2023,23713,噩夢輓歌 4K數位修復版,641.0
2023,23787,鬼玩人 4K數位修復版,765.0
2023,25772,飢餓遊戲：自由幻夢 終結戰,131634.0
2023,23234,過去那五年（音樂劇）,769850.0
2023,25993,樹懶殺三小,1040892.0
2023,23437,日出日落：屋頂上的提琴手,927263.0
2023,23572,BILLIE EILISH: LIVE AT THE O2 （戲院加長版）,1058923.0
2023,23415,血仇生死鬥,894169.0
2023,26213,闇之祭,853387.0
2023,23797,愛瑪（音樂劇）,12254.0
2023,25729,飢餓遊戲：星火燎原,101299.0
2023,24881,我的左派老師,7859.0
2023,25086,與狼共舞,581.0
2023,24841,謎霧莊園,5279.0
2023,25187,我的藍莓夜,1989.0
2023,26324,壁花男孩,84892.0
2023,24661,飢餓遊戲,70160.0
2023,20138,驚爆點,1089.0
2023,25070,冰風暴,68924.0
2023,23892,捍衛任務,245891.0
2023,24377,非關男孩,245.0
2023,23652,珍愛熱線,579496.0
2023,24256,燃起希望之火,849242.0
2023,25040,雪后奇緣,898230.0
2023,24880,喵喵博物館(英文版),923579.0
2023,23704,胡桃鉗與魔笛公主的奇幻冒險(英文版),589759.0
2023,25344,德古拉的新娘 ,586352.0
2023,23838,公主與野獸,576925.0
2023,23462,柴可夫斯基的妻子,901358.0
2023,18826,革命前夕的摩托車日記,1653.0
2023,24253,鷹勇潛艦,611854.0
2023,26257,人犬,944401.0
2023,6210,艾蜜莉的異想世界,194.0
2023,23376,親密,11845.0
2023,24073,聖母院大火：世紀浩劫,811596.0
2023,25764,杜巴利伯爵夫人,921452.0
2023,23859,我的2年妓女生涯,960139.0
2023,24284,摘星甜點王,975762.0
2023,5183,花神咖啡館,85033.0
2023,17412,85年的夏天,659959.0
2023,23550,不離職冒險王,745608.0
2023,24095,燃燒的玫瑰,785980.0
2023,23837,再一次勇敢跳躍,771077.0
2023,23712,無人相信的真相,925714.0
2023,25828,進化症候群,943134.0
2023,7310,不思議女人,429191.0
2023,24117,豪門心計,786977.0
2023,23933,追兇12夜,925102.0
2023,25413,榮耀之路,958219.0
2023,15218,星星知我心,478860.0
2023,24522,烈火浩劫,944306.0
2023,25461,塞納河上的船屋,1070449.0
2023,23827,爛人,962543.0
2023,23420,玩具當家,865498.0
2023,25042,我和喵喵的冒險旅行  ,977337.0
2023,23945,聖奧梅爾殺嬰案,925943.0
2023,23872,小淘氣尼古拉：快樂的源頭,893366.0
2023,26368,青春 (春),200995.0
2023,23666,揮灑心篇章,960275.0
2023,25352,交響狂花,958179.0
2023,23857,聖蛛,889699.0
2023,24063,詭樓,852432.0
2023,23546,販愛天堂,892515.0
2023,23660,盲柳與沉睡的女人,678299.0
2023,26247,像高達一樣寂寞,1005409.0
2023,24573,她和他的女兒,803694.0
2023,25423,冬日男孩,918044.0
2023,23792,唐璜羅曼死,657198.0
2023,23493,回到首爾,952701.0
2023,26382,愛情轉移,898673.0
2023,22715,愛在生命終結時,843093.0
2023,25323,野獸們,848685.0
2023,25745,小嫉妒,803688.0
2023,25118,勇闖太空,881693.0
2023,23904,正年輕,848958.0
2023,23785,尋找第5味,788030.0
2023,26266,茱莉亞四重奏,892530.0
2023,24313,安妮艾諾 超八時光,964681.0
2023,23392,地下疑雲,925459.0
2023,23932,五個惡魔,820697.0
2023,24072,玫瑰母親,926889.0
2023,23285,西蒙娜：世紀之聲,740937.0
2023,25246,科西嘉的那個夏天 ,1000058.0
2023,7634,影子軍隊,15383.0
2023,25763, 小嫉妒,803688.0
2023,7635,沉默之海,40650.0
2023,24032,中國女人,1629.0
2023,19736,廣島之戀,5544.0
2023,24485,印度之歌,85927.0
2023,24486,長別離,131836.0
2023,23897,玫瑰母親,926889.0
2023,23957,戰爭開打之際,967874.0
2023,18751,四百擊,147.0
2023,18814,雙面薇若妮卡 經典數位修復,1600.0
2023,18815,紅色情深 經典數位修復,110.0
2023,18848,白色情迷 經典數位修復,109.0
2023,25591,幸福的所在,997659.0
2023,23858,駭人骨娃娃,1008005.0
2023,24498,驅魔13,1026563.0
2023,25130,24小時賭命倒數,1053587.0
2023,23754,桃子樹的最後豐收,804251.0
2023,26214,轉生幻夢,1077684.0
2023,16868,高跟鞋 經典數位修復,8222.0
2023,26092,與達利有約,1091044.0
2023,25101,換宿夜驚魂,1064801.0
2023,26349,荒漠斷背情,963765.0
2023,24213,神鬼第六感,1933.0
2023,24051,屍智症,994128.0
2023,24859,情慾獨角獸,1078920.0
2023,23560,驚獄77,913991.0
2023,23828,幸運狗狗來造訪,634120.0
2023,24494,永遠的好麻吉,872556.0
2023,26150,屍禁,1121962.0
2023,24260,鬼噤聲,1018518.0
2023,24867,神選之地,960206.0
2023,23354,片場風暴,1005299.0
2023,25177,德黑蘭雙面疑雲,1008043.0
2023,24497,這裡沒有熊,974521.0
2023,24515,三張面孔,517731.0
2023,24045,萊拉兄弟,962558.0
2023,23488,萬惡世代,782044.0
2023,23566,長春事件,949000.0
2023,24138,烈火焚身,46738.0
2023,25168,生命之舞,1128001.0
2023,23963,絕命控制,986088.0
2023,24349,飯捲男孩乖乖睡 ,1008038.0
2023,26377,童魘,9613.0
2023,23352,她和她們的電影課,866611.0
2023,23742,鈴芽之旅,916224.0
2023,25730,蒼鷺與少年(日文版) ,508883.0
2023,24939,新次元！蠟筆小新電影超能力大決戰～飛吧！手卷壽司～,1059572.0
2023,24925,電影哆啦A夢：大雄與天空的理想鄉,1030587.0
2023,23956,鏡之孤城,942881.0
2023,24544,BLUE GIANT 藍色巨星,887870.0
2023,16264,阿基拉,149.0
2023,24969,青春豬頭少年不會夢到嬌憐外出妹,1056803.0
2023,23473,新世紀福音戰士新劇場版：終,283566.0
2023,14011,青春豬頭少年不會夢到懷夢美少女,572154.0
2023,14811,HELLO WORLD,604605.0
2023,26383,青春豬頭少年不會夢到紅書包女孩,1086591.0
2023,24431,新．假面騎士,813477.0
2023,25895,數碼寶貝02 THE BEGINNING,872976.0
2023,23783,魔女宅急便(日語版),16859.0
2023,26122,電影版 勿說是推理,1064669.0
2023,24914,GRIDMAN UNIVERSE,915403.0
2023,25776,劇場版城市獵人：天使之淚,1056133.0
2023,24781,惡靈古堡：死亡島,1083862.0
2023,23638,僕愛君愛：致深愛妳的那個我,874745.0
2023,23948,美麗的他電影版,1064662.0
2023,23637,僕愛君愛：致我深愛的每個妳,874743.0
2023,8693,坂本龍一：終章,473888.0
2023,18297,令人討厭的松子的一生,31512.0
2023,24118,我的幸福婚約,1037348.0
2023,24575,SEE HEAR LOVE 看不見聽不見也愛你,1124341.0
2023,26242,歡迎來到駒田蒸餾所,1119211.0
2023,17242,感官世界,5879.0
2023,25398,岸邊露伴在羅浮,1069813.0
2023,25105,忌怪島,1114205.0
2023,25815,特別篇 吹響吧！上低音號～合奏團競賽篇～,1108306.0
2023,25029,電影版TOKYO MER：行動急診室,961256.0
2023,23935,月之圓缺,961257.0
2023,24308,金之國水之國,991190.0
2023,23663,愛是自私,1027273.0
2023,23962,假面騎士劇場版 Battle Royale,1002780.0
2023,24372,快一秒的他,1029475.0
2023,24317,湯道,1029486.0
2023,24033,百花,936490.0
2023,19242,東京復仇者,698201.0
2023,25117,來自雪國的遺書,1030205.0
2023,25267,GHOSTBOOK 妖怪圖鑑,961418.0
2023,23341,那個男人,869886.0
2023,25761,詭屋,22970.0
2023,24089,心之谷,37797.0
2023,25072,#人孔,1029621.0
2023,24835,暗湧情事,348869.0
2023,24715,SSSS. GRIDMAN 劇場總集篇,1068602.0
2023,26454,寬鬆世代又怎樣：INTERNATIONAL,1119114.0
2023,26478,窗邊的小荳荳,1106904.0
2023,24341,惠子不能輸,928730.0
2023,24212,貞子 DX,940417.0
2023,25320,斷捨離天堂,1129646.0
2023,24112,指尖上綻放的愛,819163.0
2023,24789,SSSS.DYNAZENON 劇場總集篇,1068607.0
2023,25039,銀河鐵道之父,1062844.0
2023,8749,幻之光,18872.0
2023,24050,厄林,961295.0
2023,24086,Fishmans,800151.0
2023,23224,舌尖上的禪,1024298.0
2023,23438,彬與瑛,961410.0
2023,23603,追海豚的長崎夏日,971602.0
2023,8878,無人知曉的夏日清晨,2517.0
2023,24468,名偵探神助理：黃金螺旋之謎,1029479.0
2023,23700,我們的黎明,950863.0
2023,25079,千輝同學未免甜得過火,1029484.0
2023,18637,天外者,746257.0
2023,26139,天一亮，就想見到你,1120459.0
2023,26279,花腐,1115167.0
2023,25317,黑夜遊行,1034660.0
2023,8873,橫山家之味,25050.0
2023,26398,銀河鐵道之夜,37585.0
2023,25632,名偵探麻里子最悲慘的一天,1017441.0
2023,25131,善良的牧本先生,961267.0
2023,25059,親密（前編）,11845.0
2023,26515,坂本龍一：OPUS,1156189.0
2023,24728,呼叫愛美子,828948.0
2023,23492,怪談比留子,38405.0
2023,25127,電影哆啦A夢：大雄與奇跡之島,160642.0
2023,25071,親密（後編）,11845.0
2023,24753,銀平町的電影時光,1064872.0
2023,24109,離不開你的依賴,1035647.0
2023,24876,謎樣的你,1076535.0
2023,25041,夏洛克的孩子們,1019661.0
2023,23145,她喜歡的是,804032.0
2023,25243,冰淇淋般的愛戀,1067298.0
2023,24514,渴水,968146.0
2023,25313,明天星期一,1040496.0
2023,25241,破案天才伽利略：嫌疑犯X的獻身,42341.0
2023,23602,霍爾的移動城堡,4935.0
2023,24834,百合的雨聲,994741.0
2023,23312,手,846716.0
2023,23235,夜鷹的單戀,879008.0
2023,24060,這就是我,57118.0
2023,24992,超市之女,81296.0
2023,25176,破案天才伽利略：真夏方程式,204702.0
2023,23123,艾莉絲旅館,872667.0
2023,24108,扶桑花女孩之舞,760765.0
2023,24993,女稅務員,42011.0
2023,23639,愛情失格,1009447.0
2023,24994,受監護的女人,164207.0
2023,23121,唱出戀愛的苦惱,969441.0
2023,25099,民暴之女,110283.0
2023,26193,託生君系列：很長很長的故事開始的早晨,1134409.0
2023,24418,六月之蛇,33431.0
2023,25100,女稅務員2,41962.0
2023,26492,魔法公主,128.0
2023,26545,崖上的波妞,12429.0
2023,26364,革命＋1,1026301.0
2023,25244,BE : the ONE,1159247.0
2023,24996,鴻運女,83183.0
2023,24995,大病人,83205.0
2023,23784,人體動物圖鑑：烏龜的殼其實是肋骨,1021860.0
2023,24999,狂琴畸戀,85032.0
2023,24094,愛情美樂地,962571.0
2023,24088,地中海發燒友,958291.0
2023,18107,醉好的時光,580175.0
2023,26121,壞教慾女孩,958234.0
2023,23535,關於我和鬼變成家人的那件事,983883.0
2023,24818,請問，還有哪裡需要加強,1016392.0
2023,25590,周處除三害,1046090.0
2023,25306,女鬼橋2：怨鬼樓,999087.0
2023,23843,做工的人電影版,1026559.0
2023,25116,我的麻吉4個鬼,993092.0
2023,24035,化劫,977209.0
2023,24066,速命道,1012267.0
2023,25994,BIG,1054087.0
2023,23506,詐團圓,1022862.0
2023,25586,惡女,1047003.0
2023,24014,疫起,1040284.0
2023,24663,查無此心,1006763.0
2023,14895,悲情城市,49982.0
2023,23671,本日公休,956288.0
2023,23408,山中森林,991898.0
2023,25063,老狐狸,1006012.0
2023,25149,我最愛的笨男人,1080494.0
2023,23926,車頂上的玄天上帝,996108.0
2023,16901,海霧,734732.0
2023,25422,小曉,1005996.0
2023,25222,他馬克老闆,1022108.0
2023,26076,赤心巔峰,1168337.0
2023,24370,南方，寂寞鐵道,1021768.0
2023,25335,成功補習班,1036397.0
2023,23831,我和我的賽車老爸,975810.0
2023,23961,青春並不溫柔,1006024.0
2023,24054,不能流淚的悲傷,1077310.0
2023,23795,守護黑面琵鷺,1084783.0
2023,24023,消失的紫斑蝶,1096018.0
2023,25818,撼山河 撼向世界,1168336.0
2023,23729,九槍,1029179.0
2023,18550,溟溟,1006683.0
2023,24239,我的天堂城市,1007976.0
2023,15447,日子,662400.0
2023,25334,邀阿公阿嬤拍B級殭屍片,1167792.0
2023,25728,少男少女,1088428.0
2023,24009,油麻菜籽,272122.0
2023,24053,空巢,975817.0
2023,25103,蘭陵40─演員實驗教室,1124911.0
2023,23611,機甲英雄 劇場版 我與我等於無限大(國語版),1170696.0
2023,24257,WOMEN 我們不知道的事,1121326.0
2023,26220,花若盛開,1209560.0
2023,25312,愛是一把槍,1155680.0
2023,21373,夢遊樂園,899464.0
2023,23835,炸彈客,1093453.0
2023,24036,擒慾女王,1125053.0
2023,24012,麻罪犯,1117283.0
2023,24011,獸刑,1153794.0
2023,24013,花開富貴,1130343.0
2023,24044,X,1165736.0
2023,24059,人之初性本善,1121017.0
2023,21839,動物感傷の清晨,937101.0
2023,13900,不散（4K修復版）,56616.0
2023,25737,穿著旗袍的女孩,1331693.0
2023,24214,妖怪森林,1177667.0
2023,23934,壞男孩,1007944.0
2023,25587,鑽石水族世界,1016255.0
2023,24752,小子,1008742.0
2023,12236,彩雲飛,438210.0
2023,12575,風兒踢踏踩,87953.0
2023,24277,龍馬精神,931102.0
2023,23465,一直一直都很喜歡你,1022830.0
2023,25213,海的盡頭是草原,1019619.0
2023,25415,峰爆,862855.0
2023,24221,熱帶往事,824738.0
2023,24132,古董局中局,820099.0
2023,16612,蘇州河,11599.0
2023,23886,炎日,682152.0
2023,26314,春風勁草,665733.0
2024,29157,再見了！茱莉亞,1111750.0
2024,26856,破墓,838209.0
2024,19169,薩滿,745881.0
2024,27237,犯罪都市4,1017163.0
2024,28309,SEVENTEEN TOUR 'FOLLOW' AGAIN TO CINEMAS,1317874.0
2024,28784,再見，福寶,1314450.0
2024,27809,亡命機劫,1147710.0
2024,28112,BLACKPINK WORLD TOUR [BORN PINK] IN CINEMAS,1307028.0
2024,28010,寂噤計畫,726139.0
2024,28349,變身機長,965094.0
2024,28533,JUNG KOOK: I AM STILL,1315707.0
2024,28477,aespa: MY First page,1229421.0
2024,27053,屍咒,1169340.0
2024,28164,絕地逃生,921436.0
2024,26696,外星+人2：回到未來,626412.0
2024,28929,辣手警探2,995926.0
2024,27722,超完美暗殺隊,865910.0
2024,29439,聽說,41531.0
2024,29715,IVE The 1st World Tour in Cinema,1361488.0
2024,27606,她死了,743815.0
2024,27933,找死凶宅,736720.0
2024,27222,神鬼對決,1007127.0
2024,29470,心葬,660355.0
2024,26661,金派特攻隊,696047.0
2024,29501,Baekhyun: Lonsdaleite [dot] in Cinemas,1375053.0
2024,27236,aespa: WORLD TOUR in Cinemas,1262209.0
2024,29630,窺鏡,936245.0
2024,26562,鬼媽媽的假期,661681.0
2024,14880,EYES ON ME : THE MOVIE,638483.0
2024,29235,在熙的男，朋友,1154154.0
2024,19640,攔截聲命線,644714.0
2024,27534,首爾單身日記,717088.0
2024,28506,邪體：鬼拼屠,987538.0
2024,27876,60分鐘亡命直播,838206.0
2024,26596,露梁：死亡之海,660360.0
2024,26776,日日好狗日,876127.0
2024,28918,TAEYONG: TY TRACK IN CINEMAS,1338226.0
2024,28490,警賊黑白衝,1063814.0
2024,28047,塔羅牌,1300157.0
2024,29099,非普通家族,973628.0
2024,26950,惡獸之戰,799710.0
2024,28638,當我的指尖觸碰到你的溫度時,1234114.0
2024,29007,幸福國度,783111.0
2024,29249,薩滿新娘,1314446.0
2024,28475,FIGHTING！女孩們,1091051.0
2024,28086,愛殺特攻隊,746349.0
2024,27417,惡鄰羅曼史,1005533.0
2024,19243,腦海中的橡皮擦,15859.0
2024,28270,那年夏天，想見妳,1117291.0
2024,26509,韓國都市恐怖怪談：詭手,717712.0
2024,29371,旅人所嚮,1146410.0
2024,29656,EPIK HIGH 20 THE MOVIE,1252163.0
2024,26618,美麗的聲音,40167.0
2024,29085,皇后復仇中,976581.0
2024,27070,超危險警探,978592.0
2024,26705,失控教室,998022.0
2024,27821,56種喝采,888768.0
2024,25861,野火蔓延時,900379.0
2024,26477,戰火下的小狐狸,936117.0
2024,26571,金髮毒藥,982202.0
2024,28526,飛鳥總動員,1061855.0
2024,26307,全面監視,951051.0
2024,17414,未來的我們,623184.0
2024,26427,巴赫曼-沙漠追愛之旅,978580.0
2024,26956,最後一次的生日派對,958186.0
2024,28987,惡夢偵相,772450.0
2024,27554,泯滅天使,29264.0
2024,28456,薩滿男孩,730256.0
2024,27233,如果我可以冬眠,986855.0
2024,26917,盜墓奇美拉,837335.0
2024,27360,如果可以再死一次,700819.0
2024,27229,少年的漂浪旅程,937746.0
2024,28179,我們還有明天,1026227.0
2024,27511,教宗家的小兒子,801112.0
2024,28212,流浪吉普賽,1023962.0
2024,26619,歡迎光臨黑手黨餐廳,838876.0
2024,26730,蓋世怪胎,571468.0
2024,26873,盛夏最溫暖的初戀,1043997.0
2024,26756,鬼影直播,1070535.0
2024,28674,生活瑣事,3423.0
2024,28158, 情慾出走的女人,998625.0
2024,28302,流氓驅魔師,1280832.0
2024,28219,小孩不笨3,1287250.0
2024,27047,錢不夠用3：全部夠用,1238576.0
2024,29155,罪惡對決,1027073.0
2024,26803,踹你死功夫,1050904.0
2024,28829,富豪遊戲,1078810.0
2024,28461,湄公河水鬼,1309123.0
2024,26817,鬼怨偶,1202618.0
2024,27030,再愛一次,1210973.0
2024,27836,鬼厄犬,1222274.0
2024,29718,鬼妹,906467.0
2024,29086,草迷宮恐怖殺人事件,1327383.0
2024,27989,血色之路,989589.0
2024,25081,人類之巔3,951048.0
2024,29011,靠近維梅爾,1090031.0
2024,26543,鬼聲泣,1134433.0
2024,27654,金孫爆富攻略,1103621.0
2024,29096,鬼聲泣2,1247019.0
2024,28569,屍控戰場,1244361.0
2024,28280,跳越時空的愛戀,1167366.0
2024,27521,屍油降,1241429.0
2024,27372,鬼妻塚,1181045.0
2024,26990,鬼面女,1102510.0
2024,28279,猛鬼大學：邪無止禁,1226170.0
2024,29717,死命必達,1288175.0
2024,29428,鬼碟仙,1322616.0
2024,26631,邪妓,1100705.0
2024,28301,哈囉！萌鬼屋,1257388.0
2024,28647,鬼禁地,1143959.0
2024,26647,他的最後一個朋友,1093215.0
2024,29610,404宿靈速速逃,1290213.0
2024,28269,暹羅詛咒,1113142.0
2024,27736,分期付款愛上你,1052160.0
2024,29063,荊棘天堂,1290206.0
2024,18137,鬼影,17111.0
2024,28508,惡業,1224589.0
2024,27108,屍控大賣場,1072493.0
2024,28485,可恨的初戀！,1072582.0
2024,26752,唐人街恰恰,1113071.0
2024,28082,荒野心家園,1208994.0
2024,27645,催眠,68477.0
2024,27383,九龍城寨之圍城,923667.0
2024,29429,破·地獄,1226141.0
2024,26612,臨時劫案,991197.0
2024,29635,誤判,1128650.0
2024,27822,海關戰線,989909.0
2024,27002,但願人長久,942074.0
2024,26743,七月返歸,1063863.0
2024,23519,2046 4K數位修復版,844.0
2024,29012,我談的那場戀愛,1136690.0
2024,28167,怨泊,1050491.0
2024,26919,白晝如焚,993156.0
2024,28509,武替道,1095805.0
2024,17126,幻愛,674813.0
2024,19986,濁水漂流,740467.0
2024,26567,爆裂點,1020784.0
2024,26761,飯戲攻心2,1187970.0
2024,26893,填詞L,998137.0
2024,26762,不是你不愛你,1184505.0
2024,26690,詩,1098275.0
2024,29466,從今以後,1157680.0
2024,26614,源生罪,991193.0
2024,18620,春光乍洩  4K數位修復版,18329.0
2024,29672,爸爸,1178574.0
2024,27484,來世還作人,1117166.0
2024,27506,全個世界都有電話,1100901.0
2024,18456,父親,600354.0
2024,26779,夢想集中營,467244.0
2024,27764,逃出狂鯊島,804616.0
2024,2858,巴黎，德州,655.0
2024,28176,九命貓的奇幻旅程,567811.0
2024,28213,森之聲：猩火燎原,785429.0
2024,27512,失速芭蕾,714675.0
2024,27446,嗜殺路人甲,1010600.0
2024,27437,小熊維尼2：噬血維尼,1079485.0
2024,27820,鳥,571.0
2024,27813,黑水巷,1215918.0
2024,26804,老橡樹酒館,970348.0
2024,28745,布勒合唱團：直到盡頭 ,1274238.0
2024,26885,邪厄恩典,879689.0
2024,26750,老鬼當家 ,269509.0
2024,28917,布勒合唱團：溫布利球場演唱會,1274237.0
2024,27951,激情年代（英國國家劇院現場）,20539.0
2024,28108,天生女王,896639.0
2024,26320,怪胎女孩,935906.0
2024,28828,地獄灰姑娘,1130053.0
2024,29574,Laufey's A Night at the Symphony: Hollywood Bowl,1375774.0
2024,26932,非關性愛,1075175.0
2024,27786,忙愛不如盲婚,800301.0
2024,26881,尋找小津,76406.0
2024,18040,法蘭克,171372.0
2024,27655,腦筋急轉彎2 ,1022789.0
2024,14082,小丑,475557.0
2024,28065,死侍與金鋼狼,533535.0
2024,26768,沙丘：第二部,693134.0
2024,27834,神偷奶爸 4,519182.0
2024,28977,猛毒最終章：最後一舞,912649.0
2024,28195,異形：羅穆路斯,945961.0
2024,29376,海洋奇緣2,1241982.0
2024,27384,猩球崛起：王國誕生,653346.0
2024,27947,龍捲風暴,718821.0
2024,27607,絕地戰警：生死與共,573435.0
2024,28565,小丑：雙重瘋狂 ,889737.0
2024,29206,神鬼戰士 2,558449.0
2024,26581,蜂刑者,866398.0
2024,27481,芙莉歐莎：瘋狂麥斯傳奇篇章,786892.0
2024,27870,噤界：入侵日,762441.0
2024,28528,荒野機器人,1184918.0
2024,29401,魔法壞女巫,402431.0
2024,26243,可憐的東西,792307.0
2024,29094,紅色一號,845781.0
2024,29594,獅子王：木法沙,762509.0
2024,17104,星際效應,157336.0
2024,26968,功夫熊貓 4,1011985.0
2024,28404,台北追緝令,1167271.0
2024,27163,特技玩家,746036.0
2024,28393,變形金剛：源起,698687.0
2024,28877,懼裂,933260.0
2024,27343,帝國浩劫：美國內戰,929590.0
2024,26738,蜘蛛夫人,634492.0
2024,26338,飛鴨向前衝,940551.0
2024,27490,加菲貓：農場大冒險,748783.0
2024,29584,獵人克萊文,539972.0
2024,28109,圈套,1032823.0
2024,28390,陰間大法師 BEETLEJUICE,917496.0
2024,27952,長腿,1226578.0
2024,26759,天眼救援,969492.0
2024,28892,微笑 2,1100782.0
2024,27387,幻幻之交,639720.0
2024,29633,音速小子 3,939243.0
2024,26940,魔鬼剋星：冰天凍地,967847.0
2024,27045,非紳士特攻隊,799583.0
2024,26842,極限長征,618588.0
2024,27914,邪惡勿語,1114513.0
2024,29087,隔壁的房間,1088514.0
2024,26989,天魔：惡之初,437342.0
2024,26565,愛愛愛上你,1072790.0
2024,26959,鬼聖胎,1041613.0
2024,26926,伏慄熊,1125311.0
2024,27155,窒命危機,720321.0
2024,28198,邊緣禁地,365177.0
2024,28403,龍族戰神：重生,957452.0
2024,27153,噬血芭蕾,1111873.0
2024,27625,窺探者,1086747.0
2024,27877,飛月情海,956842.0
2024,29083,劊樂小丑3,1034541.0
2024,29513,異教詭屋,1138194.0
2024,29526,魔戒：洛汗人之戰,839033.0
2024,28197,到我們為止,1079091.0
2024,27623,當殺手戀愛時,974635.0
2024,28839,鬼袋人,978796.0
2024,27173,挑戰者,937287.0
2024,28233,求救眨眨眼,840705.0
2024,26508,叛諜檔案,927107.0
2024,28782,地獄怪客：歪曲人的詛咒,1087822.0
2024,26716,青春養成記,508947.0
2024,28738,千萬別放手,814889.0
2024,27810,救援生死線,628922.0
2024,29082,艾諾拉,1064213.0
2024,27114,怒火狂猴,560016.0
2024,26775,滯留生,840430.0
2024,27447,滅世男孩,882059.0
2024,28534,超完美家政婦,1064028.0
2024,27522,失憶殺神,972614.0
2024,28654,孤狼救援,5492.0
2024,26624,一個人的逃亡,944194.0
2024,27172,蜘蛛驚,1087388.0
2024,28455,羅素克洛之大法師,646683.0
2024,26796,雷鬼之父：音樂無國界,802219.0
2024,29188,驚爆封鎖線,1081012.0
2024,28551,逃出搶錢鎮,974250.0
2024,17496,愛在黎明破曉時,76.0
2024,17486,愛在日落巴黎時,80.0
2024,26836,天使之心,975056.0
2024,27946,不羈騎士,1008409.0
2024,26625,貓王與我,1020006.0
2024,28083,熊貓大冒險 ,676685.0
2024,26805,師情化慾,1026436.0
2024,28527,樂一通大戰外星人：粉紅末日,870360.0
2024,28827,太陽王與人魚：新帝國,245842.0
2024,26958,彼岸的真相,1162322.0
2024,29166,劊樂小丑2,663712.0
2024,27840,白南準：月亮是最古早的電視,916738.0
2024,28214,狸太怨,1019939.0
2024,27001,瓊拜雅：三重人格,1075815.0
2024,27785,超級殺,1165466.0
2024,28783,來自地獄的邪靈,913673.0
2024,29065,劊樂小丑,420634.0
2024,28761,霸愛之路,1000780.0
2024,26554,醉鄉民謠,86829.0
2024,26777,紀伯倫哈利勒：先知,283161.0
2024,29619,靈魂的重量,470.0
2024,22118,以你的名字呼喚我,398818.0
2024,29250,死亡日記,1443.0
2024,28626,末世生存者,1051896.0
2024,28878,全力揮擊,1079810.0
2024,27769,鬼氣球,1246014.0
2024,28639,靈寓,1219522.0
2024,26387,我不是教你詐,1137196.0
2024,27932,末日倒數12小時,864101.0
2024,28177,狗狗歌劇院(中配版),1112357.0
2024,26384,阿爾及爾的末代王后,958161.0
2024,26760,鬼燭靈,1211728.0
2024,27944,農民：愛慾情謎,734002.0
2024,26691,上流誘惑,1048516.0
2024,27046,禁忌之慾,1017066.0
2024,28669,真愛未了情,12652.0
2024,27558,中產階級拘謹的魅力,4593.0
2024,28671,熟男不疑惑,42454.0
2024,28673,當警探戀愛時,3427.0
2024,27559,自由的幻影,5558.0
2024,27556,青樓怨婦,649.0
2024,27560,朦朧的慾望,5781.0
2024,26430,再見機器人,838240.0
2024,26686,墜惡真相,915935.0
2024,26656,火上鍋,964960.0
2024,29527,艾曼紐2024,976576.0
2024,26941,瑪格麗特戀習題,960033.0
2024,28501,超時空愛殺,914206.0
2024,18268,我愛你，你愛她，她愛他,661935.0
2024,27964,時髦女子,995746.0
2024,27483,宮殿大飯店,824016.0
2024,27492,再見哥雅：卡葉爾與布紐爾的最後巡禮 ,970398.0
2024,26692,給我個機會,995408.0
2024,26967,日安，朵朵,1004555.0
2024,27643,萬事通大全,888003.0
2024,26351,逆轉廢材人生,965791.0
2024,29427,絕命樂透彩,1216452.0
2024,27949,巴黎頌紐約情,1004840.0
2024,28503,歡迎菜老師,934506.0
2024,28310,鄰家密友,961082.0
2024,26957,愛離巢,989238.0
2024,29189,噠噠噠達利,1045770.0
2024,27463,日落喜劇,995808.0
2024,26669,戰地琴人,423.0
2024,26317,魔籽公主,970867.0
2024,18898,藍色情挑 經典數位修復,108.0
2024,21399,安達魯之犬,626.0
2024,19204,花神咖啡館,85033.0
2024,27156,大發明家,676727.0
2024,29484,戰火浮生錄,37335.0
2024,29481,男歡女愛,42726.0
2024,24254,不思議女人,429191.0
2024,27770,承諾大海的老師,1024541.0
2024,29605,安眠殺機,1235926.0
2024,18169,我的母親 經典數位修復,99.0
2024,26149,雙眼之間,997294.0
2024,29064,地下終劫站,1276210.0
2024,26794,兩萬種蜜蜂,1053600.0
2024,16947,悄悄告訴她 經典數位修復,64.0
2024,16808,玩美女人 經典數位修復,219.0
2024,28045,她們的盛夏微愛,1088851.0
2024,18305,顫抖的慾望 經典數位修復,267.0
2024,16990,破碎的擁抱 經典數位修復,8088.0
2024,29372,你是我眼中的那道光,927547.0
2024,27547,鬼舞村：詛咒起源,1176166.0
2024,27495,鬼咧號,1128936.0
2024,28653,薇娜：死後七日,1148817.0
2024,27997,血繼,1264429.0
2024,27235,全境炸裂,1126128.0
2024,26431,網紅教慾,987419.0
2024,29238,我最喜歡的蛋糕,1234591.0
2024,27647,人道主義吸血鬼徵求自願獻身者,988402.0
2024,26763,親愛的愛莉絲,850028.0
2024,27485,愛情本性論,912520.0
2024,27735,紅色房間,912480.0
2024,26147,無法融化的祕密,923387.0
2024,27891,魔女荷莉,989496.0
2024,27158,給我愛過的前任們,989232.0
2024,27007,劇場版 排球少年!! 垃圾場的決戰,1012201.0
2024,28240,電影蠟筆小新：我們的恐龍日記,1221404.0
2024,28046,驀然回首,1244492.0
2024,27950,電影哆啦A夢：大雄的地球交響樂,1148677.0
2024,27959,劇場版 藍色監獄 -EPISODE 凪-,1104844.0
2024,27054,機動戰士鋼彈 SEED FREEDOM,1146972.0
2024,26666,鬼太郎誕生：咯咯咯之謎,904759.0
2024,27600,角落小夥伴電影版：奇幻的玩具工廠,1148588.0
2024,29645,LAST MILE：全面引爆,1276108.0
2024,26553,去唱卡拉OK吧！,1070507.0
2024,28087,劇場版 賽馬娘Pretty Derby：新時代之門,1223178.0
2024,29592,我獨自升級：二次覺醒,1357633.0
2024,27965,劇場總集篇 孤獨搖滾！Re:,1129610.0
2024,27157,貓的報恩(日文版),15370.0
2024,17498,GIVEN~被贈與的未來 劇場版,632632.0
2024,3033,情書,47002.0
2024,27667,秒速5公分,38142.0
2024,28111,四月，她將到來。,1120846.0
2024,26630,少女與戰車 劇場版,357405.0
2024,28637,成為星星的少女,1216623.0
2024,28777,陰陽師0,1201210.0
2024,28392,詭異之家,1188456.0
2024,26552,邪惡根本不存在,1156125.0
2024,28063,言葉之庭,198375.0
2024,27301,完美配對謀殺案,1044555.0
2024,25991,北極百貨的秋乃小姐,1117609.0
2024,26778,怪物樵夫,1137142.0
2024,29517,消失的豪門妻,1276849.0
2024,29390,沙奈：詛咒之歌,1130899.0
2024,28476,我心裡的太陽,1267822.0
2024,28159,派對咖孔明 Road to Summer Sonia,1211650.0
2024,19510,心靈遊戲,21712.0
2024,28753,藍色時期,1268198.0
2024,27812,雲之彼端，約定的地方,12924.0
2024,27648,異國日記,1163269.0
2024,27666,在大雪封閉的山莊裡,1231785.0
2024,27375,Silent Love,261124.0
2024,28778,黑箱日記,1214499.0
2024,27491,鴉色刑事組電影版,1025301.0
2024,27159,假面騎士555 20th 復活的天堂,1122715.0
2024,27379,長夜盡頭的微光,1086011.0
2024,27811,追逐繁星的孩子,79707.0
2024,26579,法庭遊戲,1101181.0
2024,27014,搬家 4K數位修復版,1264344.0
2024,26949,孤島診療所2022,1019421.0
2024,29052,雨中的慾情,1283793.0
2024,27646,星之聲,37910.0
2024,28231,老師的善意謊言,1273597.0
2024,27523,春畫先生,1188019.0
2024,29516,赤羽骨子的秘密保鑣,1302106.0
2024,28493,我的一夜騎士,1152908.0
2024,26580,愛在閃電下,1140221.0
2024,27445,波紋,1062910.0
2024,6308,失樂園,68606.0
2024,28356,自白,1229076.0
2024,27665,在那開滿花的山丘，我想見到妳,1153325.0
2024,28552,仇雲殺機,1244244.0
2024,28504,三日月和貓,1293338.0
2024,27414,BLOODY ESCAPE：地獄的逃走劇,1103432.0
2024,28894,巡演轉學生,1212497.0
2024,28484,日本人的養成,1186850.0
2024,26426,日安，我的母親,1101734.0
2024,28435,來生再見未名的我們,1094482.0
2024,28166,不朽之櫻,1276633.0
2024,26960,冰室蓮司：日本統一 台灣篇,1254532.0
2024,26388,月,1145026.0
2024,26448,風之谷,81.0
2024,26648,"Fukuyama Masaharu Live Film Kotodama no Sakiwau Natsu ""Boy Meets The Music"" @Nippon Budokan 2023",1210309.0
2024,28178,最後一擊,921.0
2024,29057,黑之牛,1167863.0
2024,18764,群青戰記,726657.0
2024,29389,福田村事件,1155235.0
2024,25992,我家的故事,1015464.0
2024,28655,難言之隱,1255316.0
2024,29514,八犬傳,1276242.0
2024,29237,惡靈怪談,1265800.0
2024,27435,那日清晨真令人感到空虛,1072742.0
2024,28098,不死戀人,1240834.0
2024,26845,OUT,1352548.0
2024,26514,紅豬,11621.0
2024,26606,情慾的界線,1002535.0
2024,29653,劇場版「進擊的巨人」完結篇THE LAST ATTACK,1333100.0
2024,28410,我變笨了，請多多指教：媽媽 歡迎回來,969784.0
2024,28099,大室家-親愛的朋友,1211716.0
2024,28532,從水深0米開始,1250407.0
2024,26645,鐵道員,68837.0
2024,27120,電影版 吹響吧！上低音號～莉茲與青鳥～,482150.0
2024,22797,殺人結業弒,890526.0
2024,26880,自戀男神,1078280.0
2024,29441,納米比亞沙漠直播中,1275240.0
2024,26617,不完美的愛情革命,478376.0
2024,27029,東京公園,202885.0
2024,25649,宛如阿修羅,110852.0
2024,25444,其後,118785.0
2024,25672,家族遊戲,117129.0
2024,25445,廚房,966238.0
2024,27978,如此這般,253235.0
2024,25651,未來的回憶,501657.0
2024,27982,藍色假期,1278652.0
2024,27500,花芯蕩漾,1126361.0
2024,27151,偶慾,1009087.0
2024,27382,慾望的盡頭,1074174.0
2024,27327,背德迷情,1032767.0
2024,27028,蜜鑰,1009082.0
2024,27913,荒蕪之地．應許之心,980026.0
2024,27109,蘇維埃巴士站,1031050.0
2024,26884,自由協議,1085218.0
2024,27180,短句之國,1079202.0
2024,27436,托芙的房間,1108450.0
2024,26751,青春18×2 通往有你的旅程,1188258.0
2024,26439,鬼才之道,1006724.0
2024,26635,還錢,1166073.0
2024,28090,夏日的檸檬草,1261250.0
2024,26664,鬼天廈,926188.0
2024,28395,乒乓男孩,1027588.0
2024,24718,破浪男女,1029244.0
2024,25424,鬼們之蝴蝶大廈,1102857.0
2024,27925,嘎啦,1270769.0
2024,27723,我想和你在一起,1283068.0
2024,29111,台灣超人,1377013.0
2024,26546,莎莉,1007980.0
2024,27879,愛的噩夢,1078374.0
2024,27462,愛情城事,996871.0
2024,28748,餘燼,1162931.0
2024,27567,小雁與吳愛麗,1084740.0
2024,27121,我在這裡等你,1214266.0
2024,29379,鳳姐,1015623.0
2024,28636,愛子歸來,937855.0
2024,28405,種土,1088709.0
2024,27100,女兒的女兒,1006732.0
2024,27644,千禧曼波,11553.0
2024,26795,尋找湯德章,1236428.0
2024,26788,看到靈魂的那隻眼 師公,1248407.0
2024,25522,春行,1083971.0
2024,29611,交換禮物,1395259.0
2024,27175,我父英風,1297616.0
2024,28830,默殺：無聲之地,1019828.0
2024,28088,為我辦一場西式的喪禮,1235022.0
2024,28200,OZONE 青春冒險,1318638.0
2024,27961,導演你有病,1226599.0
2024,27017,雪水消融的季節,1255586.0
2024,27443,阿姨，上學囉！,1308707.0
2024,27340,環南時候,1085574.0
2024,28097,優雅的相遇,1239035.0
2024,29502,非想非非想,1341782.0
2024,28311,念念眷村：文學裡的眷村故事,1311577.0
2024,28363,默視錄,948184.0
2024,27660,客人主人,1305515.0
2024,28070,滿七,1239038.0
2024,26594,她說,1233209.0
2024,26872,以愛之茗,662402.0
2024,22894,一一,25538.0
2024,29573,KANO,256930.0
2024,27415,睏寐之際,1006739.0
2024,16356,恐怖份子,78450.0
2024,27992,誰殺了比利比莉,1149096.0
2024,26479,魅舞,1223386.0
2024,28611,傷痕-老兵的故事,1401562.0
2024,23701,明天比昨天長久,1006664.0
2024,27179,台北十日,1330874.0
2024,28736,由島至島（上）,1247973.0
2024,28241,戀戀風塵（數位修復版）,45996.0
2024,28890,曦曦,1265692.0
2024,28242,恐怖份子（數位修復版）,78450.0
2024,15719,悲情城市,49982.0
2024,27873,刺心切骨,940247.0
2024,26780,金門,1203439.0
2024,27203,由島至島,1247973.0
2024,28780,危機航線,949709.0
2024,26560,怒潮,950019.0
2024,29598,一部未完成的電影,878607.0
2024,26707,莫斯科行動,783121.0
2024,26650,石門,957996.0
2024,27945,前途海量,1290839.0
2024,26568,消失的她,1108211.0
2024,26555,拯救嫌疑人,1155257.0
2024,26742,沉默筆錄,1181642.0
2024,6091,笨鳥,438030.0
2024,27234,不丹沒有槍,1109237.0
2024,28207,十字路口的豬,1287986.0
2024,27438,遠方 數位修復版,1267665.0
2024,28411,雪中真相,1008393.0
2025,29736,真的好想贏1場,714650.0
2025,28964,第一聖拳,1208997.0
2025,29716,狂人法則,1182047.0
2025,29400,魔法小紅書,1333099.0
2025,29702,殘夏,812037.0
2025,29764,誘見巴黎最後探戈,971968.0
2025,29757,鬼診所,1164355.0
2025,29524,香巴拉,1234593.0
2025,29669,PUI PUI 天竺鼠車車 電影版 MOLMAX ,1235424.0
2025,28165,祝你們幸福,1136558.0
2025,29623,我生活的兩個世界,1216443.0
2025,29763,工作細胞,1303162.0
2025,29755,劇場版 忍者亂太郎 毒竹忍者隊最強之軍師,1279788.0
2025,29165,漂亮朋友,1234779.0
2025,29122,春風沉醉的夜晚,117646.0
2025,29767,來福大酒店,1241476.0
2025,19250,東北虎,612696.0
2025,29795,浮城謎事,103875.0
2025,8011,輕鬆+愉快,428481.0
