,id,imdb_id,title,release_date,budget,revenue
0,626872,tt11535228,緊急迫降,2022-08-03,18052672,19200000
1,736820,tt21867370,機密同盟2,2022-09-07,0,0
2,774548,tt17494686,音爆浩劫,2022-11-16,8500000,6843970
3,821153,tt21800888,樂透大作戰,2022-08-24,0,0
4,615173,tt13721828,魔女二部曲：另一個她,2022-06-15,0,23068596
5,736732,tt13056052,嬰兒轉運站,2022-06-08,0,18632208
6,619803,tt15838850,犯罪都市2,2022-05-18,7600000,101166707
7,601796,tt20168564,外星+人,2022-07-20,24500000,12109608
8,799379,tt15575470,行動代號：狼狩獵,2022-09-21,9000000,20541
9,727340,tt6931658,獵首密令,2022-08-10,17000000,25994
10,993885,tt22191360,語意錯誤電影版,2022-08-31,0,600108
11,705996,tt12477480,分手的決心,2022-06-29,0,16914773
12,606403,tt16529222,極速快遞,2022-01-12,0,0
13,634595,tt13182834,局中局,2022-10-26,6244195,0
14,946615,tt19383926,세븐틴 파워 오브 러브 : 더 무비,2022-04-28,0,0
15,633374,tt21279122,厄憶追凶,2022-10-26,0,0
16,629028,tt14140954,金派特務,2021-02-17,0,0
17,588108,tt21109538,韓山島海戰,2022-07-27,0,57490985
18,806128,tt23871504,晝盲神探,2022-11-23,0,0
19,1038198,tt23849218,엔시티 드림 더 무비: 인 어 드림,2022-11-30,0,0
20,717090,tt23157348,整形帝王,2022-11-30,0,0
21,877260,tt21263500,邪門,2022-07-13,0,462593
22,938008,tt19713090,非常殺手,2022-07-13,0,595112
23,602295,tt15108954,獵魂者,2021-10-17,0,0
24,491584,tt7282468,燃燒烈愛,2018-05-17,7280000,6591038
25,821661,tt16755970,緣來大飯店,2021-12-29,0,1906786
26,882580,tt23746764,失控正義,2022-12-07,0,0
27,962489,tt22872370,共感頻率,2022-11-16,0,0
28,610321,tt16676718,無間對決,2022-01-05,0,0
29,616670,tt13236270,人生真美麗,2022-09-28,0,0
30,718289,tt21632892,界限,2022-08-31,0,0
31,731684,tt19849514,空氣殺人,2022-04-22,0,0
32,795276,tt22048600,政客誠實中2,2022-09-28,0,0
33,628802,tt12663772,奇怪的數學家,2022-03-18,0,0
34,630217,tt19632878,超跑斯特拉,2022-04-06,0,0
35,626129,tt19245482,死亡預報,2022-04-20,0,1300000
36,573787,tt17491616,王者製造,2022-01-26,0,6019720
37,958937,tt5213138,花路阿朱媽,2022-10-27,0,0
38,743814,tt18372308,為人民服務,2022-02-23,0,0
39,817557,tt23813502,笑子當老大,2022-10-05,0,0
40,581390,tt14371900,茲山魚譜,2021-03-31,0,0
41,840528,tt27553313,亡命陷阱,2021-07-09,0,0
42,795797,tt14035108,引言,2021-05-27,0,0
43,817480,,春川神秘中邪事件,2021-10-07,0,0
44,589713,tt14425000,無人之境,2021-03-31,0,0
45,820517,tt14776918,在你面前,2021-10-21,0,0
46,928713,tt17146978,小說家電影,2022-04-21,71560,382227
47,743475,tt13705634,阿爸休假中,2021-10-21,0,0
48,934207,tt9602472,閨蜜大狂殺,2022-11-03,0,0
49,889507,tt15575176,花果飄零,2021-11-11,0,0
50,575764,tt14773800,聽見心嘻望,2021-11-03,0,0
51,681260,tt11792512,瑪雅蜜蜂大冒險：守護小金蛋,2021-01-07,0,4345221
52,934957,tt10231726,詭棋,2022-03-10,0,0
53,955644,tt5790684,米婭的精靈王國,2022-05-26,0,0
54,567927,tt9409660,非戀人絮語,2021-09-30,0,0
55,620498,tt13846414,永別了，柏林,2021-08-05,178,0
56,795813,tt13087796,我是你的完美男友,2021-07-01,0,1090661
57,681349,tt11080676,鄰危不亂,2021-07-15,0,0
58,871530,tt13021476,趴兔青春期,2021-10-14,0,0
59,852457,tt14463426,指考風暴,2021-08-25,0,0
60,739323,tt15041866,泳漾水男孩,2021-08-30,0,0
61,607442,tt13350988,熟女解放中,2020-10-22,0,0
62,546630,tt8129794,型男斷捨離,2018-12-06,0,0
63,776542,tt7904172,人性遊戲,2022-06-30,0,0
64,104,tt0130827,蘿拉快跑,1998-08-20,1530000,7660911
65,608980,tt9110904,非甜蜜生活,2021-09-23,0,0
66,612491,tt10791152,真愛超能力,2021-12-23,0,882
67,47060,tt0156610,洞,1999-03-24,0,0
68,654344,tt10072662,愛在書店相遇時,2021-10-07,0,0
69,752616,tt13091090,隔離巢,2021-10-27,0,0
70,592695,tt8550054,星夢性快感,2021-10-08,1800000,393824
71,655738,tt10851414,阿哈：帶我走,2021-09-03,0,0
72,749136,tt11409736,瑞士鐘錶師,2022-11-04,0,0
73,517815,tt11967484,女孩與蜘蛛,2021-05-13,0,0
74,835975,tt14775784,愛你讓我自由,2021-11-18,0,218511
75,760522,tt13017046,鬼電梯,2020-10-30,250000,247351
76,930478,tt17785786,越驚,2022-02-11,0,0
77,947890,tt14134154,祖怨,2022-03-24,0,1849768
78,893030,tt15839780,迷霧中的孩子,2022-05-07,0,99434
79,717694,tt9415108,逃出奧斯威辛,2021-03-18,0,360868
80,588890,tt3804810,勇鼠闖天堂,2021-10-01,0,1505235
81,725133,tt13479414,浪浪回家路,2021-07-22,0,0
82,796151,tt14760842,野蠻人入侵,2022-11-24,0,0
83,588921,tt6570098,亞馬遜守護者：安珀傳奇,2021-02-09,10000000,10237061
84,763539,tt11238518,格列佛遊記：重返小人國,2021-08-19,2500000,0
85,913760,tt16315948,沒有煙硝的日子,2022-05-05,0,0
86,810406,tt14296268,2gether電影版：只因我們天生一對,2021-04-22,0,0
87,939879,tt19328882,猛鬼大學：第2學期,2022-03-24,0,0
88,947514,tt18259846,鬼單眼,2022-04-21,0,0
89,949697,tt22479478,魔蟲禁區,2022-10-06,0,0
90,937743,tt19072268,淒厲人僧：卡到陰,2022-03-17,0,0
91,922378,tt19357986,愛情需要編劇,2022-08-11,0,0
92,511819,tt8399288,記憶,2021-09-30,0,0
93,38368,tt1588895,波米叔叔的前世今生,2010-06-25,0,0
94,947049,tt21243636,超級蜥蜴王,2022-07-28,0,0
95,660942,tt4028464,詭孩,2021-09-03,3400000,322000
96,654074,tt13821562,忍者寶寶,2021-02-21,0,0
97,831031,tt8856814,秋月,1998-01-01,0,0
98,848788,tt15010590,梅艷芳,2021-11-12,10700000,0
99,513692,tt8165192,怒火,2021-07-28,0,205000000
100,543504,tt10283270,神探大戰,2022-07-08,0,105500000
101,640092,tt10117402,麥路人,2020-09-17,0,0
102,18329,tt0118845,春光乍洩,1997-05-30,125000,5000000
103,18311,tt0101258,阿飛正傳,1990-12-15,0,3255404
104,68883,tt0093258,胭脂扣,1987-12-05,0,0
105,851800,tt21187542,飯戲攻心,2022-09-07,0,10138355
106,591222,tt14032696,智齒,2021-11-18,16000000,0
107,436792,tt6419442,少年,2016-12-16,0,0
108,814785,tt10423286,G風暴,2021-12-31,0,55540000
109,68004,tt0102816,阮玲玉,1991-11-29,0,0
110,11471,tt0092263,英雄本色,1986-08-02,0,4469460
111,851798,tt17044664,闔家辣,2022-02-10,0,0
112,10997,tt0106332,霸王別姬,1993-01-01,4000000,6400000
113,942171,tt15244854,媽的星寵兒,2022-08-11,0,0
114,537761,tt4431104,七人樂隊,2022-07-07,0,0
115,924120,tt15282802,憂鬱之島,2022-04-30,0,0
116,941132,tt18500636,邊緣行者,2022-04-15,0,0
117,64015,tt0093426,秋天的童話,1987-07-16,0,0
118,616020,tt10687168,繼園臺七號,2019-09-02,0,0
119,1005251,tt21867590,正義迴廊,2022-10-27,0,0
120,27060,tt0168496,美少年之戀,1998-08-14,0,0
121,876189,tt15619584,喜歡妳是妳,2021-11-25,0,0
122,838119,tt14071698,一路瞳行,2022-08-26,0,0
123,10775,tt0338564,無間道,2002-12-12,6400000,8836958
124,1325023,,玫瑰的故事,2024-06-22,0,0
125,255856,tt0095533,流金歲月,1988-12-08,0,0
126,987446,,心裏美,2022-07-28,0,0
127,45935,tt0156587,海上花,1998-10-01,0,0
128,11647,tt0369060,無間道II,2003-10-01,125000,3208262
129,14310,tt0374339,無間道III：終極無間,2003-12-12,250000,4468597
130,861947,,流浪者之歌,1996-12-31,0,0
131,2143,tt0115832,卡拉之歌,1996-10-30,0,0
132,850884,tt15049118,時代革命,2021-11-22,0,0
133,185,tt0066921,發條橘子,1971-12-19,2200000,27033812
134,497828,tt7322224,瘋狂富作用,2022-09-18,15600000,24733572
135,960258,tt12550376,鯊顫,2022-05-13,0,0
136,807196,tt11127680,餐廳失控夜,2021-07-05,0,0
137,797838,tt4061620,士兵與軍官,2021-10-29,0,253583
138,924482,tt6805938,極限逃殺,2022-02-18,2500000,0
139,785398,tt19652910,如果驢知道,2022-09-30,0,1068353
140,643532,tt11196036,算牌手,2021-09-03,0,5040860
141,624793,tt5693182,我們的英搖時光,2021-04-15,0,0
142,508444,tt7392014,愛上費加洛,2021-10-01,0,1073966
143,2742,tt0102511,裸體午餐,1991-12-27,16000000,2641357
144,884,tt0115964,超速性追緝,1996-07-17,9000000,2671855
145,76025,tt1723811,性愛成癮的男人,2011-10-02,6500000,3909002
146,816344,tt8523022,瑪莉娜的512小時,2021-04-22,0,0
147,496404,tt7606796,山那邊的青稞田,2017-10-15,0,0
148,844176,tt10370886,大製片家,2021-12-10,0,0
149,42035,tt0089343,毫無意義,1985-08-02,0,0
150,634649,tt10872600,蜘蛛人：無家日,2021-12-15,200000000,1921847111
151,76600,tt1630029,阿凡達：水之道,2022-12-14,460000000,2320250281
152,524434,tt9032400,永恆族,2021-11-03,200000000,402064899
153,453395,tt9419884,奇異博士2：失控多重宇宙,2022-05-04,200000000,955775804
154,616037,tt10648342,雷神索爾：愛與雷霆,2022-07-06,250000000,760900000
155,476669,tt6856242,金牌特務：金士曼起源,2021-12-22,100000000,125897478
156,580489,tt7097896,猛毒2：血蜘蛛,2021-09-30,110000000,506863592
157,438631,tt1160419,沙丘,2021-09-15,165000000,407573628
158,566525,tt9376612,尚氣與十環傳奇,2021-09-01,150000000,432243292
159,436270,tt6443346,黑亞當,2022-10-19,200000000,393452111
160,414906,tt1877830,蝙蝠俠,2022-03-01,185000000,772319315
161,338953,tt4123432,怪獸與鄧不利多的秘密,2022-04-06,200000000,407200000
162,718930,tt12593682,子彈列車,2022-08-03,90000000,239300000
163,335787,tt1464335,秘境探險,2022-02-10,120000000,407141258
164,550988,tt6264654,脫稿玩家,2021-08-11,110000000,331526598
165,545611,tt6710474,媽的多重宇宙,2022-03-24,25000000,139200000
166,624860,tt10838180,駭客任務：復活,2021-12-16,190000000,156497322
167,406759,tt5834426,月球隕落,2022-02-03,146000000,67319703
168,460458,tt6920084,惡靈古堡首部曲：拉昆市,2021-11-24,25000000,41914915
169,526896,tt5108870,魔比斯,2022-03-30,75000000,167635712
170,497698,tt3480822,黑寡婦,2021-07-07,200000000,379751131
171,718789,tt10298810,巴斯光年,2022-06-15,200000000,226425420
172,505026,tt7657566,尼羅河謀殺案,2022-02-09,90000000,137307235
173,568124,tt2953050,魔法滿屋,2021-10-13,135000000,261289554
174,882598,tt15474916,微笑,2022-09-23,17000000,217408513
175,752623,tt13320622,失落謎城,2022-03-24,74000000,192907684
176,616037,tt10648342,雷神索爾：愛與雷霆,2022-07-06,250000000,760900000
177,763285,tt4998632,劫命救護,2022-03-16,40000000,52303589
178,760161,tt11851548,孤兒怨2：最黑暗的過去,2022-07-27,10000000,9572765
179,629542,tt8115900,壞蛋聯盟,2022-03-17,80000000,250162278
180,675445,tt11832046,汪汪隊立大功電影版,2021-08-09,26000000,144327371
181,800939,tt14109724,幸福入場券,2022-09-08,20000000,168800000
182,593643,tt9764362,五星饗魘,2022-11-17,35000000,79628200
183,423108,tt7069210,厲陰宅3：是惡魔逼我的,2021-05-25,39000000,206431050
184,539681,tt8912936,DC超級寵物軍團,2022-07-27,90000000,203000000
185,634528,tt6902332,捍衛救援,2021-01-15,23000000,23076711
186,508943,tt12801262,路卡的夏天,2021-06-17,200000000,51074773
187,597208,tt7740496,夜路,2021-12-02,60000000,39629195
188,542178,tt8847712,法蘭西特派週報,2021-10-21,25000000,46333545
189,459151,tt6932874,寶貝老闆：家大業大,2021-07-01,82000000,146745280
190,985939,tt15325794,墜,2022-08-11,3000000,17363261
191,522931,tt8385148,殺手保鑣2,2021-06-14,70000000,70060492
192,653851,tt7693316,決戰38度線,2022-11-23,90000000,20000000
193,823625,tt14060094,黑光行動,2022-02-10,43000000,15902207
194,585216,tt9844522,密弒遊戲2：勝者危亡,2021-07-01,15000000,65774490
195,619778,tt3811906,疾厄,2021-09-01,40000000,34891791
196,676547,tt9271672,鬼禱,2022-10-23,0,37655699
197,756999,tt7144666,闇黑電話,2022-06-17,16000000,161440742
198,648579,tt11291274,超吉任務,2022-04-20,30000000,29116320
199,398818,tt5726616,以你的名字呼喚我,2017-07-28,3500000,43143046
200,671,tt0241527,哈利波特：神秘的魔法石,2001-11-16,125000000,976475550
201,482373,tt6246322,暫時停止呼吸2,2021-08-12,15000000,53785551
202,646207,tt3758814,疾凍救援,2021-06-24,0,7502846
203,899112,tt12003946,暴戾夜,2022-11-30,20000000,75734910
204,522016,tt8356942,355：諜影特攻,2022-01-05,75000000,55700000
205,482321,tt7504818,天兵阿榮,2021-10-14,0,60692022
206,646385,tt11245972,驚聲尖叫,2022-01-12,24000000,137743924
207,576845,tt9639470,迷離夜蘇活,2021-10-21,43000000,22957625
208,614917,tt9620288,王者理查,2021-11-18,50000000,39400000
209,682507,tt9411972,沼澤謀殺案,2022-07-14,24000000,144353965
210,664469,tt10304142,阿姆斯特丹,2022-09-27,80000000,31245810
211,610253,tt10665338,月光光新慌慌：萬聖殺,2021-10-14,20000000,133423964
212,615643,tt10633456,夢想之地,2021-02-12,2000000,12900000
213,601635,tt10028196,拉辛正傳,2022-08-11,23000000,16000000
214,585245,tt2397461,大紅狗克里弗,2021-11-10,64000000,107347356
215,619730,tt10731256,別擔心親愛的,2022-09-21,35000000,86700000
216,818397,tt11827628,記憶殺神,2022-04-28,30000000,13900000
217,616820,tt10665342,月光光新慌慌：萬聖結,2022-10-12,20000000,104374176
218,716612,tt12536294,史賓賽,2021-11-04,18000000,14000000
219,791177,tt10168670,骨肉的總和,2022-11-18,16000000,15234907
220,556694,tt9198364,三千年的渴望,2022-08-24,60000000,20300000
221,614939,tt9731598,哥兒們,2022-09-30,22000000,14800000
222,516329,tt7740510,鹿魔,2021-10-28,17000000,18867659
223,617653,tt4244994,最後的決鬥,2021-10-13,100000000,30552111
224,766475,tt13640696,看你往哪跑,2022-09-09,40000000,21921551
225,511809,tt3581652,西城故事,2021-12-08,100000000,76016171
226,760741,tt13223398,獸,2022-08-11,0,56000000
227,744,tt0092099,捍衛戰士,1986-05-16,15000000,356830601
228,836723,tt14779306,喜悅：達賴喇嘛遇見屠圖主教,2022-07-27,0,0
229,830788,tt12873562,世紀婚魘,2022-08-24,10000000,33628000
230,520023,tt8110652,天黑請斃命,2022-08-05,3000000,13900000
231,62,tt0062622,2001太空漫遊,1968-04-02,12000000,71923560
232,38,tt0338013,王牌冤家,2004-03-19,20000000,72258126
233,717728,tt14121726,毛骨悚然：惡魔重生,2022-09-15,5000000,6175213
234,661231,tt1879016,死間行動,2022-04-01,0,0
235,366672,tt4428398,刀鋒劍客,2022-07-14,45000000,42500000
236,694,tt0081505,鬼店,1980-05-23,19000000,44781695
237,628900,tt10323676,救命緝約,2022-03-10,0,2122288
238,696157,tt12193804,與你共舞,2022-12-20,50000000,59800000
239,837881,tt11198810,她有話要說,2022-11-17,32000000,13900000
240,9746,tt0119485,達賴的一生,1997-12-25,28000000,5684789
241,842942,tt9853500,天劫高手,2022-09-23,0,0
242,764835,tt13133936,絕命通話,2021-09-12,0,0
243,536396,tt8717446,說不出的告別,2019-09-06,0,0
244,777270,tt12789558,貝爾法斯特,2021-11-12,11000000,49158343
245,603661,tt8718158,黑特冤家,2021-12-09,0,0
246,888195,tt15690300,驚爆倒數60分鐘,2022-07-01,0,0
247,825808,tt11209212,看不見的殺機,2022-01-07,0,55191
248,979924,tt14824590,絕命線阱,2022-10-31,0,0
249,836225,tt10362566,驅神,2022-03-11,1500000,0
250,626735,tt11252248,逍遙上路,2022-02-17,20000000,84774243
251,75233,tt1736633,八月三十一日，我在奧斯陸,2011-08-31,0,1481665
252,1024546,tt21435436,俠探特攻：全面追緝,2022-10-21,0,95244
253,826749,tt14577300,終極堡壘,2021-12-17,20000000,52169
254,718949,tt10957044,終極攻佔,2021-12-03,0,0
255,600,tt0093058,金甲部隊,1987-06-26,30000000,46357676
256,760873,tt6506264,地球重生,2021-08-26,0,328914
257,733317,tt6456326,獵殺戰場,2020-11-19,1900000,0
258,649394,tt8009744,生命理賠師,2021-07-21,0,106645
259,1035803,tt22394694,俠探特攻：贖罪行動,2022-12-09,0,192939
260,628878,tt4029412,玩命獵殺,2022-03-17,0,0
261,655917,tt9421200,完美的敵人,2021-06-11,0,0
262,345,tt0120663,大開眼戒,1999-07-16,65000000,162100000
263,762433,tt13432484,危城行動,2021-11-18,0,0
264,818192,tt11388416,劫獄救援,2021-11-05,12400000,0
265,864116,tt14412366,終極交戰,2022-03-04,98616,0
266,907,tt0059113,齊瓦哥醫生,1965-12-22,11000000,111858363
267,689700,tt10023022,全面掃蕩,2022-01-28,0,0
268,59468,tt1441912,朝聖之路：聖雅各,2010-09-10,0,13900000
269,801271,tt7975192,詭謎藏,2021-11-19,0,0
270,848123,tt13918550,殺戮基地,2022-05-05,0,0
271,628914,tt9054192,爽賺姐妹,2021-08-26,7000000,0
272,730047,tt12889404,情聖西哈諾,2021-04-14,20000000,3000000
273,641960,tt10344522,四個好日子,2021-04-30,0,843965
274,844398,tt14923008,心碎效應,2022-01-14,0,0
275,9769,tt0119558,蘿莉塔,1997-09-27,62000000,1100000
276,916821,tt14174168,終極夜路,2022-02-25,0,0
277,766907,tt13496236,終極包圍戰,2022-01-07,0,0
278,641668,tt11188624,通靈女校,2021-05-21,0,0
279,821427,tt11131464,進擊的地才,2021-12-17,0,24322
280,763164,tt13265876,終極狩獵團,2021-11-12,0,0
281,331986,tt3294746,公共圖書館員,2019-04-05,0,0
282,789171,tt13889602,最後的生存者,2021-10-01,0,0
283,830784,tt14668630,鱷魚歌王,2022-10-07,50000000,104088441
284,883502,tt14577304,終極堡壘2,2022-04-29,22000000,69075
285,634,tt0243155,BJ單身日記,2001-04-13,25000000,281929795
286,10802,tt0114436,美國舞孃,1995-09-22,45000000,20350754
287,850099,tt4940336,異類崛起,2021-08-20,0,0
288,12155,tt1014759,魔境夢遊,2010-03-03,200000000,1025467110
289,811592,tt14199590,殲獄行動,2021-11-05,0,29439
290,896689,tt10968602,貓爸爸們,2022-10-14,0,0
291,577721,tt5629084,超級救援狗,2019-03-15,0,0
292,925,tt0097216,為所應為,1989-06-14,6500000,37300000
293,1306218,,海底世界,2023-08-10,0,0
294,913820,tt10984580,高原上的家屋,2022-05-11,0,52793
295,11902,tt0114787,地下社會,1995-05-13,14000000,0
296,575088,tt8006374,鬼保母,2020-02-27,0,1398488
297,659384,tt12036270,絕命第19排,2021-11-11,0,0
298,579831,tt12216986,致命最前線,2020-11-04,0,0
299,597859,tt14303882,逃出封鎖線,2021-12-02,0,0
300,575072,tt10933000,心悸效應,2020-11-19,0,0
301,818621,tt13322726,大尉叛逃記,2023-01-05,0,0
302,818415,tt15815090,獵空計畫,2021-11-18,0,0
303,589761,tt10648714,核爆車諾比,2021-04-15,9100000,6459306
304,1396,tt0072443,鏡子,1975-03-07,825000,124367
305,1398,tt0079944,潛行者,1979-05-25,120000,0
306,987424,,月影歸途,2022-05-20,0,0
307,477462,tt12390572,鬼雙胞,2022-04-06,2620000,492000
308,655302,tt11636880,反恐行動：獨立日,2021-11-19,8476000,0
309,683363,tt13328800,當女孩戀愛時,2022-04-14,1800000,0
310,517302,tt12519030,孵魔,2022-03-04,3896000,508000
311,608232,tt11007444,朵貝的愛情繪本,2020-10-02,4243000,0
312,716855,tt13328824,不看鐵達尼號的男人,2021-09-10,400000,0
313,881764,tt11871074,拜金女王的性愛派對,2021-11-26,0,0
314,845875,tt11369540,大獲拳勝,2021-08-27,0,43663
315,24858,tt0156794,永遠的一天,1998-10-23,0,0
316,531428,tt8613070,燃燒女子的畫像,2019-09-18,5740000,9923127
317,746333,tt13774454,蝙狐俠：英雄覺醒,2022-02-02,0,7375119
318,617762,tt10687506,天才貓奴畫家,2021-10-21,0,0
319,663260,tt10341034,黑盒線索,2021-09-08,10722240,9738741
320,630240,tt10944760,鈦,2021-07-14,6600000,4982335
321,793998,tt13880104,正發生,2021-11-04,0,171765
322,955569,tt19783626,死噬,2022-06-29,2400000,0
323,809488,tt12998510,今敏：造夢魔術師,2021-07-08,0,0
324,892527,tt14073780,小獅子王,2022-02-16,0,2551835
325,749004,tt13204490,親愛的童伴,2021-06-02,3100000,1024575
326,757999,tt13553662,友你才精彩,2022-01-19,0,3358402
327,827887,tt11906086,拆彈倒數30分鐘,2022-06-16,0,0
328,655082,tt10366514,艾菲爾情緣,2021-10-07,26000000,13000000
329,601188,tt10088984,失業風暴,2022-01-12,0,0
330,852438,tt14317880,一屍到底：法屍浪漫,2022-05-18,4300000,2046233
331,719463,tt11610804,最後一件晚禮服的秘密,2021-11-10,0,0
332,895659,tt13846402,就在今夜,2022-05-04,4300000,1512938
333,826218,tt13241688,玩命光頭,2022-08-12,0,0
334,477044,tt6910282,柏格曼的島,2021-07-14,0,589895
335,660000,tt10505316,巴黎夢想家,2021-10-20,20800000,8600000
336,735726,tt12847812,天堂計劃,2021-07-18,0,0
337,833417,tt13269580,失速母親,2022-03-16,3000000,42566
338,477018,tt6270534,密室譯戰,2019-12-20,0,0
339,750253,tt13234058,尋子風暴,2021-09-23,0,962689
340,754067,tt10945274,我的神秘狼朋友,2021-12-15,6500000,4181043
341,712134,tt12444426,春日小戀曲,2021-05-17,0,0
342,762079,tt12496706,降臨節日曆,2021-12-01,0,456555
343,833428,tt14039392,來自巴黎的情書,2021-12-15,0,0
344,485162,tt7555774,全面開戰,2018-05-16,0,0
345,147,tt0053198,四百擊,1959-06-03,0,0
346,695089,tt9844938,一萬個叢林夜,2021-07-21,4700000,0
347,774343,tt13613056,書情話慾,2021-07-17,0,0
348,914203,tt18317064,有你就是家,2022-10-05,0,575385
349,269,tt0053472,斷了氣,1960-03-16,0,0
350,659988,tt11310670,越界分身,2021-07-21,0,0
351,526811,tt10023172,情慾告白,2021-01-14,0,75167
352,712128,tt11105790,破碎的琴鍵,2023-03-23,0,0
353,1628,tt0055032,夏日之戀,1962-01-23,0,0
354,712178,tt12444424,仰望星空的少年,2020-11-11,0,0
355,660955,tt11006570,豪門媳婦日記,2021-12-01,0,0
356,152584,tt2278871,藍色是最溫暖的顏色,2013-10-09,4300000,19465835
357,1716,tt0080610,最後地下鐵,1980-09-17,0,0
358,582881,tt7534102,喀布爾之燕,2019-09-04,0,0
359,757341,tt13353386,屠女養成記,2022-01-19,5000000,1085112
360,809733,tt14371818,幸福知音,2021-11-17,0,0
361,747779,tt13482828,美好的早晨,2022-10-05,0,1380392
362,781453,tt13142240,安妮詩快跑,2021-09-15,0,41356
363,664506,tt15115102,真實世界,2022-02-16,4900000,0
364,8072,tt0058898,阿爾發城,1965-05-05,220000,46585
365,736500,tt12847680,抓狂養老院,2022-02-16,0,0
366,845140,tt14280366,她和她的小主廚們,2022-01-20,0,3285760
367,1626,tt0056663,賴活,1962-09-20,64000,24517
368,4710,tt0060675,男性，女性,1966-03-22,0,0
369,594691,tt9800670,執愛不悔,2020-11-17,0,0
370,810677,tt14429000,夜色中的她,2021-12-08,0,0
371,11298,tt0082533,破膽三次,1981-01-21,1000000,17985893
372,749107,tt10376800,索蘭琪的少女心事,2022-02-02,0,0
373,589985,tt10533078,一路上有妳,2019-10-02,0,0
374,582886,tt9431080,築愛巴黎,2019-12-18,4360174,0
375,47792,tt0088241,塞瑟島之旅,1984-04-21,0,0
376,51735,tt0765442,希臘二部曲：時光灰燼,2008-11-22,0,0
377,179890,tt0445528,獵人,1969-05-10,0,0
378,47795,tt0096288,霧中風景,1988-09-10,0,0
379,764810,tt13317230,夢想裁縫師,2020-11-15,0,0
380,766798,tt12618926,平行母親,2021-10-08,0,23099858
381,755437,tt12443220,丟包大作戰,2021-12-17,0,0
382,668640,tt11700260,瘋狂競賽片,2021-09-04,0,0
383,542917,tt8393332,雙子謀殺案：白城之寂,2019-10-25,0,0
384,954748,tt15341168,放牛班足球隊,2022-06-24,0,0
385,768726,tt11777920,湯恩與劍客汪汪隊,2021-06-25,0,0
386,946706,tt11797376,遺屍物,2022-09-30,0,0
387,772148,tt12500804,蝸牛之家,2021-06-11,0,0
388,496331,tt6277462,梵天神器：滅世開端,2022-09-08,22000000,0
389,786064,tt13299890,偉大的印度廚房,2021-01-15,888514,0
390,821494,tt9681686,天堂電影院,2022-01-06,2000000,0
391,925786,tt16915972,鬼搖靈2：陰語陣陣,2022-07-30,900000,5909528
392,859933,tt15215918,娜娜：逝水年華,2022-07-08,0,0
393,655363,tt9834506,懾影屍,2020-10-28,0,0
394,574078,tt8205028,忌妒的藍圖,2021-08-12,10000000,0
395,792775,tt13882736,天菜特警,2022-05-23,0,0
396,49964,tt0093342,何處是我朋友的家？,1987-07-01,0,0
397,47104,tt0111845,橄欖樹下的情人,1994-02-01,0,0
398,83761,tt0105888,生生長流,1992-10-21,0,0
399,672208,tt11777738,我不是英雄,2021-12-15,0,0
400,669401,tt11773484,贖罪風暴,2021-10-21,0,0
401,888602,tt10514056,沉默呼聲,2022-08-12,0,0
402,519141,tt8767908,麥特與麥斯,2019-10-09,0,0
403,819876,tt14549466,未來犯罪,2022-05-25,27000000,4551565
404,554761,tt9143112,親情解鎖,2020-10-02,0,9828
405,740963,tt9204898,他奶奶的變裝皇后,2022-03-03,0,0
406,522406,tt8372094,藥命回憶,2020-10-08,0,26747
407,778855,tt12532368,怪胎英雄：奇克探險記,2022-02-16,20000000,0
408,635302,tt11032374,鬼滅之刃劇場版 無限列車篇,2020-10-16,15700000,507119058
409,810693,tt14331144,劇場版 咒術迴戰 0,2021-12-24,0,195870885
410,955666,tt16410438,蠟筆小新：幽靈忍者珍風傳,2022-04-22,0,20617005
411,553600,tt9116358,普羅米亞,2019-05-24,0,9869306
412,795564,tt13642590,蠟筆小新：謎案！天下春日部學院的怪奇事件,2021-04-23,2550000,0
413,876792,tt15467380,關於我轉生變成史萊姆這檔事劇場版 紅蓮之絆篇,2022-11-25,0,11426555
414,876797,tt16444750,餘命10年,2022-03-04,0,22500000
415,129,tt0245429,神隱少女,2001-07-20,19000000,274925095
416,877840,tt15409816,角落小夥伴電影版：藍色月夜的魔法之子,2021-11-05,0,0
417,8392,tt0096283,龍貓,1988-04-16,3700000,41000000
418,916192,tt17382524,通往夏天的隧道，再見的出口,2022-09-09,0,872000
419,610150,tt14614892,七龍珠超：超級英雄,2022-06-11,0,86600000
420,758866,tt14039582,在車上,2021-08-18,1300000,15356046
421,10515,tt0092067,天空之城,1986-08-02,3000000,5228752
422,820067,tt15721650,劇場版 五等分的新娘,2022-05-20,0,17288993
423,977871,tt21115444,即使，這份戀情今晚會從世上消失,2022-07-29,0,0
424,956564,tt21608894,破案天才伽利略：沉默的遊行,2022-09-16,0,0
425,829920,tt12007484,Fate/Grand Order -終局特異點 冠位時間神殿所羅門-,2021-07-30,0,0
426,925492,,名偵探柯南：大怪獸哥梅拉VS假面超人,2022-01-07,0,0
427,820530,tt14489118,我讓最想被擁抱的男人給威脅了 劇場版～西班牙篇～,2021-10-09,0,0
428,795811,tt14034966,偶然與想像,2021-04-11,0,1548033
429,783675,tt15242330,灌籃高手 THE FIRST SLAM DUNK,2022-12-03,0,258000000
430,642538,tt10540510,犬王,2022-05-28,0,897000
431,824362,tt14865506,電影版 昨日的美食,2021-11-03,0,0
432,741335,tt13064272,讓我聽見愛的歌聲,2021-10-29,0,0
433,808667,tt14118266,魔仿犯,2021-06-11,0,12571501
434,983866,tt15327548,極速甩尾,2022-06-10,0,0
435,896499,tt15799550,魔法水果籃 -前奏曲-,2022-02-18,0,434280
436,854006,tt15458866,牛首村,2022-02-18,0,2782770
437,698215,tt10787472,北齋：浮世繪傳奇,2021-05-29,0,0
438,978039,,特『刀劍亂舞-花丸-』～雪之卷～,2022-05-20,0,0
439,695932,tt11219254,花束般的戀愛,2021-01-29,0,0
440,966709,tt15715792,天使降臨到我身邊！珍貴的朋友,2022-10-14,0,0
441,1081641,,特『刀劍亂舞-花丸-』～華之卷～,2022-07-08,0,0
442,1081640,,特『刀劍亂舞-花丸-』～月之卷～,2022-07-08,0,0
443,899743,tt13167612,急急復雞雞,2022-01-14,0,0
444,874476,tt15482370,尋人啟弒,2022-01-21,0,0
445,264718,tt0488103,詛咒,2005-11-03,0,0
446,853731,tt14605210,接棒家族,2021-10-29,0,0
447,726894,tt11487698,燃燒的劍,2021-10-15,0,0
448,930432,tt17008472,信用詐欺師JP：英雄篇,2022-01-14,0,0
449,120811,tt1909796,電影 K-ON！輕音部,2011-12-03,0,0
450,794719,tt14423692,那些得不到保護的人,2021-10-01,0,0
451,959439,tt21235352,如月車站,2022-06-03,0,0
452,76826,tt0491652,螢火蟲之墓,2005-11-01,0,0
453,633844,tt11417856,鹿王,2021-10-28,0,0
454,792678,tt13975458,超慄方殺陣,2021-10-22,0,0
455,781816,tt13758684,漁港的肉子,2021-06-11,0,0
456,514880,tt9810090,今天也要用便當出擊,2019-06-28,0,0
457,846993,tt14967958,再見了，橡果兄弟！－奇蹟的暑假－,2022-02-18,0,0
458,996499,tt19850394,萌男友是柑橘色,2022-07-08,0,0
459,798544,tt15052770,夏日幽靈,2021-11-12,0,0
460,853821,tt14311250,青春特調蜂蜜檸檬蘇打,2021-07-09,0,0
461,996666,tt15469504,末日救世主,2022-03-18,0,1770794
462,912632,tt15400628,婚顧女王,2022-03-12,0,0
463,958487,tt19719904,七五計劃,2022-06-17,0,0
464,487850,tt7112154,睡著也好醒來也罷,2018-09-01,0,0
465,831920,tt16245968,怪獸死了怎麼辦,2022-02-04,0,0
466,1037696,,太陽與波麗露,2022-06-03,0,0
467,844225,tt14153324,鳩的擊退法,2021-08-27,0,0
468,938133,tt17510216,Ｎ号棟鬧鬼,2022-04-22,0,0
469,963131,tt20413256,春心萌動的老屋緣廊,2022-06-17,0,0
470,42095,tt0089746,葬禮,1984-11-17,0,0
471,11830,tt0092048,蒲公英,1985-11-23,1500000,0
472,749927,tt15181216,河畔小日子,2021-11-03,0,0
473,863857,tt15102828,決戰星期天,2022-01-07,0,0
474,849786,tt15150608,流浪之月,2022-05-13,0,0
475,464768,tt6848928,垃圾頭,2022-02-18,0,0
476,77248,tt1305678,天才狂歡派對：最終章,2008-10-11,0,0
477,961415,tt19845354,TANG,2022-08-11,0,0
478,956450,tt18750342,救救旱鴨子,2022-06-10,0,0
479,742396,tt13017168,電影版 狂賭之淵2：絕體絕命俄羅斯輪盤,2021-04-29,0,1084503
480,958017,tt21649884,邪惡的孩子,2022-09-01,0,0
481,735409,tt11252688,沒說出口的殺人告白,2021-02-21,0,0
482,927594,tt18235306,還有愛的日子,2022-09-09,0,1782
483,987573,tt21627390,性徒,2022-07-08,0,0
484,794721,tt19632774,鳶,2022-04-08,0,0
485,961266,tt21816922,線，畫出的我,2022-10-21,0,0
486,756198,tt13345102,第一人夫,2021-09-23,0,0
487,149871,tt2576852,輝耀姬物語,2013-11-23,49300000,24366656
488,810587,tt14786640,偷情連載中,2021-09-10,0,0
489,15080,tt0102587,兒時的點點滴滴,1991-07-20,0,473110
490,848298,tt15215468,噪音,2022-01-27,0,0
491,961381,tt19845370,調職令是警察樂隊！,2022-08-26,0,0
492,760758,tt13404868,海岬的迷途之家,2021-08-27,0,0
493,847335,tt15442580,月影,2021-09-10,0,0
494,46361,tt1077089,魔幻時刻,2008-06-07,0,0
495,809695,tt11773748,四季拉麵物語,2021-08-15,0,0
496,952438,tt18952724,魚之子,2022-09-01,0,0
497,954094,tt18096416,露草,2022-04-29,0,0
498,744714,tt11679950,總編的復仇,2021-03-26,0,0
499,461078,tt7283052,好想傳達你的聲音,2017-08-25,0,3891
500,960312,tt21439866,我想被高中女生殺死,2022-04-01,0,0
501,54186,tt1590089,告白,2010-06-04,0,45203103
502,810674,tt14820290,錯位的青春,2021-08-20,0,0
503,859798,tt18566518,幽靜的山荷葉,2021-10-15,0,0
504,890326,,每天上班總是累得要死,2021-12-17,0,0
505,93013,tt2113091,對某飛行員的追憶,2011-10-01,0,0
506,130023,tt1677603,鬼壓床了沒,2011-10-29,0,0
507,845611,tt14941348,臥底型警FINAL,2021-11-19,0,0
508,995387,tt22775702,通往異世界的便利店,2022-08-01,0,0
509,1011873,,夢境診斷與恐怖體驗,2021-08-27,0,0
510,112903,tt0498587,有頂天大飯店,2006-01-14,0,0
511,18148,tt0046438,東京物語,1953-11-03,0,0
512,1003706,tt23555720,愛情在車上,2022-08-05,0,0
513,146126,tt0788086,國士無雙,2006-03-24,0,0
514,782648,tt11897340,天堂髮廊,2022-03-04,0,0
515,598,tt0317248,無法無天,2002-08-30,3300000,30641770
516,680813,tt8430054,漂浪人生,2021-06-17,3400000,712229
517,783740,tt15456878,月老,2021-11-24,0,0
518,864370,tt18968540,咒,2022-03-18,0,5700000
519,793392,tt15448352,聽見歌 再唱,2021-04-16,0,0
520,839294,tt17292614,我吃了那男孩一整年的早餐,2022-01-28,0,0
521,1005555,tt22498834,流麻溝十五號,2022-10-28,0,0
522,852355,tt15119668,瀑布,2021-10-29,0,0
523,943737,,少年吔,2022-03-18,0,0
524,931894,tt21618732,民雄鬼屋,2022-07-29,0,0
525,918035,tt21404042,頭七,2022-04-01,0,0
526,804725,tt24786154,想見你,2022-12-24,0,62655572
527,925725,tt16077426,素還真,2022-01-28,0,0
528,878987,tt15620158,美國女孩,2021-12-03,0,0
529,1007962,tt22463402,罪後真相,2022-10-28,0,0
530,917717,tt16738372,噩兆,2021-12-24,0,0
531,1025086,tt22757470,你在我心上,2022-10-21,0,0
532,975812,tt22370990,哈勇家,2022-11-11,0,0
533,205464,tt0105382,少年吔，安啦！,1992-07-03,0,0
534,876648,tt21936550,一杯熱奶茶的等待,2021-12-24,0,0
535,957112,tt22497950,科學少女,2022-09-16,0,0
536,933785,tt14401290,初戀慢半拍,2022-08-26,0,0
537,846517,tt15677260,再說一次我願意,2022-01-19,0,0
538,764425,tt12194516,男人與他的海,2021-04-01,0,0
539,1006694,tt22398358,我心我行,2022-11-11,0,0
540,937356,tt19609954,神人之家,2022-11-25,0,0
541,899460,tt22335454,一家子兒咕咕叫,2022-11-18,0,0
542,796155,tt15138308,青春弒戀,2021-11-19,0,0
543,880156,tt15742308,該死的阿修羅,2022-03-11,0,0
544,942953,,售命,2022-04-29,0,0
545,769802,tt13298522,一家之主,2022-05-06,0,0
546,975575,tt21881700,小藍,2022-11-04,0,0
547,860887,tt15445340,鱷魚,2021-10-08,0,0
548,984997,,尋找神話之鳥,2021-12-17,0,0
549,1005979,tt29060486,他還年輕,2022-09-02,0,0
550,987422,tt15677210,台灣男子葉石濤,2022-06-17,0,0
551,931885,tt17336922,野夏天,2022-03-25,0,0
552,890538,tt15743140,不想一個人,2021-12-24,0,0
553,740823,tt13217182,嗨！神獸,2022-02-01,0,0
554,946267,tt13370724,愛別離苦,2022-02-18,0,0
555,939287,,青春換日線,2022-03-11,0,0
556,767246,tt13236576,廢棄之城,2021-10-29,0,0
557,891566,,老鷹之手,2021-10-29,0,0
558,936286,tt18317338,藏匿處,2022-09-08,0,0
559,1026182,,孫行者傳,2022-10-14,0,0
560,1017006,,舞徑,2022-09-16,0,0
561,927480,,沒有人該成為孤島,2022-03-03,0,0
562,810020,tt11319188,期末考,2021-08-20,0,0
563,899387,tt15743072,兜兜風,2022-09-30,0,0
564,829584,tt15446628,徘徊年代,2022-07-22,0,0
565,868682,tt12205628,逆者,2022-04-22,0,0
566,893252,tt15096446,高山上的熱氣球,2022-03-18,0,0
567,960450,,教練,2022-05-27,0,0
568,660001,tt10639214,詭祭,2021-12-03,0,0
569,816752,tt13298600,願未央,2020-11-07,0,0
570,1003994,tt13878178,影子背後,2021-09-17,0,0
571,874781,,給阿媽的一封信,2021-10-18,0,0
572,302528,tt3704050,我記得,2015-10-23,0,1986615
573,877246,tt15488160,修行,2022-01-14,0,0
574,900843,,文林銀行,2021-11-12,0,0
575,1026182,,孫行者傳,2022-10-14,0,0
576,1009987,,KULO,2022-07-08,0,0
577,814174,tt14071634,夏日天空的那匹紅馬,2022-12-23,0,0
578,1153451,,還孩子做自己,2022-05-27,0,0
579,1009977,,我永遠永遠永遠愛你,2022-08-05,0,0
580,1025309,,關於，半夜夢見林默娘乘著海湧把垃圾全丟進我的未來這件塑，好像是真的,2022-09-16,0,0
581,1050665,,一起一起,2023-02-03,0,0
582,1200506,,稻浪上的夢想家,2022-11-18,0,0
583,24614,tt0347996,聖石傳說,2000-01-22,0,0
584,975681,,家家,2022-12-16,0,0
585,1032330,,無邊,2023-01-06,0,0
586,1039769,tt19876798,失序正義,2022-11-25,0,0
587,137686,tt2567390,不老騎士-歐兜邁環台日記,2012-10-12,0,0
588,1035872,,勸世三姊妹：大銀幕特別版,2022-05-14,0,0
589,798092,tt12867672,格瑞特真相,2020-12-02,0,0
590,741329,tt22476934,黑的教育,2023-03-03,0,0
591,939939,tt21228760,北將七,2022-05-07,0,0
592,375281,,奼紫嫣紅開遍,2015-12-18,0,0
593,316569,tt0176331,西部來的人,1990-01-01,0,0
594,74107,tt0088645,1918,1985-04-26,0,0
595,484574,tt0243132,寶島大夢,1993-01-01,0,0
596,278445,tt0243494,破輪胎,1999-06-23,0,0
597,256133,tt0092231,我這樣過了一生,1985-10-09,0,0
598,262831,tt0490518,香蕉天堂,1989-12-01,0,0
599,356701,tt4814380,風中家族,2015-06-26,0,0
600,262828,tt0116558,紅柿子,1996-04-13,0,0
601,660002,tt10415576,第一爐香,2021-10-22,0,0
602,27062,tt0292066,藍宇,2001-05-18,0,0
603,758891,tt13364790,你好，李煥英,2021-02-12,59000000,822049668
604,497834,tt8499638,于堇：蘭心大劇院,2021-10-15,0,0
605,712164,tt11090178,野馬分鬃,2021-11-26,0,0
606,638032,tt10670442,奪冠,2020-09-25,0,0
607,827689,tt14509614,四海,2022-02-01,0,85365990
608,537867,tt8747304,郊區的鳥,2019-08-30,0,0
609,923192,tt16254308,這個殺手不太冷靜,2022-02-01,0,393014816
610,903125,tt17005404,李茂扮太子,2022-01-01,0,72760000
611,627087,tt10189300,不丹是教室,2019-11-16,0,0
612,499556,tt8020896,大象席地而坐,2018-12-14,2500000,0
613,436792,tt6419442,少年,2016-12-16,0,0
614,919570,tt18550182,仇恨謎林,2022-06-03,0,450255
615,496243,tt6751668,寄生上流,2019-05-30,11363000,257591776
616,955555,tt21364552,犯罪都市3,2023-05-31,0,83410298
617,729854,tt13086266,水泥烏托邦：末日浩劫,2023-08-09,0,28900000
618,774548,tt17494686,音爆浩劫,2022-11-16,8500000,6843970
619,993885,tt22191360,語意錯誤電影版,2022-08-31,0,600108
620,844386,tt22505124,鬼車站,2023-04-19,0,2305305
621,1057001,tt27534328,貴公子,2023-06-21,0,0
622,705996,tt12477480,分手的決心,2022-06-29,0,16914773
623,753091,tt27688034,逃出寧靜海,2023-08-02,20000000,92718
624,1148154,,My SHINee World,2023-11-03,0,0
625,606400,tt21111120,火線交涉,2023-01-18,0,13325763
626,919207,tt22507524,12.12：首爾之春,2023-11-22,0,0
627,581395,tt27795356,贖命救援,2023-08-02,0,0
628,1137172,tt28230511,MAMAMOO：MY CON THE MOVIE,2023-06-21,0,0
629,813079,tt22507484,千萬別開門,2023-08-30,0,0
630,617882,tt13086130,靈魂伴侶,2023-03-15,0,2471778
631,1052433,tt29031019,30日,2023-10-03,0,0
632,977155,tt26679073,8釐米：詛咒影帶,2023-02-01,23316420,0
633,806128,tt23871504,晝盲神探,2022-11-23,0,0
634,1168166,tt28995831,鬼6怨,2023-10-18,0,0
635,581394,tt11692284,沒有國家的冠軍,2023-09-27,0,0
636,1357982,,ASTRO,2024-09-24,0,0
637,1028684,tt27502351,禍亂：地下秩序,2023-10-11,0,0
638,950253,tt29005755,附身,2023-09-27,0,14000000
639,717090,tt23157348,整形帝王,2022-11-30,0,0
640,783110,tt28106766,神鬼海底撈,2023-07-26,0,0
641,941045,tt29259250,詐騙女王,2023-10-11,0,0
642,987540,tt29031126,雉岳山怪談,2023-09-13,0,0
643,656156,tt21387514,保護者,2023-08-15,0,0
644,962489,tt22872370,共感頻率,2022-11-16,0,0
645,957154,tt20039176,首爾怪談,2022-04-27,0,0
646,882580,tt23746764,失控正義,2022-12-07,0,0
647,714651,tt22298582,全羅道少年殺人事件,2023-11-01,0,0
648,848198,tt24670346,紳探追緝令,2022-12-28,0,0
649,964592,tt8209702,鬼夢遊,2023-09-06,0,11033636
650,848145,,水鬼,2021-07-30,0,0
651,715253,tt25503544,幻影,2023-01-18,0,0
652,936243,tt27002199,魯蛇大翻身,2023-04-05,0,0
653,952476,tt27801630,極惡變身,2023-07-05,0,0
654,995063,tt26599543,熊男,2023-03-22,0,0
655,610249,tt24218390,超完美狗保姆,2023-03-01,0,0
656,640327,tt15089904,闇黑對決,2023-03-01,0,0
657,901121,tt21254598,誆世巨作：蜘蛛窩新宇宙,2023-09-27,0,0
658,773910,tt24076346,大明星多重宇宙,2023-01-04,112,0
659,41245,tt0247613,薄荷糖,2000-01-01,0,0
660,979688,,淘氣小企鵝啵樂樂 電影版：巨龍城堡大冒險,2022-07-28,0,0
661,670,tt0364569,原罪犯,2003-11-21,3000000,17500000
662,1106528,tt28681454,新進社員：電影版,2023-08-03,0,0
663,1146789,tt19873096,HERO,2021-11-25,20000,0
664,978202,tt28625660,絕對味覺情人,2023-08-15,4862154,0
665,958937,tt5213138,花路阿朱媽,2022-10-27,0,0
666,4550,tt0451094,親切的金子,2005-07-29,0,23803308
667,573787,tt17491616,王者製造,2022-01-26,0,6019720
668,923344,tt19820538,陰影下的她,2022-11-21,0,1350266
669,30018,tt1216496,非常母親,2009-05-28,5000000,17112713
670,636283,tt10925772,劇場版 衝鋒戰士：搶救月球大作戰,2019-09-04,0,0
671,1189165,,電影版 淘氣小企鵝啵樂樂 超級明星大冒險,2023-12-08,0,0
672,4689,tt0310775,我要復仇,2002-03-29,4000000,1954937
673,817485,tt14739128,對我而言，你是珍貴的,2021-05-12,0,0
674,1106732,tt27410896,SUGA: Road to D-DAY,2023-06-16,0,0
675,42190,tt0348568,緣起不滅,2003-01-30,0,0
676,956759,tt21190408,花漾奶奶金難搞,2022-06-22,0,0
677,1076443,tt26425683,j-hope IN THE BOX,2023-06-16,0,0
678,831480,tt15209608,監弒器,2021-07-07,0,0
679,1002470,tt21404804,四層公寓,2022-11-03,0,0
680,682109,,朝聖之路：一路平安,2020-03-19,0,0
681,165213,tt2625030,闇黑新世界,2013-02-21,0,0
682,242452,tt3404140,正義辯護人,2013-12-18,0,0
683,797787,tt14428606,當男人戀愛時,2021-04-01,0,0
684,1077647,tt26448971,在水中,2023-04-12,0,0
685,928713,tt17146978,小說家電影,2022-04-21,71560,382227
686,62439,tt1848926,開心鬼上身,2010-12-23,0,0
687,717908,tt22774776,巫師靈不靈！？,2022-10-12,0,0
688,158445,tt2659414,7號房的禮物,2013-01-23,0,80300000
689,128246,tt2315152,狼少年：不朽的愛,2012-10-31,0,0
690,973778,tt21810682,我們從末日開始,2023-12-08,10000000,604830
691,938250,tt18235146,餓之必要,2023-09-27,0,0
692,1075010,tt14838460,夢想紅舞鞋,2023-04-06,0,0
693,958279,tt17679584,雙手的溫柔,2023-02-10,0,0
694,582,tt0405094,竊聽風暴,2006-03-23,2000000,70000000
695,955644,tt5790684,米婭的精靈王國,2022-05-26,0,0
696,910365,tt14321668,淨化論,2022-05-06,0,0
697,104,tt0130827,蘿拉快跑,1998-08-20,1530000,7660911
698,928709,tt17154094,拼音戀習曲,2022-05-05,0,0
699,748787,tt12058584,蓋世棋蹟,2021-09-23,0,0
700,976893,tt27503384,我的完美日常,2023-11-10,14000000,24094016
701,842424,tt11155784,飛舞人生,2021-10-14,0,0
702,912726,tt15536668,萊茵金,2022-10-27,0,9598008
703,586813,tt9256012,沒有你的旅程,2021-11-25,0,0
704,9343,tt0083946,陸上行舟,1982-03-02,7362000,0
705,1033176,tt22059648,愛在滿格時,2023-09-21,0,0
706,1061648,tt16611924,腹荷,2023-08-11,0,0
707,1017063,tt19363554,收陰機,2023-03-02,0,0
708,396194,tt3031654,配樂大師顏尼歐,2022-02-17,0,4332386
709,11010,tt0110877,郵差,1994-04-07,3000000,33000000
710,803700,tt14641542,回不去的那座山,2022-12-21,0,9494985
711,693349,tt11877386,禁忌的畫像：卡拉瓦喬之影,2022-11-03,5000000,0
712,852758,tt15823126,屍發現場,2022-10-27,0,0
713,743173,tt12989910,若愛重來,2021-11-11,0,0
714,1091360,tt10400026,AI時代,2023-08-04,0,0
715,795254,tt11773446,絕美波麗露,2023-08-25,0,0
716,794234,tt13893190,惡靈地堡,2022-02-24,0,0
717,794246,tt14508984,愛情停損點,2021-09-13,0,0
718,788977,tt15452062,開羅謀殺案,2022-10-26,7047000,3646605
719,1058078,tt24017902,萬聖劫,2023-10-20,2250000,633385
720,1015936,tt20782072,巫術,2022-10-28,2200000,0
721,915939,tt15239466,尋愛小說家：海史密斯,2022-04-07,0,46172
722,584242,tt9822706,熱帶雨,2019-11-22,0,0
723,1029178,tt16715436,芽籠,2023-04-06,0,0
724,782936,tt11212572,巫母,2022-11-03,0,0
725,916405,tt15109082,夏日悄悄話,2022-05-12,1,6
726,888321,tt11992694,束縛,2022-07-07,7580600,3092534
727,997777,tt15157318,愛爾瑪的情與慾,2023-07-06,0,0
728,1073449,tt26473516,厲嬰魂,2023-02-03,1000000,1050490
729,1057919,tt23747380,涅槃咒,2022-11-25,0,0
730,1030991,tt22489308,折翼姊妹,2023-11-03,0,0
731,959558,tt14412446,惡靈魔洛剋,2022-05-19,0,558917
732,296271,tt9663168,神鬼聖戰,2023-01-13,0,0
733,835362,tt13875550,米蘭昆德拉：從玩笑到無謂的盛宴,2021-10-21,0,0
734,993234,tt21111352,色界,2022-11-03,0,0
735,1027982,tt27445004,富都青年,2023-12-01,653000,1363827
736,759524,tt13212046,南巫,2021-04-02,0,0
737,973587,tt28449053,五月雪,2023-11-17,0,0
738,1015079,tt22205036,血忌,2022-10-06,0,0
739,1077693,tt10803634,虎紋少女,2023-10-19,0,0
740,913760,tt16315948,沒有煙硝的日子,2022-05-05,0,0
741,1005141,tt19783714,尋父冒險記,2023-04-13,750000,904000
742,1058616,tt24082438,戰場日記,2023-07-14,0,21000
743,853084,tt11389212,戰火邊緣的青春,2023-02-22,0,0
744,977177,tt26547790,邪厄,2023-04-06,0,0
745,709631,tt9100018,鬼打牆,2023-07-19,0,5569593
746,1113119,tt29633446,送葬人,2023-10-05,0,20000000
747,976125,tt14326000,My Precious初戀,2023-04-27,0,0
748,1113085,tt28654867,日暮生死戀,2023-07-20,0,0
749,1031388,tt27999306,鬼偶,2023-03-09,0,0
750,842607,tt24787556,凱蒂超殺女,2023-06-22,0,0
751,937753,tt13446128,天生一對2 大電影：再續前緣,2022-07-28,0,0
752,1076011,tt28686328,情牽浮生戲,2023-08-24,0,0
753,952127,tt10235670,Anne的多重恐懼,2022-10-13,0,0
754,977179,tt25406060,初戀你我他,2023-02-09,0,0
755,804868,tt14526682,為你鍾琴,2021-12-15,0,0
756,788734,tt18816518,我恨我自己,2022-09-30,0,1051375
757,823598,tt14099796,金手指,2023-12-30,45000000,6136329
758,1093485,tt26929966,掃毒3：人在天涯,2023-07-06,0,0
759,990140,tt22488024,天龍八部之喬峰傳,2023-01-16,0,159959
760,531379,tt6902394,風再起時,2023-02-05,38000000,0
761,18329,tt0118845,春光乍洩,1997-05-30,125000,5000000
762,957863,tt27881474,年少日記,2023-11-16,415000,0
763,741602,tt20204936,斷網,2023-03-09,0,9605591
764,990326,tt25377462,毒舌大狀,2023-01-20,2800000,10000000
765,591222,tt14032696,智齒,2021-11-18,16000000,0
766,436792,tt6419442,少年,2016-12-16,0,0
767,68004,tt0102816,阮玲玉,1991-11-29,0,0
768,969050,tt19856688,命案,2023-04-20,0,0
769,1005251,tt21867590,正義迴廊,2022-10-27,0,0
770,1172012,tt29571399,困獸,2023-10-27,0,0
771,824742,tt14071600,燈火闌珊,2023-04-13,0,0
772,11471,tt0092263,英雄本色,1986-08-02,0,4469460
773,902533,tt17005282,暗殺風暴,2023-08-18,16000000,0
774,1029168,tt18280126,白日青春,2023-03-30,0,0
775,10997,tt0106332,霸王別姬,1993-01-01,4000000,6400000
776,1099217,tt27881515,白日之下,2023-11-02,650000,2000000
777,924120,tt15282802,憂鬱之島,2022-04-30,0,0
778,616020,tt10687168,繼園臺七號,2019-09-02,0,0
779,957861,tt22398026,窄路微塵,2022-12-22,0,0
780,1002317,tt20603692,屍房菜,2023-04-07,0,0
781,10775,tt0338564,無間道,2002-12-12,6400000,8836958
782,1027944,tt22397894,流水落花,2022-11-28,0,0
783,1005259,tt26493446,死屍死時四十四,2023-03-24,0,0
784,898009,tt15618938,緣路山旮旯,2022-08-04,0,0
785,999056,tt21330770,潛行,2023-12-29,0,76000
786,1002318,tt20603604,十三門徒,2022-08-27,0,0
787,11647,tt0369060,無間道II,2003-10-01,125000,3208262
788,27060,tt0168496,美少年之戀,1998-08-14,0,0
789,14310,tt0374339,無間道III：終極無間,2003-12-12,250000,4468597
790,72445,tt0084807,投奔怒海,1982-10-13,0,1988145
791,1147689,tt28818363,釀魂,2023-08-24,0,0
792,1063554,tt29602209,4拍4家族,2023-10-02,0,0
793,1177518,tt29244335,夜校,2023-11-02,0,0
794,988900,tt27903398,失衡凶間之罪與殺,2023-05-25,0,0
795,882569,tt4873118,絕地營救,2023-04-19,55000000,20000000
796,1008042,tt10638522,鬼手鬼手 請開口,2023-07-26,4500000,92000000
797,965150,tt19770238,日麗,2022-10-21,0,7834405
798,11948,tt0085933,俘虜,1983-05-28,0,2306560
799,497828,tt7322224,瘋狂富作用,2022-09-18,15600000,24733572
800,980078,tt19623240,小熊維尼：血與蜜,2023-01-26,100000,7717044
801,676710,tt10473036,喵的詐騙集團,2022-12-16,17000000,21110363
802,11416,tt0091530,教會,1986-09-24,24500000,17200000
803,560008,tt9179096,惡水真相,2020-03-13,0,1623809
804,11012,tt0104237,烈火情人,1992-12-02,11000000,31000000
805,785398,tt19652910,如果驢知道,2022-09-30,0,1068353
806,1104840,,小提琴天后慕特：愛樂一生,2023-03-28,0,0
807,89455,tt1680045,色局追兇,2012-07-25,0,1663931
808,787791,tt7326608,杏仁與海馬,2022-12-16,0,790
809,48231,tt1571222,危險療程,2011-09-30,15000000,27462041
810,10435,tt0103939,卓別林與他的情人,1992-12-17,31000000,9493259
811,11889,tt0280778,長路將盡,2001-12-14,5500000,16153953
812,46992,tt0150915,無情荒地有琴天,1998-12-30,0,0
813,3635,tt0335119,戴珍珠耳環的少女,2003-12-12,10500000,31500000
814,71,tt0249462,舞動人生,2000-09-28,5000000,109280263
815,971699,tt8649344,藍色的你,2023-02-10,0,110722
816,28468,tt0085328,慾望之翼,1983-10-19,0,0
817,935,tt0057012,奇愛博士,1964-01-29,1800000,9500000
818,76600,tt1630029,阿凡達：水之道,2022-12-14,460000000,2320250281
819,575264,tt9603212,不可能的任務：致命清算 第一章,2023-07-08,291000000,567535383
820,502356,tt6718170,超級瑪利歐兄弟電影版,2023-04-05,100000000,1362000000
821,603692,tt10366206,捍衛任務4,2023-03-22,90000000,440157245
822,872585,tt15398776,奧本海默,2023-07-19,100000000,952000000
823,346698,tt1517268,Barbie芭比,2023-07-19,145000000,1445638421
824,667538,tt5090568,變形金剛：萬獸崛起,2023-06-06,195000000,441381193
825,436270,tt6443346,黑亞當,2022-10-19,200000000,393452111
826,298618,tt0439572,閃電俠,2023-06-13,220000000,271333313
827,718930,tt12593682,子彈列車,2022-08-03,90000000,239300000
828,569094,tt9362722,蜘蛛人：穿越新宇宙,2023-05-31,100000000,690897910
829,976573,tt15789038,元素方城市,2023-06-14,200000000,496444308
830,493529,tt2906216,龍與地下城：盜賊榮耀,2023-03-23,151000000,208200000
831,787699,tt6166392,旺卡,2023-12-06,125000000,632302312
832,545611,tt6710474,媽的多重宇宙,2022-03-24,25000000,139200000
833,695721,tt10545296,飢餓遊戲：鳴鳥與游蛇之歌,2023-11-15,100000000,337371917
834,926393,tt17024450,私刑教育3,2023-08-30,70000000,191067560
835,980489,tt4495098,GT：跨界玩家,2023-08-09,60000000,121700000
836,968051,tt10160976,鬼修女II,2023-09-06,38500000,269670590
837,447277,tt5971474,小美人魚,2023-05-18,297000000,569626289
838,536554,tt8760708,窒友梅根,2022-12-28,12000000,181796517
839,739405,tt7985704,玩命特攻：武演行動,2023-01-04,50000000,37800000
840,670292,tt11858890,A.I.創世者,2023-09-27,80000000,104272136
841,565770,tt9362930,藍甲蟲,2023-08-16,104000000,130788072
842,594767,tt10151854,沙贊！眾神之怒,2023-03-15,125000000,134038006
843,646389,tt5884796,迫降危機,2023-01-12,25000000,74515586
844,299054,tt3291150,浴血任務4,2023-09-15,100000000,37917985
845,945729,tt22687790,威尼斯魅影謀殺案,2023-09-13,60000000,121400000
846,951491,tt21807222,奪魂鋸X,2023-09-27,13000000,125319714
847,882598,tt15474916,微笑,2022-09-23,17000000,217408513
848,614479,tt13405778,陰兒房：鬼門陰深處,2023-07-05,16000000,189086877
849,466420,tt5537002,花月殺手,2023-10-18,200000000,156922344
850,1022796,tt11304740,星願,2023-11-13,175000000,254997360
851,1050035,tt23736044,怪物,2023-06-02,0,0
852,800939,tt14109724,幸福入場券,2022-09-08,20000000,168800000
853,593643,tt9764362,五星饗魘,2022-11-17,35000000,79628200
854,539681,tt8912936,DC超級寵物軍團,2022-07-27,90000000,203000000
855,507089,tt4589218,佛萊迪餐館之五夜驚魂,2023-10-25,20000000,297144130
856,616747,tt1695843,幽靈公館,2023-07-26,157800000,117449790
857,758323,tt13375076,梵蒂岡驅魔士,2023-04-05,18000000,76987621
858,937278,tt7405458,超難搞先生,2022-12-28,50000000,108961677
859,652087,,AIR,2018-01-16,0,0
860,785084,tt13833688,我的鯨魚老爸,2022-12-09,3000000,55101305
861,890771,tt10279472,正宗巨齒鯊,2023-04-26,0,0
862,762430,tt6906292,爆復,2023-08-23,20000000,16700000
863,678512,tt7599146,自由之聲,2023-07-03,14500000,250600000
864,897087,tt15744298,超危險保鑣,2023-10-05,40000000,9112817
865,884605,tt15671028,珍愛硬起來,2023-06-15,45000000,83000000
866,615777,tt10640346,巴比倫,2022-12-22,78000000,63363579
867,717930,tt5761544,坎達哈行動,2023-05-25,30000000,9400000
868,653851,tt7693316,決戰38度線,2022-11-23,90000000,20000000
869,700391,tt12261776,65：恐怖行星,2023-03-02,45000000,60730568
870,532408,tt3427252,鬼出櫃,2023-05-31,41900000,66978229
871,614930,tt8589698,忍者龜：變種大亂鬥,2023-07-31,75000000,180513586
872,666277,tt13238346,之前的我們,2023-06-02,12000000,28126646
873,398818,tt5726616,以你的名字呼喚我,2017-07-28,3500000,43143046
874,649609,tt11358390,吸血鬼特助：雷菲爾,2023-04-07,65000000,26874347
875,155,tt0468569,黑暗騎士,2008-07-16,185000000,1004558444
876,899112,tt12003946,暴戾夜,2022-11-30,20000000,75734910
877,830784,tt14668630,鱷魚歌王,2022-10-07,50000000,104088441
878,768362,tt10855768,人肉搜索2：失蹤搜救,2023-01-19,7000000,45100756
879,664469,tt10304142,阿姆斯特丹,2022-09-27,80000000,31245810
880,1040148,tt27155038,變身少女露比,2023-06-28,70000000,46247409
881,891699,tt15799866,無聲夜,2023-11-30,0,0
882,615643,tt10633456,夢想之地,2021-02-12,2000000,12900000
883,747188,tt14230388,小行星城,2023-06-08,25000000,47281670
884,601635,tt10028196,拉辛正傳,2022-08-11,23000000,16000000
885,1071215,tt1448754,恐怖感恩劫,2023-11-16,15000000,46553280
886,616820,tt10665342,月光光新慌慌：萬聖結,2022-10-12,20000000,104374176
887,791177,tt10168670,骨肉的總和,2022-11-18,16000000,15234907
888,696157,tt12193804,與你共舞,2022-12-20,50000000,59800000
889,614939,tt9731598,哥兒們,2022-09-30,22000000,14800000
890,912908,tt15153532,復仇狗聯盟,2023-08-17,46000000,32000000
891,766475,tt13640696,看你往哪跑,2022-09-09,40000000,21921551
892,631842,tt15679400,敲敲門,2023-02-01,20000000,54700000
893,365620,tt3758542,法拉利,2023-12-14,95000000,39220516
894,758009,tt9686790,劫婚大作戰,2022-12-28,0,4495365
895,536437,tt8080204,催眠狙擊,2023-05-11,70000000,16014123
896,674324,tt11813216,伊尼舍林的女妖,2022-10-20,20000000,49300000
897,621587,tt10767052,下一球，勝利,2023-11-16,14000000,18062279
898,823482,tt21942866,夢行者保羅,2023-11-10,10000000,14114415
899,804150,tt14209916,熊蓋毒,2023-02-22,32500000,88314672
900,605886,tt10275534,限時追捕,2023-04-06,0,3138750
901,609768,tt9288740,親愛的大衛,2023-10-13,0,0
902,844409,tt14097206,一個人的朝聖,2023-04-27,0,0
903,876969,tt7720142,殺手迴戰,2023-02-24,0,188292
904,1015303,tt14013772,電梯遊戲,2023-07-12,0,302271
905,804095,tt14208870,法貝爾曼,2022-11-11,40000000,45629909
906,977013,tt3463938,鬼郵輪：瑪麗皇后號,2023-07-21,0,0
907,798286,tt13521006,寶可噩夢,2023-04-14,35000000,12337378
908,864168,tt15268244,喜幹會,2023-06-22,20000000,15800000
909,917007,tt4896168,鬼臥床,2023-02-10,0,0
910,837881,tt11198810,她有話要說,2022-11-17,32000000,13900000
911,839369,tt13651794,五月的你，十二月的她,2023-11-16,20000000,4232370
912,806368,tt14458442,愛．子,2022-11-10,0,3564844
913,829051,tt8373206,義美超級爸,2023-05-25,29100000,18167819
914,1004685,tt21376908,新核能時代,2022-09-09,0,0
915,798362,tt8002382,沼澤王的女兒,2023-09-28,0,0
916,1024773,tt15683734,印咒：畢舍遮,2023-09-06,0,4800000
917,942199,tt13130024,追殺代理人,2023-03-29,0,53095
918,75233,tt1736633,八月三十一日，我在奧斯陸,2011-08-31,0,1481665
919,1030987,tt21991654,地獄來的乘客,2023-07-20,0,0
920,59468,tt1441912,朝聖之路：聖雅各,2010-09-10,0,13900000
921,899524,tt14454876,贖罪日之戰,2023-08-23,0,7039677
922,1043565,tt14147224,屍蹤天使,2022-12-16,0,0
923,1074034,tt8270664,火線埋伏,2023-02-24,0,0
924,989473,tt11773810,上流謀殺案,2023-05-05,0,0
925,1004663,tt21374850,所有的美麗與血淚,2022-11-23,0,1483975
926,1113278,tt27619382,劊樂時光,2023-11-10,0,970781
927,823147,tt8129806,致蕾絲莉,2022-10-07,0,27322
928,1035806,tt22394702,俠探特攻：驚爆獨立日,2023-01-20,2000000,36171
929,814757,tt14402146,光影帝國,2022-12-09,13500000,11395604
930,13689,tt0438315,深夜加油站遇見蘇格拉底,2006-03-30,0,0
931,1156255,tt26450742,限時引爆,2023-08-18,0,0
932,176,tt0387564,奪魂鋸,2004-10-01,1200000,104004218
933,553147,tt9013340,大愚樂家,2023-05-12,0,0
934,1040892,tt15422224,樹懶殺三小,2023-08-30,350000,123000
935,927263,tt13660266,日出日落：屋頂上的提琴手,2022-04-29,0,6318
936,894169,tt14849038,血仇生死鬥,2022-05-17,0,0
937,853387,tt11893676,闇之祭,2023-10-26,0,0
938,101299,tt1951264,飢餓遊戲：星火燎原,2013-11-15,130000000,865011746
939,7859,tt0468489,我的左派老師,2006-08-11,700000,4911725
940,581,tt0099348,與狼共舞,1990-03-30,22000000,424208848
941,5279,tt0280707,謎霧莊園,2001-11-07,19800000,87754044
942,1989,tt0765120,我的藍莓夜,2007-11-28,10000000,21800000
943,84892,tt1659337,壁花男孩,2012-09-20,13000000,33384127
944,70160,tt1392170,飢餓遊戲,2012-03-12,75000000,694394724
945,1089,tt0102685,驚爆點,1991-07-12,24000000,83531958
946,68924,tt0119349,冰風暴,1997-09-27,18000000,8038061
947,245891,tt2911666,捍衛任務,2014-10-22,20000000,88761661
948,245,tt0276751,非關男孩,2002-04-26,27000000,129000000
949,579496,tt7461272,珍愛熱線,2022-10-27,0,0
950,577721,tt5629084,超級救援狗,2019-03-15,0,0
951,1306218,,海底世界,2023-08-10,0,0
952,849242,tt9317274,燃起希望之火,2022-11-02,0,0
953,11902,tt0114787,地下社會,1995-05-13,14000000,0
954,898230,tt17164334,雪后奇緣,2022-12-22,1900000,3400000
955,923579,tt24069962,喵喵博物館,2023-03-23,0,8093685
956,589759,tt11006950,胡桃鉗與魔笛公主的奇幻冒險,2022-11-03,3800000,3562423
957,576925,tt9572006,公主與野獸,2021-10-14,0,0
958,901358,tt17538510,柴可夫斯基的妻子,2022-11-11,0,1300000
959,818415,tt15815090,獵空計畫,2021-11-18,0,0
960,1653,tt0318462,革命前夕的摩托車日記,2004-02-06,0,57663224
961,611854,tt4741504,鷹勇潛艦,2022-10-14,3100000,196401
962,531428,tt8613070,燃燒女子的畫像,2019-09-18,5740000,9923127
963,944401,tt17009348,人犬,2023-09-27,22700000,4082217
964,194,tt0211915,艾蜜莉的異想世界,2001-04-25,10000000,173921954
965,11845,tt0256103,親密,2001-01-20,0,2672527
966,793998,tt13880104,正發生,2021-11-04,0,171765
967,811596,tt12264966,聖母院大火：世紀浩劫,2022-03-16,35000000,0
968,921452,tt17277414,杜巴利伯爵夫人,2023-05-16,22400000,13000000
969,960139,tt17505492,我的2年妓女生涯,2022-11-16,2600000,0
970,975762,tt19815386,摘星甜點王,2023-02-22,0,0
971,85033,tt1550312,花神咖啡館,2011-11-17,0,1674801
972,659959,tt10457128,85年的夏天,2020-07-14,6900000,3600000
973,745608,tt13639204,不離職冒險王,2022-06-29,0,0
974,749004,tt13204490,親愛的童伴,2021-06-02,3100000,1024575
975,785980,tt13217988,燃燒的玫瑰,2022-11-09,0,0
976,771077,tt13531468,再一次勇敢跳躍,2022-03-30,7780000,11196824
977,925714,tt16987062,無人相信的真相,2023-03-01,0,3900000
978,943134,tt16606592,進化症候群,2023-10-04,15200000,9138503
979,747779,tt13482828,美好的早晨,2022-10-05,0,1380392
980,429191,tt5639354,不思議女人,2017-04-06,0,1880736
981,786977,tt13729232,豪門心計,2022-10-05,0,0
982,925102,tt16953666,追兇12夜,2022-07-13,0,3467232
983,958219,tt19891500,榮耀之路,2023-02-08,5300000,0
984,478860,tt7374926,星星知我心,2019-11-27,6500000,0
985,944306,tt15385664,烈火浩劫,2023-03-08,0,0
986,1070449,tt26448811,塞納河上的船屋,2023-03-22,0,0
987,962543,tt19719862,爛人,2022-12-07,2600000,19833
988,865498,tt13361648,玩具當家,2022-10-19,0,7295051
989,925943,tt15376894,聖奧梅爾殺嬰案,2022-11-23,0,823074
990,893366,tt10290244,小淘氣尼古拉：快樂的源頭,2022-02-15,0,3813788
991,960275,tt14335980,揮灑心篇章,2022-12-07,0,0
992,958179,tt23741324,交響狂花,2023-01-25,4400000,0
993,889699,tt18550140,聖蛛,2022-07-13,0,1252637
994,852432,tt15152316,詭樓,2023-02-08,0,0
995,892515,tt14534796,販愛天堂,2022-11-01,14000000,6667598
996,678299,tt9320184,盲柳與沉睡的女人,2023-02-24,6900000,0
997,914203,tt18317064,有你就是家,2022-10-05,0,575385
998,1005409,tt21382354,像高達一樣寂寞,2023-06-05,0,19000
999,803694,tt15403712,她和他的女兒,2022-09-21,0,84178
1000,918044,tt17009856,冬日男孩,2022-11-30,4600000,0
1001,657198,tt14590650,唐璜羅曼死,2022-05-23,0,0
1002,952701,tt19719836,回到首爾,2022-11-18,0,1594998
1003,898673,tt16252698,愛情轉移,2023-06-28,0,1103374
1004,843093,tt14275050,愛在生命終結時,2022-11-16,5000000,0
1005,152584,tt2278871,藍色是最溫暖的顏色,2013-10-09,4300000,19465835
1006,848685,tt15006566,野獸們,2022-07-20,3900000,10238603
1007,736500,tt12847680,抓狂養老院,2022-02-16,0,0
1008,803688,tt26255358,小嫉妒,2023-08-30,0,456632
1009,881693,tt14313434,勇闖太空,2023-02-15,0,0
1010,848958,tt14976386,正年輕,2022-11-16,0,0
1011,788030,tt6993614,尋找第5味,2023-02-09,0,0
1012,892530,tt13729364,茱莉亞四重奏,2022-12-21,0,0
1013,964681,tt19758084,安妮艾諾 超八時光,2022-12-06,0,14632
1014,925459,tt12819094,地下疑雲,2022-06-29,0,0
1015,820697,tt13391708,五個惡魔,2022-08-31,3370000,46666
1016,926889,tt17014214,玫瑰母親,2022-11-25,3900000,170419
1017,740937,tt13389730,西蒙娜：世紀之聲,2022-10-12,0,0
1018,15383,tt0064040,影子軍隊,1969-09-10,0,906133
1019,40650,tt0039822,沉默之海,1949-04-22,0,0
1020,1629,tt0061473,中國女人,1967-08-30,0,30857
1021,5544,tt0052893,廣島之戀,1959-06-10,0,3193
1022,85927,tt0073166,印度之歌,1975-06-04,0,0
1023,131836,tt0054426,長別離,1961-05-17,0,0
1024,926889,tt17014214,玫瑰母親,2022-11-25,3900000,170419
1025,967874,tt14860210,戰爭開打之際,2023-01-04,0,8598322
1026,147,tt0053198,四百擊,1959-06-03,0,0
1027,997659,tt21230074,幸福的所在,2023-08-24,390000,0
1028,1008005,tt18072540,駭人骨娃娃,2023-02-09,0,0
1029,1026563,tt21199996,驅魔13,2022-11-04,0,1891519
1030,1053587,tt20215670,24小時賭命倒數,2023-04-12,0,0
1031,804251,tt11930126,桃子樹的最後豐收,2022-04-29,10250000,3324521
1032,1077684,tt21909682,轉生幻夢,2023-10-06,0,967213
1033,768726,tt11777920,湯恩與劍客汪汪隊,2021-06-25,0,0
1034,1091044,tt7710588,與達利有約,2023-06-15,0,0
1035,1064801,tt12748562,換宿夜驚魂,2023-09-15,0,0
1036,963765,tt13055264,荒漠斷背情,2023-05-26,0,1057090
1037,1933,tt0230600,神鬼第六感,2001-08-02,17000000,210002906
1038,994128,tt13968380,屍智症,2023-04-21,0,0
1039,1078920,tt15850538,情慾獨角獸,2023-05-19,0,0
1040,913991,tt15128358,驚獄77,2022-09-23,0,0
1041,496331,tt6277462,梵天神器：滅世開端,2022-09-08,22000000,0
1042,634120,tt7466810,幸運狗狗來造訪,2022-06-10,0,0
1043,872556,tt15386680,永遠的好麻吉,2022-11-11,0,0
1044,821494,tt9681686,天堂電影院,2022-01-06,2000000,0
1045,1121962,,屍禁,2022-12-29,0,0
1046,925786,tt16915972,鬼搖靈2：陰語陣陣,2022-07-30,900000,5909528
1047,1018518,tt21154728,鬼噤聲,2022-10-13,0,0
1048,960206,tt19623228,神選之地,2022-12-01,5000000,1560518
1049,49964,tt0093342,何處是我朋友的家？,1987-07-01,0,0
1050,47104,tt0111845,橄欖樹下的情人,1994-02-01,0,0
1051,83761,tt0105888,生生長流,1992-10-21,0,0
1052,1005299,tt21378744,片場風暴,2023-01-27,0,0
1053,1008043,tt13920920,德黑蘭雙面疑雲,2022-11-05,0,0
1054,974521,tt20205236,這裡沒有熊,2022-10-06,0,1067495
1055,517731,tt8269552,三張面孔,2018-06-06,0,0
1056,962558,tt19653180,萊拉兄弟,2022-08-24,0,785361
1057,782044,tt13419036,萬惡世代,2022-10-14,0,0
1058,888602,tt10514056,沉默呼聲,2022-08-12,0,0
1059,949000,tt20199286,長春事件,2023-04-07,0,0
1060,46738,tt1255953,烈火焚身,2010-09-17,6800000,6788659
1061,1128001,tt11790268,生命之舞,2023-10-20,0,0
1062,986088,tt14036276,絕命控制,2022-09-23,0,0
1063,9613,tt0278731,童魘,2002-11-06,0,5809240
1064,866611,tt6443330,她和她們的電影課,2021-10-08,0,69537
1065,783675,tt15242330,灌籃高手 THE FIRST SLAM DUNK,2022-12-03,0,258000000
1066,916224,tt16428256,鈴芽之旅,2022-11-11,0,323638107
1067,508883,tt6587046,蒼鷺與少年,2023-07-14,50000000,294200000
1068,1059572,tt26862791,新次元！蠟筆小新電影超能力大決戰～飛吧！手卷壽司～,2023-08-04,0,23839864
1069,1030587,tt21223380,電影哆啦A夢：大雄與天空的理想鄉,2023-03-03,0,37475850
1070,942881,tt22868842,鏡之孤城,2022-12-23,0,0
1071,553600,tt9116358,普羅米亞,2019-05-24,0,9869306
1072,876792,tt15467380,關於我轉生變成史萊姆這檔事劇場版 紅蓮之絆篇,2022-11-25,0,11426555
1073,129,tt0245429,神隱少女,2001-07-20,19000000,274925095
1074,887870,tt15737898,BLUE GIANT 藍色巨星,2023-02-17,0,0
1075,877840,tt15409816,角落小夥伴電影版：藍色月夜的魔法之子,2021-11-05,0,0
1076,149,tt0094625,阿基拉,1988-06-10,5700000,49000000
1077,916192,tt17382524,通往夏天的隧道，再見的出口,2022-09-09,0,872000
1078,610150,tt14614892,七龍珠超：超級英雄,2022-06-11,0,86600000
1079,1056803,tt27348312,青春豬頭少年不會夢到嬌憐外出妹,2023-06-23,0,0
1080,283566,tt2458948,新世紀福音戰士新劇場版：終,2021-03-08,29700000,93882453
1081,572154,tt9881586,青春豬頭少年不會夢到懷夢美少女,2019-06-15,0,0
1082,1388561,,HELLO WORLD,,0,0
1083,10515,tt0092067,天空之城,1986-08-02,3000000,5228752
1084,1086591,tt28036417,青春豬頭少年不會夢到紅書包女孩,2023-12-01,0,2050242
1085,977871,tt21115444,即使，這份戀情今晚會從世上消失,2022-07-29,0,0
1086,956564,tt21608894,破案天才伽利略：沉默的遊行,2022-09-16,0,0
1087,813477,tt14379088,新．假面騎士,2023-03-17,0,15787771
1088,872976,tt22474136,數碼寶貝02 THE BEGINNING,2023-04-01,0,0
1089,16859,tt0097814,魔女宅急便,1989-07-29,6900000,4493017
1090,1064669,tt27554389,電影版 勿說是推理,2023-09-15,0,0
1091,915403,tt16418362,GRIDMAN UNIVERSE,2023-03-24,0,0
1092,1056133,tt19413836,劇場版城市獵人：天使之淚,2023-09-08,0,6774090
1093,1083862,tt26674627,惡靈古堡：死亡島,2023-06-22,0,53929
1094,874745,tt15450826,僕愛君愛：致深愛妳的那個我,2022-10-07,0,0
1095,1064662,tt27190932,美麗的他電影版,2023-04-07,0,0
1096,874743,tt15439344,僕愛君愛：致我深愛的每個妳,2022-10-07,0,0
1097,473888,tt6578572,坂本龍一：終章,2017-11-04,0,960212
1098,31512,tt0768120,令人討厭的松子的一生,2006-05-27,0,0
1099,1037348,tt19869122,我的幸福婚約,2023-03-17,0,0
1100,1124341,tt27881314,SEE HEAR LOVE 看不見聽不見也愛你,2023-07-06,0,0
1101,1119211,tt27626792,歡迎來到駒田蒸餾所,2023-11-10,0,0
1102,5879,tt0074102,感官世界,1976-09-15,0,0
1103,1069813,tt25582396,岸邊露伴在羅浮,2023-05-26,0,0
1104,1114205,tt23644572,忌怪島,2023-06-16,0,0
1105,1108306,tt20860298,特別篇 吹響吧！上低音號～合奏團競賽篇～,2023-08-04,0,1650521
1106,698215,tt10787472,北齋：浮世繪傳奇,2021-05-29,0,0
1107,961257,tt21652624,月之圓缺,2022-12-02,0,0
1108,978039,,特『刀劍亂舞-花丸-』～雪之卷～,2022-05-20,0,0
1109,966709,tt15715792,天使降臨到我身邊！珍貴的朋友,2022-10-14,0,0
1110,991190,tt21105546,金之國水之國,2023-01-27,0,0
1111,1027273,tt22006138,愛是自私,2023-02-10,0,0
1112,1081641,,特『刀劍亂舞-花丸-』～華之卷～,2022-07-08,0,0
1113,1081640,,特『刀劍亂舞-花丸-』～月之卷～,2022-07-08,0,0
1114,1029475,tt27930733,快一秒的他,2023-07-07,0,0
1115,1029486,tt22777600,湯道,2023-02-23,0,0
1116,936490,tt18395238,百花,2022-09-09,0,0
1117,698201,tt11923304,東京復仇者,2021-07-09,0,0
1118,930432,tt17008472,信用詐欺師JP：英雄篇,2022-01-14,0,0
1119,1030205,tt22037646,來自雪國的遺書,2022-12-09,0,0
1120,961415,tt19845354,TANG,2022-08-11,0,0
1121,869886,tt20251822,那個男人,2022-11-18,0,0
1122,22970,tt1259521,詭屋,2012-04-12,30000000,71038838
1123,37797,tt0113824,心之谷,1995-07-15,0,0
1124,1029621,tt24670176,#人孔,2023-06-29,0,0
1125,348869,tt1301178,暗湧情事,2019-05-15,0,0
1126,958017,tt21649884,邪惡的孩子,2022-09-01,0,0
1127,1119114,tt28635008,寬鬆世代又怎樣：INTERNATIONAL,2023-10-13,0,0
1128,853821,tt14311250,青春特調蜂蜜檸檬蘇打,2021-07-09,0,0
1129,1106904,tt28347814,窗邊的小荳荳,2023-12-08,0,0
1130,928730,tt17309864,惠子不能輸,2022-12-16,0,0
1131,1129646,tt28444512,斷捨離天堂,2023-06-30,0,0
1132,958487,tt19719904,七五計劃,2022-06-17,0,0
1133,11830,tt0092048,蒲公英,1985-11-23,1500000,0
1134,42095,tt0089746,葬禮,1984-11-17,0,0
1135,819163,tt11179000,指尖上綻放的愛,2022-11-04,0,0
1136,1068607,tt25399466,SSSS.DYNAZENON 劇場總集篇,2023-03-10,0,0
1137,1062844,tt27510170,銀河鐵道之父,2023-05-05,0,0
1138,18872,tt0113725,幻之光,1995-10-01,0,0
1139,800151,tt14141970,映画: フィッシュマンズ,2021-07-09,0,0
1140,1024298,tt22651844,舌尖上的禪,2022-11-11,0,0
1141,961410,tt21647658,彬與瑛,2022-08-26,0,0
1142,971602,tt21819780,追海豚的長崎夏日,2022-08-19,0,0
1143,2517,tt0408664,無人知曉的夏日清晨,2004-08-07,0,0
1144,1029479,tt24161580,名偵探神助理：黃金螺旋之謎,2023-03-31,0,0
1145,950863,tt21216020,我們的黎明,2022-10-21,0,0
1146,1029484,tt22648994,千輝同學未免甜得過火,2023-03-03,0,0
1147,746257,tt13369122,天外者,2020-12-11,0,0
1148,1120459,tt28259022,天一亮，就想見到你,2023-09-01,0,0
1149,1115167,tt28756694,花腐,2023-11-10,0,0
1150,1034660,tt21434474,黑夜遊行,2022-12-23,0,0
1151,25050,tt1087578,橫山家之味,2008-06-28,0,3511120
1152,37585,tt0089206,銀河鐵道之夜,1985-07-13,0,0
1153,1017441,tt22062330,名偵探麻里子最悲慘的一天,2023-06-30,0,0
1154,961266,tt21816922,線，畫出的我,2022-10-21,0,0
1155,961267,tt19845444,善良的牧本先生,2022-09-30,0,0
1156,1156189,tt28490873,坂本龍一：OPUS,2023-12-27,0,0
1157,828948,tt23322952,呼叫愛美子,2022-07-08,0,0
1158,38405,tt0100991,怪談比留子,1991-05-11,0,0
1159,160642,tt2271315,電影哆啦A夢：大雄與奇跡之島,2012-03-03,0,46180706
1160,1064872,tt31407003,銀平町的電影時光,2023-02-10,0,0
1161,46361,tt1077089,魔幻時刻,2008-06-07,0,0
1162,1035647,tt28489497,離不開你的依賴,2023-02-03,0,0
1163,1076535,tt26689671,謎樣的你,2023-04-14,0,0
1164,1019661,tt21944604,夏洛克的孩子們,2023-02-17,0,0
1165,804032,tt14190918,她喜歡的是,2022-11-27,0,0
1166,1067298,tt27745148,冰淇淋般的愛戀,2023-07-14,0,0
1167,112903,tt0498587,有頂天大飯店,2006-01-14,0,0
1168,968146,tt26930646,渴水,2023-06-02,0,0
1169,1040496,tt27510455,明天星期一,2022-10-14,0,0
1170,42341,tt1160629,破案天才伽利略：嫌疑犯X的獻身,2008-10-04,0,0
1171,4935,tt0347149,霍爾的移動城堡,2004-09-09,24000000,236049757
1172,994741,tt22046186,百合的雨聲,2022-10-14,0,0
1173,846716,tt15165236,手,2004-09-10,0,0
1174,879008,tt15625968,夜鷹的單戀,2022-09-16,0,0
1175,57118,tt1606180,這就是我,2011-04-29,5000000,0
1176,130023,tt1677603,鬼壓床了沒,2011-10-29,0,0
1177,81296,tt0127310,超市之女,1996-06-15,0,0
1178,204702,tt2412556,破案天才伽利略：真夏方程式,2013-06-28,0,0
1179,872667,tt14246570,艾莉絲旅館,2022-02-18,0,0
1180,760765,tt13409496,扶桑花女孩之舞,2021-12-03,0,0
1181,42011,tt0093502,女稅務員,1987-02-07,0,0
1182,1009447,tt22467872,愛情失格,2022-11-11,0,0
1183,164207,tt0133089,受監護的女人,1997-09-27,0,0
1184,969441,tt30750832,唱出戀愛的苦惱,2022-05-27,0,0
1185,110283,tt0104874,民暴之女,1992-05-16,0,0
1186,1134409,,託生君系列：很長很長的故事開始的早晨,2023-08-17,0,0
1187,33431,tt0330904,六月之蛇,2003-06-13,0,0
1188,41962,tt0095597,女稅務員2,1988-01-15,0,0
1189,128,tt0119698,魔法公主,1997-07-12,23500000,169000000
1190,12429,tt0876563,崖上的波妞,2008-07-19,34000000,202404009
1191,1026301,tt22437974,革命＋1,2022-12-24,0,0
1192,83183,tt0098972,鴻運女,1990-06-02,0,0
1193,83205,tt0106651,大病人,1993-05-29,0,0
1194,1021860,,人體動物圖鑑：烏龜的殼其實是肋骨,2022-10-28,0,0
1195,85032,tt1842532,狂琴畸戀,2011-11-26,0,0
1196,962571,tt19719976,愛情美樂地,2022-11-18,0,1200000
1197,958291,tt19785426,地中海發燒友,2022-12-14,0,0
1198,598,tt0317248,無法無天,2002-08-30,3300000,30641770
1199,580175,tt10288566,醉好的時光,2020-09-24,5150000,21700000
1200,958234,tt15387506,壞教慾女孩,2023-03-09,0,0
1201,983883,tt22742964,關於我和鬼變成家人的那件事,2023-02-10,1874400,15410325
1202,804725,tt24786154,想見你,2022-12-24,0,62655572
1203,1016392,tt27671269,請問，還有哪裡需要加強,2023-07-28,0,0
1204,1046090,tt29319990,周處除三害,2023-10-06,0,91608950
1205,999087,tt21962086,女鬼橋2：怨鬼樓,2023-10-13,0,0
1206,1005555,tt22498834,流麻溝十五號,2022-10-28,0,0
1207,993092,tt28349905,我的麻吉4個鬼,2023-08-18,0,0
1208,977209,tt20247796,化劫,2023-06-21,0,0
1209,1012267,tt27033991,速命道,2023-04-27,0,0
1210,1054087,tt29195650,BIG,2023-11-17,0,0
1211,1022862,tt24330660,詐團圓,2023-01-20,0,0
1212,1047003,tt27766132,惡女,2023-10-27,0,0
1213,1040284,tt26686436,疫起,2023-04-14,0,0
1214,1006763,tt22742070,查無此心,2023-09-08,0,0
1215,49982,tt0096908,悲情城市,1989-10-21,0,0
1216,1007962,tt22463402,罪後真相,2022-10-28,0,0
1217,1025086,tt22757470,你在我心上,2022-10-21,0,0
1218,956288,tt26686277,本日公休,2023-03-03,0,0
1219,991898,tt22754786,山中森林,2023-01-13,0,0
1220,1006012,tt29452517,老狐狸,2023-11-24,0,0
1221,975812,tt22370990,哈勇家,2022-11-11,0,0
1222,1080494,,我最愛的笨男人,2023-09-08,0,0
1223,996108,tt27811012,車頂上的玄天上帝,2023-11-17,0,0
1224,734732,tt12929746,海霧,2020-09-11,2000000,0
1225,1005996,tt29566160,小曉,2023-12-08,0,0
1226,205464,tt0105382,少年吔，安啦！,1992-07-03,0,0
1227,1022108,tt28265358,他馬克老闆,2023-09-22,0,0
1228,741329,tt22476934,黑的教育,2023-03-03,0,0
1229,1168337,,赤心巔峰,2023-10-14,0,0
1230,957112,tt22497950,科學少女,2022-09-16,0,0
1231,1021768,tt22746776,南方，寂寞鐵道,2023-06-09,0,0
1232,1036397,tt27671363,成功補習班,2023-09-22,0,0
1233,937356,tt19609954,神人之家,2022-11-25,0,0
1234,1006694,tt22398358,我心我行,2022-11-11,0,0
1235,899460,tt22335454,一家子兒咕咕叫,2022-11-18,0,0
1236,975810,tt28220721,我和我的賽車老爸,2023-09-08,0,0
1237,1006024,tt27928749,青春並不溫柔,2023-10-27,0,0
1238,1077310,tt27042866,不能流淚的悲傷,2023-02-14,0,8180000
1239,1084783,tt27033944,守護黑面琵鷺,2023-03-24,0,0
1240,1096018,,消失的紫斑蝶,2023-05-19,0,0
1241,1168336,tt29236840,撼山河 撼向世界,2023-11-17,0,0
1242,1029179,tt22463330,九槍,2023-09-01,0,0
1243,1006683,tt27996285,溟溟,2023-06-16,0,0
1244,1007976,tt21116954,我的天堂城市,2023-09-15,0,0
1245,662400,tt11697820,日子,2021-05-21,0,0
1246,1026182,,孫行者傳,2022-10-14,0,0
1247,1017006,,舞徑,2022-09-16,0,0
1248,1167792,tt29497968,邀阿公阿嬤拍B級殭屍片,2023-10-13,0,0
1249,1050665,,一起一起,2023-02-03,0,0
1250,1088428,tt29115028,少男少女,2023-11-17,0,14294
1251,272122,tt0337507,油麻菜籽,1983-04-01,0,0
1252,829584,tt15446628,徘徊年代,2022-07-22,0,0
1253,975817,tt28525465,空巢,2023-04-21,0,0
1254,1032330,,無邊,2023-01-06,0,0
1255,1170696,,機甲英雄 劇場版 我與我等於無限大,2023-08-04,0,0
1256,1121326,,WOMEN 我們不知道的事,2023-08-18,0,0
1257,1209560,,花若盛開,2023-09-15,0,0
1258,1155680,tt28484838,愛是一把槍,2023-12-15,0,0
1259,899464,tt21969886,夢遊樂園,2023-03-15,0,0
1260,814174,tt14071634,夏日天空的那匹紅馬,2022-12-23,0,0
1261,1093453,,炸彈客,2023-04-21,0,0
1262,1125053,,擒慾女王,2023-05-19,0,0
1263,1117283,,麻罪犯,2023-04-28,0,0
1264,1153794,,獸刑,2023-08-04,0,0
1265,1200506,,稻浪上的夢想家,2022-11-18,0,0
1266,1130343,,花開富貴,2023-06-09,0,0
1267,1165736,,X,2023-09-01,0,0
1268,1121017,,人之初性本善,2023-10-06,0,0
1269,937101,tt15435040,動物感傷の清晨,2023-10-13,0,0
1270,975681,,家家,2022-12-16,0,0
1271,1039769,tt19876798,失序正義,2022-11-25,0,0
1272,1035872,,勸世三姊妹：大銀幕特別版,2022-05-14,0,0
1273,1331693,tt31913644,穿著旗袍的女孩,2024-09-06,0,0
1274,1177667,tt30488449,妖怪森林,2024-01-19,0,0
1275,1007944,tt29115814,壞男孩,2024-01-05,0,0
1276,1016255,tt27936806,鑽石水族世界,2022-10-15,0,0
1277,1008742,tt30842823,小子,2024-02-08,0,0
1278,438210,tt1216278,彩雲飛,1973-06-30,0,0
1279,87953,tt0082371,風兒踢踏踩,1981-11-18,0,0
1280,660002,tt10415576,第一爐香,2021-10-22,0,0
1281,931102,tt15430628,龍馬精神,2023-04-07,0,36232675
1282,1022830,tt18689962,一直一直都很喜歡你,2023-06-30,0,0
1283,1019619,tt18673234,海的盡頭是草原,2022-09-09,0,0
1284,862855,tt15413054,峰爆,2021-09-11,0,58340541
1285,824738,tt8519380,熱帶往事,2021-06-12,0,0
1286,820099,tt11482948,古董局中局,2021-12-02,0,0
1287,627087,tt10189300,不丹是教室,2019-11-16,0,0
1288,499556,tt8020896,大象席地而坐,2018-12-14,2500000,0
1289,11599,tt0234837,蘇州河,2000-04-04,0,0
1290,682152,tt14859416,炎日,2022-12-09,0,0
1291,665733,tt13231544,春風勁草,2023-07-12,3720000,0
1292,1111750,tt14330672,再見了！茱莉亞,2023-11-08,0,0
1293,838209,tt27802490,破墓,2024-02-22,0,97974828
1294,745881,tt13446168,薩滿,2021-07-14,0,7230000
1295,1017163,tt27811040,犯罪都市4,2024-04-24,0,83703350
1296,1317874,tt32938930,세븐틴 투어 ‘팔로우’ 어게인 투 시네마,2024-08-14,0,1857169
1297,1314450,tt33368329,再見，福寶,2024-09-04,0,0
1298,1147710,tt31624258,亡命機劫,2024-06-21,0,14602614
1299,1307028,tt32881486,블랙핑크 월드투어 [본 핑크] 인 시네마,2024-07-31,0,0
1300,726139,tt25808194,寂噤計畫,2024-07-11,14750000,6283415
1301,965094,tt32175399,變身機長,2024-07-31,0,30937400
1302,1315707,tt32903026,정국: 아이 엠 스틸,2024-09-18,0,18500823
1303,1229421,,aespa: MY First page,2024-02-14,0,99635
1304,844386,tt22505124,鬼車站,2023-04-19,0,2305305
1305,1169340,tt32013903,屍咒,2024-03-29,0,257377
1306,919207,tt22507524,12.12：首爾之春,2023-11-22,0,0
1307,921436,tt31898445,絕地逃生,2024-07-03,0,13368094
1308,1137172,tt28230511,MAMAMOO：MY CON THE MOVIE,2023-06-21,0,0
1309,626412,tt20201212,外星+人2：回到未來,2024-01-10,0,10824208
1310,946615,tt19383926,세븐틴 파워 오브 러브 : 더 무비,2022-04-28,0,0
1311,995926,tt30287778,辣手警探2,2024-09-13,0,53453611
1312,865910,tt26591189,超完美暗殺隊,2024-05-29,0,0
1313,41531,tt1562328,聽說,2009-08-28,0,0
1314,1361488,,IVE The 1st World Tour in Cinema,2024-10-16,0,0
1315,743815,tt32220831,她死了,2024-05-15,0,0
1316,736720,tt32475217,找死凶宅,2024-06-26,0,14439610
1317,1168166,tt28995831,鬼6怨,2023-10-18,0,0
1318,977155,tt26679073,8釐米：詛咒影帶,2023-02-01,23316420,0
1319,1007127,tt31315820,神鬼對決,2024-03-27,0,6676327
1320,660355,tt12663266,心葬,2024-11-14,0,1309215
1321,696047,tt30364726,金派特攻隊,2024-01-24,0,11976305
1322,581394,tt11692284,沒有國家的冠軍,2023-09-27,0,0
1323,1375053,,Baekhyun: Lonsdaleite [dot] in Cinemas,2024-11-27,0,0
1324,987540,tt29031126,雉岳山怪談,2023-09-13,0,0
1325,936245,tt34490115,窺鏡,2024-11-20,0,0
1326,661681,tt12664652,鬼媽媽的假期,2023-12-06,0,0
1327,714651,tt22298582,全羅道少年殺人事件,2023-11-01,0,0
1328,848145,,水鬼,2021-07-30,0,0
1329,936243,tt27002199,魯蛇大翻身,2023-04-05,0,0
1330,1154154,tt33022813,在熙的男，朋友,2024-10-01,0,6229165
1331,644714,tt15426974,攔截聲命線,2021-09-15,0,11772156
1332,717088,tt29466094,首爾單身日記,2023-11-29,0,0
1333,987538,tt28710841,邪體：鬼拼屠,2023-08-30,0,0
1334,838206,tt32322546,60分鐘亡命直播,2024-06-12,0,0
1335,660360,tt22813112,露梁：死亡之海,2023-12-20,40000000,34210966
1336,876127,tt30911335,日日好狗日,2024-02-07,0,0
1337,1338226,,태용: 티와이 트랙 인 시네마,2024-09-25,0,0
1338,1063814,tt27176023,警賊黑白衝,2024-08-21,0,0
1339,1300157,tt32799289,塔羅牌,2024-06-14,0,0
1340,973628,tt28488187,非普通家族,2024-10-16,0,0
1341,799710,tt14916052,惡獸之戰,2023-11-15,0,0
1342,1234114,,當我的指尖觸碰到你的溫度時,2024-05-15,0,0
1343,1189165,,電影版 淘氣小企鵝啵樂樂 超級明星大冒險,2023-12-08,0,0
1344,783111,tt32933495,幸福國度,2024-08-14,0,0
1345,1314446,,薩滿新娘,2024-09-04,0,0
1346,746349,tt27304839,愛殺特攻隊,2023-04-14,0,0
1347,1005533,tt26736481,惡鄰羅曼史,2023-07-05,0,0
1348,15859,tt0428870,腦海中的橡皮擦,2004-11-05,4200000,0
1349,1117291,tt28077172,那年夏天，想見妳,2023-06-07,0,0
1350,717712,tt27830625,韓國都市恐怖怪談：詭手,2023-06-21,0,0
1351,40167,tt1588356,美麗的聲音,2010-01-28,0,0
1352,976581,tt20114686,皇后復仇中,2023-12-01,0,0
1353,978592,tt8542964,超危險警探,2024-03-21,0,0
1354,938250,tt18235146,餓之必要,2023-09-27,0,0
1355,976893,tt27503384,我的完美日常,2023-11-10,14000000,24094016
1356,582,tt0405094,竊聽風暴,2006-03-23,2000000,70000000
1357,998022,tt26612950,失控教室,2023-05-04,0,0
1358,888768,tt15740596,56種喝采,2023-09-28,0,0
1359,900379,tt26440619,野火蔓延時,2023-04-20,0,2147526
1360,936117,tt14439178,戰火下的小狐狸,2023-04-13,0,0
1361,982202,tt13506526,金髮毒藥,2024-01-17,0,115632
1362,1061855,tt14514964,飛鳥總動員,2023-03-23,0,6500000
1363,104,tt0130827,蘿拉快跑,1998-08-20,1530000,7660911
1364,951051,tt27148236,全面監視,2023-03-21,0,0
1365,623184,tt8892064,未來的我們,2020-09-24,0,0
1366,978580,tt16103266,巴赫曼-沙漠追愛之旅,2023-06-09,0,0
1367,958186,tt26315142,最後一次的生日派對,2023-09-07,0,163399
1368,772450,tt14212142,惡夢偵相,2022-09-07,0,0
1369,29264,tt0056732,泯滅天使,1962-05-16,0,0
1370,730256,tt27816866,薩滿男孩,2024-04-24,0,0
1371,986855,tt21605226,如果我可以冬眠,2024-01-10,0,0
1372,1017063,tt19363554,收陰機,2023-03-02,0,0
1373,837335,tt14561712,盜墓奇美拉,2023-10-12,0,4933288
1374,803700,tt14641542,回不去的那座山,2022-12-21,0,9494985
1375,700819,tt6832210,如果可以再死一次,2023-01-26,0,0
1376,937746,tt14225838,少年的漂浪旅程,2023-09-07,13272819,0
1377,1026227,tt21800162,我們還有明天,2023-10-26,9000000,49245771
1378,801112,tt14137416,教宗家的小兒子,2023-05-25,14100000,4123091
1379,1023962,tt4707780,流浪吉普賽,2023-11-09,0,0
1380,838876,tt15213704,歡迎光臨黑手黨餐廳,2022-04-26,0,0
1381,571468,tt7270808,蓋世怪胎,2021-10-28,12000000,0
1382,1043997,tt9320170,盛夏最溫暖的初戀,2023-08-24,0,0
1383,1070535,tt25730490,鬼影直播,2023-08-25,2150000,0
1384,1015936,tt20782072,巫術,2022-10-28,2200000,0
1385,3423,tt0064165,生活瑣事,1970-03-13,0,0
1386,1280832,tt32277855,流氓驅魔師,2024-05-30,0,0
1387,1287250,tt32363253,小孩不笨3,2024-06-06,0,0
1388,782936,tt11212572,巫母,2022-11-03,0,0
1389,916405,tt15109082,夏日悄悄話,2022-05-12,1,6
1390,1027073,tt15782690,罪惡對決,2023-10-06,0,0
1391,1050904,tt20420790,踹你死功夫,2023-12-08,2900000,14861
1392,1078810,tt26006472,富豪遊戲,2024-09-13,0,0
1393,1309123,tt32740311,湄公河水鬼,2024-08-16,0,0
1394,1202618,tt30460383,鬼怨偶,2023-12-15,0,0
1395,1210973,tt31174028,再愛一次,2024-02-10,0,0
1396,1222274,tt30611573,鬼厄犬,2023-12-29,0,0
1397,906467,,鬼妹,1985-01-01,0,0
1398,1327383,tt31710879,草迷宮恐怖殺人事件,2024-09-04,0,0
1399,989589,tt10370812,血色之路,2023-10-11,0,0
1400,1090031,tt26773666,靠近維梅爾,2023-05-26,0,0
1401,1027982,tt27445004,富都青年,2023-12-01,653000,1363827
1402,973587,tt28449053,五月雪,2023-11-17,0,0
1403,1058616,tt24082438,戰場日記,2023-07-14,0,21000
1404,1134433,tt29609422,鬼聲泣,2023-10-25,0,15150000
1405,1103621,tt31392609,金孫爆富攻略,2024-04-04,0,73800000
1406,1247019,tt31513578,鬼聲泣2,2024-10-10,0,20730000
1407,1244361,tt32750439,屍控戰場,2024-08-01,0,0
1408,1167366,tt28766949,跳越時空的愛戀,2024-07-04,0,0
1409,1241429,,屍油降,2024-02-29,0,0
1410,1113119,tt29633446,送葬人,2023-10-05,0,20000000
1411,810406,tt14296268,2gether電影版：只因我們天生一對,2021-04-22,0,0
1412,1181045,,鬼妻塚,2023-10-12,0,0
1413,1102510,,鬼面女,2024-01-18,0,152465
1414,1226170,tt32490826,猛鬼大學：邪無止禁,2024-05-30,0,0
1415,1288175,tt33477753,死命必達,2024-12-10,0,0
1416,1322616,,鬼碟仙,2024-10-31,0,0
1417,1100705,,邪妓,2023-08-17,0,0
1418,1257388,tt32380407,哈囉！萌鬼屋,2024-05-01,0,4527000
1419,1143959,tt27788834,鬼禁地,2024-07-11,0,0
1420,1093215,tt28937890,他的最後一個朋友,2023-10-26,0,0
1421,1290213,tt32362537,404宿靈速速逃,2024-11-28,0,0
1422,1113142,,暹羅詛咒,2023-09-14,0,0
1423,1052160,tt24744192,分期付款愛上你,2024-04-25,0,300000
1424,1290206,tt32362515,荊棘天堂,2024-08-22,0,3984000
1425,1076011,tt28686328,情牽浮生戲,2023-08-24,0,0
1426,17111,tt0440803,鬼影,2004-09-09,125000,0
1427,1224589,tt31145295,惡業,2024-01-25,0,2082578
1428,511819,tt8399288,記憶,2021-09-30,0,0
1429,1072493,tt30625404,屍控大賣場,2023-12-28,0,0
1430,1072582,tt30103412,可恨的初戀！,2023-10-12,0,0
1431,977179,tt25406060,初戀你我他,2023-02-09,0,0
1432,1113071,tt30957694,唐人街恰恰,2024-01-18,1000000,91452
1433,1208994,tt30320576,荒野心家園,2024-04-15,0,0
1434,68477,tt0228807,催眠,1999-06-05,0,0
1435,923667,tt20316748,九龍城寨之圍城,2024-04-23,38400000,95399186
1436,823598,tt14099796,金手指,2023-12-30,45000000,6136329
1437,999056,tt21330770,潛行,2023-12-29,0,76000
1438,1226141,tt31648020,破·地獄,2024-11-09,0,0
1439,991197,tt30958950,臨時劫案,2024-01-19,0,32972054
1440,1128650,tt30024043,誤判,2024-12-08,38500000,33318954
1441,989909,tt19029666,海關戰線,2024-06-28,0,18333795
1442,942074,tt27139786,但願人長久,2024-04-11,650000,0
1443,957863,tt27881474,年少日記,2023-11-16,415000,0
1444,1063863,tt28594068,七月返歸,2023-09-14,0,0
1445,1136690,tt31659167,我談的那場戀愛,2024-08-23,0,2403433
1446,1050491,tt22776798,怨泊,2022-11-21,0,0
1447,990326,tt25377462,毒舌大狀,2023-01-20,2800000,10000000
1448,851800,tt21187542,飯戲攻心,2022-09-07,0,10138355
1449,993156,tt30488315,白晝如焚,2024-04-04,0,0
1450,1095805,tt33420331,武替道,2024-09-14,0,0
1451,674813,tt11810546,幻愛,2020-07-02,0,0
1452,1172012,tt29571399,困獸,2023-10-27,0,0
1453,740467,tt13887128,濁水漂流,2021-06-03,0,0
1454,1020784,tt29632851,爆裂點,2023-12-08,0,0
1455,1187970,tt30478127,飯戲攻心2,2024-02-09,0,4871447
1456,998137,tt31159533,填詞L,2024-03-07,0,0
1457,1184505,tt30474040,不是你不愛你,2023-12-23,0,0
1458,957861,tt22398026,窄路微塵,2022-12-22,0,0
1459,1098275,tt27121093,詩,2023-11-23,0,0
1460,1157680,tt30439035,從今以後,2024-05-01,0,0
1461,991193,tt22000856,源生罪,2024-01-18,0,0
1462,72445,tt0084807,投奔怒海,1982-10-13,0,1988145
1463,1178574,tt33499985,爸爸,2024-12-05,0,0
1464,1117166,,來世還作人,2024-05-16,0,0
1465,1100901,tt28637452,全個世界都有電話,2023-08-17,0,0
1466,1177518,tt29244335,夜校,2023-11-02,0,0
1467,600354,tt10272386,父親,2020-12-23,6000000,21029340
1468,965150,tt19770238,日麗,2022-10-21,0,7834405
1469,467244,tt7160372,夢想集中營,2023-12-15,15000000,52631884
1470,804616,tt22863968,逃出狂鯊島,2024-03-22,0,0
1471,655,tt0087884,巴黎，德州,1984-07-16,1750000,2181987
1472,567811,tt7959138,九命貓的奇幻旅程,2024-04-18,0,16219846
1473,785429,tt12981702,森之聲：猩火燎原,2024-02-23,37500000,2779874
1474,714675,tt12531856,失速芭蕾,2023-11-02,0,324522
1475,1010600,tt22050754,嗜殺路人甲,2024-05-15,8500000,48166448
1476,1079485,tt23330554,小熊維尼2：噬血維尼,2024-03-26,500000,7582541
1477,571,tt0056869,鳥,1963-03-28,2500000,11500000
1478,1215918,tt22767628,黑水巷,2024-06-21,0,0
1479,970348,tt19883634,老橡樹酒館,2023-09-29,0,7702015
1480,1104840,,小提琴天后慕特：愛樂一生,2023-03-28,0,0
1481,879689,tt14946978,邪厄恩典,2023-12-01,0,0
1482,971699,tt8649344,藍色的你,2023-02-10,0,110722
1483,1274237,tt32778124,布勒合唱團：溫布利球場演唱會,2024-09-06,0,0
1484,896639,tt13968794,天生女王,2022-04-21,0,0
1485,935906,tt8649252,怪胎女孩,2023-08-25,84,1234483
1486,1130053,tt27819388,地獄灰姑娘,2024-05-31,0,47300
1487,1375774,tt34227779,Laufey's A Night at the Symphony: Hollywood Bowl,2024-12-06,0,845370
1488,28468,tt0085328,慾望之翼,1983-10-19,0,0
1489,1075175,tt22890246,非關性愛,2023-11-02,0,1216642
1490,800301,tt13430858,忙愛不如盲婚,2023-01-26,0,10898395
1491,76406,tt0090182,尋找小津,1985-04-24,0,0
1492,171372,tt1605717,法蘭克,2014-05-09,1000000,1897363
1493,575264,tt9603212,不可能的任務：致命清算 第一章,2023-07-08,291000000,567535383
1494,475557,tt7286456,小丑,2019-10-01,55000000,1078958629
1495,533535,tt6263850,死侍與金鋼狼,2024-07-24,200000000,1338073645
1496,693134,tt15239678,沙丘：第二部,2024-02-27,190000000,714444358
1497,872585,tt15398776,奧本海默,2023-07-19,100000000,952000000
1498,346698,tt1517268,Barbie芭比,2023-07-19,145000000,1445638421
1499,438631,tt1160419,沙丘,2021-09-15,165000000,407573628
1500,912649,tt16366836,猛毒最終章：最後一舞,2024-10-22,120000000,478103649
1501,569094,tt9362722,蜘蛛人：穿越新宇宙,2023-05-31,100000000,690897910
1502,945961,tt18412256,異形：羅穆路斯,2024-08-13,80000000,350865342
1503,1241982,tt13622970,海洋奇緣2,2024-11-21,150000000,1037197703
1504,787699,tt6166392,旺卡,2023-12-06,125000000,632302312
1505,976573,tt15789038,元素方城市,2023-06-14,200000000,496444308
1506,653346,tt11389872,猩球崛起：王國誕生,2024-05-08,160000000,397378150
1507,718821,tt12584954,龍捲風暴,2024-07-10,155000000,370962265
1508,573435,tt4919268,絕地戰警：生死與共,2024-06-05,100000000,404547819
1509,695721,tt10545296,飢餓遊戲：鳴鳥與游蛇之歌,2023-11-15,100000000,337371917
1510,926393,tt17024450,私刑教育3,2023-08-30,70000000,191067560
1511,866398,tt15314262,蜂刑者,2024-01-08,35000000,152720535
1512,980489,tt4495098,GT：跨界玩家,2023-08-09,60000000,121700000
1513,968051,tt10160976,鬼修女II,2023-09-06,38500000,269670590
1514,786892,tt12037194,芙莉歐莎：瘋狂麥斯傳奇篇章,2024-05-22,170000000,173775791
1515,762441,tt13433802,噤界：入侵日,2024-06-26,67000000,261786322
1516,1184918,tt29623480,荒野機器人,2024-09-12,78000000,324816010
1517,402431,tt1262426,魔法壞女巫,2024-11-20,150000000,722173180
1518,792307,tt14230458,可憐的東西,2023-12-07,35000000,117607117
1519,1022796,tt11304740,星願,2023-11-13,175000000,254997360
1520,845781,tt14948432,紅色一號,2024-10-31,250000000,185700759
1521,762509,tt13186482,獅子王：木法沙,2024-12-18,200000000,653010210
1522,157336,tt0816692,星際效應,2014-11-05,165000000,746606706
1523,1011985,tt21692408,功夫熊貓 4,2024-03-02,80000000,548040835
1524,1167271,tt28142896,台北追緝令,2024-09-19,30000000,2826064
1525,746036,tt1684562,特技玩家,2024-04-24,125000000,181073291
1526,698687,tt8864596,變形金剛：源起,2024-08-14,75000000,128888103
1527,670292,tt11858890,A.I.創世者,2023-09-27,80000000,104272136
1528,945729,tt22687790,威尼斯魅影謀殺案,2023-09-13,60000000,121400000
1529,951491,tt21807222,奪魂鋸X,2023-09-27,13000000,125319714
1530,933260,tt17526714,懼裂,2024-09-07,17500000,76506196
1531,929590,tt17279496,帝國浩劫：美國內戰,2024-04-10,50000000,126542249
1532,634492,tt11057302,蜘蛛夫人,2024-02-14,80000000,100498764
1533,940551,tt6495056,飛鴨向前衝,2023-12-06,72000000,298776052
1534,466420,tt5537002,花月殺手,2023-10-18,200000000,156922344
1535,748783,tt5779228,加菲貓：農場大冒險,2024-04-30,60000000,254907482
1536,539972,tt8790086,獵人克萊文,2024-12-11,120000000,59184643
1537,1032823,tt26753003,圈套,2024-07-31,30000000,82677281
1538,917496,tt2049403,陰間大法師 BEETLEJUICE,2024-09-04,100000000,451100435
1539,507089,tt4589218,佛萊迪餐館之五夜驚魂,2023-10-25,20000000,297144130
1540,1226578,tt23468450,長腿,2024-07-10,10000000,126942386
1541,969492,tt19864802,天眼救援,2024-02-09,18000000,7021101
1542,639720,tt11152168,幻幻之交,2024-05-08,110000000,190309707
1543,678512,tt7599146,自由之聲,2023-07-03,14500000,250600000
1544,967847,tt21235248,魔鬼剋星：冰天凍地,2024-03-20,100000000,201967521
1545,897087,tt15744298,超危險保鑣,2023-10-05,40000000,9112817
1546,799583,tt5177120,非紳士特攻隊,2024-04-18,60000000,29715044
1547,614930,tt8589698,忍者龜：變種大亂鬥,2023-07-31,75000000,180513586
1548,365620,tt3758542,法拉利,2023-12-14,95000000,39220516
1549,618588,tt10720352,極限長征,2024-03-15,19000000,40829138
1550,1114513,tt27534307,邪惡勿語,2024-09-11,15000000,76756109
1551,1088514,tt29439114,隔壁的房間,2024-10-07,0,15102319
1552,437342,tt5672290,天魔：惡之初,2024-04-03,30000000,53992802
1553,1072790,tt26047818,愛愛愛上你,2023-12-21,25000000,214891370
1554,1041613,tt23137390,鬼聖胎,2024-03-20,9000000,35340015
1555,1125311,tt26658104,伏慄熊,2024-03-06,13000000,43787034
1556,891699,tt15799866,無聲夜,2023-11-30,0,0
1557,720321,tt11540468,窒命危機,2024-04-04,0,0
1558,365177,tt4978420,邊緣禁地,2024-08-07,115000000,32978510
1559,957452,tt1340094,龍族戰神：重生,2024-08-21,50000000,24109036
1560,747188,tt14230388,小行星城,2023-06-08,25000000,47281670
1561,1111873,tt27489557,噬血芭蕾,2024-04-16,28000000,42791449
1562,1086747,tt26736843,窺探者,2024-06-06,30000000,51147812
1563,1071215,tt1448754,恐怖感恩劫,2023-11-16,15000000,46553280
1564,956842,tt1896747,飛月情海,2024-07-10,100000000,42247783
1565,1034541,tt27911000,劊樂小丑3,2024-10-09,2000000,89771811
1566,1138194,tt28015403,異教詭屋,2024-10-31,10000000,51913394
1567,839033,tt14824600,魔戒：洛汗人之戰,2024-12-05,30000000,19958572
1568,1079091,tt10655524,到我們為止,2024-08-07,25000000,350993761
1569,974635,tt20215968,當殺手戀愛時,2024-05-16,8800000,5101673
1570,978796,tt21201300,鬼袋人,2024-09-20,14500000,0
1571,937287,tt16426418,挑戰者,2024-04-18,55000000,94182533
1572,840705,tt14858658,求救眨眨眼,2024-08-21,20000000,46393906
1573,621587,tt10767052,下一球，勝利,2023-11-16,14000000,18062279
1574,823482,tt21942866,夢行者保羅,2023-11-10,10000000,14114415
1575,927107,tt2016303,叛諜檔案,2023-12-14,23900000,899683
1576,1087822,tt26757462,地獄怪客：歪曲人的詛咒,2024-08-29,20000000,2014050
1577,508947,tt8097030,青春養成記,2022-03-10,175000000,21328962
1578,844409,tt14097206,一個人的朝聖,2023-04-27,0,0
1579,814889,tt14415204,千萬別放手,2024-09-18,20000000,21768945
1580,628922,tt9663896,救援生死線,2024-03-28,0,488002
1581,1064213,tt28607951,艾諾拉,2024-10-14,6000000,33516549
1582,560016,tt9214772,怒火狂猴,2024-04-03,10000000,35271631
1583,840430,tt14849194,滯留生,2023-10-27,13000000,42513270
1584,882059,tt13923084,滅世男孩,2024-04-24,18000000,3139717
1585,1064028,tt24871974,超完美家政婦,2024-08-15,4400000,262793
1586,864168,tt15268244,喜幹會,2023-06-22,20000000,15800000
1587,972614,tt20115766,失憶殺神,2024-03-15,963703,0
1588,5492,tt12598606,孤狼救援,2024-08-16,20000000,0
1589,944194,tt14124080,一個人的逃亡,2023-10-06,0,0
1590,1087388,tt20112746,蜘蛛驚,2024-04-12,0,1090798
1591,646683,tt11240348,羅素克洛之大法師,2024-05-30,22000000,12610418
1592,1004685,tt21376908,新核能時代,2022-09-09,0,0
1593,802219,tt8521778,雷鬼之父：音樂無國界,2024-02-14,70000000,180828556
1594,1081012,tt26545708,驚爆封鎖線,2024-09-27,0,0
1595,974250,tt20201748,逃出搶錢鎮,2024-08-23,0,0
1596,899524,tt14454876,贖罪日之戰,2023-08-23,0,7039677
1597,76,tt0112471,愛在黎明破曉時,1995-01-27,2500000,5987386
1598,59468,tt1441912,朝聖之路：聖雅各,2010-09-10,0,13900000
1599,80,tt0381681,愛在日落巴黎時,2004-06-16,2700000,15992615
1600,975056,tt14351082,天使之心,2024-03-07,50000000,20592796
1601,1008409,tt21454134,不羈騎士,2024-06-19,40000000,36110860
1602,1020006,tt22041854,貓王與我,2023-10-27,20000000,30140906
1603,1026436,tt8310486,師情化慾,2024-01-18,4000000,1430985
1604,870360,tt15352542,樂一通大戰外星人：粉紅末日,2024-02-28,15000000,423628
1605,245842,tt2328678,太陽王與人魚：新帝國,2022-01-21,40500000,2200000
1606,1162322,tt21191906,彼岸的真相,2023-10-26,40000000,11537680
1607,663712,tt10403420,劊樂小丑2,2022-10-06,250000,15741780
1608,916738,tt24079736,白南準：月亮是最古早的電視,2023-03-24,0,54093
1609,1019939,tt12818328,狸太怨,2024-01-26,150000,804017
1610,1075815,tt26594061,瓊拜雅：三重人格,2023-10-06,0,630000
1611,1156255,tt26450742,限時引爆,2023-08-18,0,0
1612,1165466,tt28662887,超級殺,2024-05-08,0,251071
1613,913673,tt14537248,來自地獄的邪靈,2023-04-14,3000000,5400000
1614,420634,tt4281724,劊樂小丑,2018-01-25,35000,421798
1615,634,tt0243155,BJ單身日記,2001-04-13,25000000,281929795
1616,84892,tt1659337,壁花男孩,2012-09-20,13000000,33384127
1617,1000780,tt15678810,霸愛之路,2024-02-16,0,0
1618,86829,tt2042568,醉鄉民謠,2013-10-18,11000000,32935319
1619,283161,tt1640718,紀伯倫哈利勒：先知,2014-09-06,0,0
1620,577721,tt5629084,超級救援狗,2019-03-15,0,0
1621,470,tt0315733,靈魂的重量,2003-09-06,20000000,60427839
1622,398818,tt5726616,以你的名字呼喚我,2017-07-28,3500000,43143046
1623,1443,tt0159097,死亡日記,2000-04-21,6000000,10409377
1624,1051896,tt22939186,末世生存者,2024-04-12,0,859453
1625,1079810,tt7738330,全力揮擊,2024-04-12,0,0
1626,1306218,,海底世界,2023-08-10,0,0
1627,1246014,,鬼氣球,2024-03-14,400000,0
1628,1219522,tt11952626,靈寓,2024-10-27,0,0
1629,1137196,tt27996716,我不是教你詐,2024-01-19,0,0
1630,864101,tt15296186,末日倒數12小時,2022-12-22,6042800,0
1631,1112357,tt26448350,狗狗歌劇院,2023-12-28,0,0
1632,958161,tt18039808,阿爾及爾的末代王后,2023-04-19,0,0
1633,1211728,tt28768831,鬼燭靈,2023-11-09,0,0
1634,734002,tt10651230,農民：愛慾情謎,2023-10-13,7475000,10064347
1635,611854,tt4741504,鷹勇潛艦,2022-10-14,3100000,196401
1636,1048516,tt24464438,上流誘惑,2023-01-27,0,0
1637,1017066,tt21249656,禁忌之慾,2023-02-10,0,2318915
1638,12652,tt0113947,真愛未了情,1995-08-23,0,0
1639,4593,tt0068361,中產階級拘謹的魅力,1972-09-15,800000,103230
1640,42454,tt0072368,熟男不疑惑,1974-10-23,0,0
1641,3427,tt0067409,當警探戀愛時,1971-02-17,0,0
1642,5558,tt0071487,自由的幻影,1974-09-10,0,6749
1643,649,tt0061395,青樓怨婦,1967-05-24,0,0
1644,5781,tt0075824,朦朧的慾望,1977-08-17,0,2864
1645,838240,tt13429870,再見機器人,2023-12-06,5300000,4656348
1646,944401,tt17009348,人犬,2023-09-27,22700000,4082217
1647,915935,tt17009710,墜惡真相,2023-08-23,6700000,35634133
1648,531428,tt8613070,燃燒女子的畫像,2019-09-18,5740000,9923127
1649,964960,tt19760052,火上鍋,2023-11-08,6500000,5970753
1650,630240,tt10944760,鈦,2021-07-14,6600000,4982335
1651,793998,tt13880104,正發生,2021-11-04,0,171765
1652,921452,tt17277414,杜巴利伯爵夫人,2023-05-16,22400000,13000000
1653,943134,tt16606592,進化症候群,2023-10-04,15200000,9138503
1654,898673,tt16252698,愛情轉移,2023-06-28,0,1103374
1655,960033,tt26699529,瑪格麗特戀習題,2023-11-01,2470000,1091821
1656,914206,tt14407336,超時空愛殺,2024-02-07,8400000,760979
1657,661935,tt12443930,我愛你，你愛她，她愛他,2020-09-16,0,0
1658,1070449,tt26448811,塞納河上的船屋,2023-03-22,0,0
1659,995746,tt26342863,時髦女子,2024-04-10,7000000,308326
1660,712134,tt12444426,春日小戀曲,2021-05-17,0,0
1661,893366,tt10290244,小淘氣尼古拉：快樂的源頭,2022-02-15,0,3813788
1662,824016,tt14549270,宮殿大飯店,2023-09-28,18700000,420350
1663,995408,tt25969960,給我個機會,2023-10-11,0,2371953
1664,958179,tt23741324,交響狂花,2023-01-25,4400000,0
1665,1004555,tt26254622,日安，朵朵,2024-01-11,0,0
1666,848685,tt15006566,野獸們,2022-07-20,3900000,10238603
1667,888003,tt15732890,萬事通大全,2023-06-07,0,3557686
1668,965791,tt21352380,逆轉廢材人生,2023-10-18,13000000,7004555
1669,1216452,tt28444113,絕命樂透彩,2024-03-13,0,0
1670,934506,tt21348598,歡迎菜老師,2023-09-13,8200000,3452861
1671,961082,tt26760867,鄰家密友,2024-07-10,0,0
1672,1628,tt0055032,夏日之戀,1962-01-23,0,0
1673,989238,tt26256216,愛離巢,2023-12-20,0,579413
1674,892530,tt13729364,茱莉亞四重奏,2022-12-21,0,0
1675,1045770,tt23476446,噠噠噠達利,2024-02-07,6700000,3829263
1676,995808,tt21962898,日落喜劇,2024-01-31,3100000,0
1677,423,tt0253474,戰地琴人,2002-09-17,35000000,120098945
1678,970867,tt23327624,魔籽公主,2023-02-01,0,0
1679,626,tt0020530,安達魯之犬,1929-06-05,0,0
1680,85033,tt1550312,花神咖啡館,2011-11-17,0,1674801
1681,676727,tt5822848,大發明家,2023-09-15,10000000,2037563
1682,37335,tt0083260,戰火浮生錄,1981-05-27,0,0
1683,42726,tt0061138,男歡女愛,1966-05-27,0,0
1684,147,tt0053198,四百擊,1959-06-03,0,0
1685,429191,tt5639354,不思議女人,2017-04-06,0,1880736
1686,1024541,tt11887316,承諾大海的老師,2023-11-10,0,2232542
1687,1235926,tt22506854,安眠殺機,2024-05-31,0,0
1688,997294,tt21284358,雙眼之間,2023-08-16,0,716644
1689,1276210,tt24695266,地下終劫站,2024-08-30,0,0
1690,1053600,tt21113962,兩萬種蜜蜂,2023-04-21,2000000,1193593
1691,1088851,tt21223304,她們的盛夏微愛,2024-03-08,0,0
1692,1064801,tt12748562,換宿夜驚魂,2023-09-15,0,0
1693,963765,tt13055264,荒漠斷背情,2023-05-26,0,1057090
1694,1933,tt0230600,神鬼第六感,2001-08-02,17000000,210002906
1695,1160018,tt28259207,殺,2024-07-03,4800000,5600000
1696,927547,tt32086077,你是我眼中的那道光,2024-09-21,0,3010117
1697,1121962,,屍禁,2022-12-29,0,0
1698,925786,tt16915972,鬼搖靈2：陰語陣陣,2022-07-30,900000,5909528
1699,1176166,tt28763074,鬼舞村：詛咒起源,2024-04-11,1259208,3710622
1700,1128936,tt29545351,鬼咧號,2024-02-01,0,28741
1701,1148817,tt28857853,薇娜：死後七日,2024-05-08,0,0
1702,1264429,tt30833435,血繼,2024-05-30,0,0
1703,1126128,tt27490380,全境炸裂,2023-12-28,4722030,953672
1704,987419,tt21047870,網紅教慾,2022-12-08,0,0
1705,1234591,tt31015278,我最喜歡的蛋糕,2024-07-11,0,0
1706,1008043,tt13920920,德黑蘭雙面疑雲,2022-11-05,0,0
1707,519141,tt8767908,麥特與麥斯,2019-10-09,0,0
1708,46738,tt1255953,烈火焚身,2010-09-17,6800000,6788659
1709,988402,tt24216998,人道主義吸血鬼徵求自願獻身者,2023-10-13,3000000,97578
1710,850028,tt11687104,親愛的愛莉絲,2022-12-30,4000000,121067
1711,912520,tt22487338,愛情本性論,2023-09-22,0,2349665
1712,912480,tt22207786,紅色房間,2023-08-11,0,88902
1713,923387,tt7636728,無法融化的祕密,2023-10-25,0,0
1714,989496,tt13866832,魔女荷莉,2023-11-22,2700000,0
1715,989232,tt27812279,給我愛過的前任們,2023-09-20,2000000,0
1716,783675,tt15242330,灌籃高手 THE FIRST SLAM DUNK,2022-12-03,0,258000000
1717,1012201,tt30476486,劇場版 排球少年!! 垃圾場的決戰,2024-02-16,5000000,100255784
1718,508883,tt6587046,蒼鷺與少年,2023-07-14,50000000,294200000
1719,1221404,tt30400536,電影蠟筆小新：我們的恐龍日記,2024-08-09,0,21478573
1720,1244492,tt31711040,驀然回首,2024-06-28,0,12648664
1721,1148677,tt29402528,電影哆啦A夢：大雄的地球交響樂,2024-03-01,0,33399912
1722,1030587,tt21223380,電影哆啦A夢：大雄與天空的理想鄉,2023-03-03,0,37475850
1723,128,tt0119698,魔法公主,1997-07-12,23500000,169000000
1724,4935,tt0347149,霍爾的移動城堡,2004-09-09,24000000,236049757
1725,553600,tt9116358,普羅米亞,2019-05-24,0,9869306
1726,904759,tt16270512,鬼太郎誕生：咯咯咯之謎,2023-11-17,0,0
1727,129,tt0245429,神隱少女,2001-07-20,19000000,274925095
1728,887870,tt15737898,BLUE GIANT 藍色巨星,2023-02-17,0,0
1729,8392,tt0096283,龍貓,1988-04-16,3700000,41000000
1730,1086591,tt28036417,青春豬頭少年不會夢到紅書包女孩,2023-12-01,0,2050242
1731,758866,tt14039582,在車上,2021-08-18,1300000,15356046
1732,10515,tt0092067,天空之城,1986-08-02,3000000,5228752
1733,1106904,tt28347814,窗邊的小荳荳,2023-12-08,0,0
1734,1148588,tt30008208,角落小夥伴電影版：奇幻的玩具工廠,2023-11-03,0,0
1735,1276108,tt32253416,LAST MILE：全面引爆,2024-08-23,0,37164152
1736,1070507,tt27957457,去唱卡拉OK吧！,2024-01-12,0,2305483
1737,1223178,tt30648377,劇場版 賽馬娘Pretty Derby：新時代之門,2024-05-24,0,8551637
1738,1357633,tt33428606,我獨自升級：二次覺醒,2024-11-26,0,4150341
1739,1129610,tt32561659,劇場總集篇 孤獨搖滾！Re:,2024-06-07,0,3829407
1740,15370,tt0347618,貓的報恩,2002-07-19,0,54016370
1741,632632,tt11802992,GIVEN~被贈與的未來 劇場版,2020-08-22,0,0
1742,16859,tt0097814,魔女宅急便,1989-07-29,6900000,4493017
1743,1064669,tt27554389,電影版 勿說是推理,2023-09-15,0,0
1744,795811,tt14034966,偶然與想像,2021-04-11,0,1548033
1745,47002,tt0113703,情書,1995-03-25,0,0
1746,38142,tt0983213,秒速5公分,2007-03-03,5000000,548192
1747,1120846,tt31869366,四月，她將到來。,2024-03-22,0,6770446
1748,1156189,tt28490873,坂本龍一：OPUS,2023-12-27,0,0
1749,1216623,tt31142500,成為星星的少女,2024-05-10,0,0
1750,824362,tt14865506,電影版 昨日的美食,2021-11-03,0,0
1751,1119211,tt27626792,歡迎來到駒田蒸餾所,2023-11-10,0,0
1752,1201210,tt31235903,陰陽師0,2024-04-19,0,0
1753,1069813,tt25582396,岸邊露伴在羅浮,2023-05-26,0,0
1754,1188456,tt31859966,詭異之家,2024-03-15,0,30864331
1755,1156125,tt28490044,邪惡根本不存在,2023-12-06,0,0
1756,198375,tt2591814,言葉之庭,2013-05-31,0,820165
1757,1044555,tt30333011,完美配對謀殺案,2024-02-23,0,0
1758,695932,tt11219254,花束般的戀愛,2021-01-29,0,0
1759,1117609,tt28607487,北極百貨的秋乃小姐,2023-10-20,0,0
1760,1137142,tt28090490,怪物樵夫,2023-12-01,0,0
1761,1276849,tt33022220,消失的豪門妻,2024-09-13,0,10176530
1762,1130899,tt27671691,沙奈：詛咒之歌,2023-08-11,0,0
1763,1267822,tt22694908,我心裡的太陽,2024-09-06,0,0
1764,1211650,tt32235713,派對咖孔明 Road to Summer Sonia,2024-03-01,0,0
1765,264718,tt0488103,詛咒,2005-11-03,0,0
1766,21712,tt0452039,心靈遊戲,2004-08-07,0,36613
1767,1268198,tt31987050,藍色時期,2024-08-09,0,766313
1768,12924,tt0381348,雲之彼端，約定的地方,2004-11-20,0,44483
1769,1163269,tt27957454,異國日記,2024-06-07,0,0
1770,1231785,tt30832517,在大雪封閉的山莊裡,2024-01-12,0,0
1771,261124,tt0126663,聽不到的說話,1986-03-06,0,0
1772,1119114,tt28635008,寬鬆世代又怎樣：INTERNATIONAL,2023-10-13,0,0
1773,1214499,tt30227076,黑箱日記,2024-10-24,0,0
1774,22970,tt1259521,詭屋,2012-04-12,30000000,71038838
1775,348869,tt1301178,暗湧情事,2019-05-15,0,0
1776,1025301,tt22187898,鴉色刑事組電影版,2023-01-13,0,0
1777,1122715,tt27679654,假面騎士555 20th 復活的天堂,2024-02-02,0,0
1778,1086011,tt26731970,長夜盡頭的微光,2024-02-09,0,0
1779,853821,tt14311250,青春特調蜂蜜檸檬蘇打,2021-07-09,0,0
1780,79707,tt1839494,追逐繁星的孩子,2011-05-07,0,0
1781,1101181,tt29486219,法庭遊戲,2023-11-10,0,0
1782,1019421,tt24067424,孤島診療所2022,2022-12-16,0,0
1783,1283793,tt34278071,雨中的慾情,2024-11-29,0,0
1784,37910,tt0370754,星之聲,2002-02-02,0,0
1785,1273597,tt32086082,老師的善意謊言,2024-07-05,0,0
1786,1188019,tt28153349,春畫先生,2023-10-13,0,0
1787,1302106,tt31557623,赤羽骨子的秘密保鑣,2024-08-02,0,0
1788,1152908,,我的一夜騎士,2023-12-01,0,0
1789,1140221,tt27916137,愛在閃電下,2023-10-27,0,0
1790,1062910,tt27448082,波紋,2023-05-26,0,0
1791,37585,tt0089206,銀河鐵道之夜,1985-07-13,0,0
1792,1120459,tt28259022,天一亮，就想見到你,2023-09-01,0,0
1793,2517,tt0408664,無人知曉的夏日清晨,2004-08-07,0,0
1794,68606,tt0120120,失樂園,1997-05-10,0,0
1795,1229076,tt32467842,自白,2024-05-31,0,0
1796,1115167,tt28756694,花腐,2023-11-10,0,0
1797,1153325,tt31549782,在那開滿花的山丘，我想見到妳,2023-12-08,0,0
1798,1244244,tt32828123,仇雲殺機,2024-09-27,0,0
1799,1293338,tt32352167,三日月和貓,2024-05-24,0,0
1800,1103432,tt29666664,BLOODY ESCAPE：地獄的逃走劇,2024-01-05,0,0
1801,1212497,,巡演轉學生,2023-07-15,0,0
1802,1186850,tt29311021,日本人的養成,2023-10-25,0,0
1803,1101734,tt27412934,日安，我的母親,2023-09-01,0,0
1804,1094482,tt32118941,來生再見未名的我們,2024-05-31,0,0
1805,1276633,tt31416518,不朽之櫻,2024-06-21,0,0
1806,1254532,,冰室蓮司：日本統一 台灣篇,2024-04-03,0,0
1807,1145026,tt28803702,月,2023-10-13,0,0
1808,81,tt0087544,風之谷,1984-03-11,1000000,9016411
1809,1210309,,"Fukuyama Masaharu Live Film Kotodama no Sakiwau Natsu ""Boy Meets The Music"" @Nippon Budokan 2023",2024-01-12,0,0
1810,921,tt0352248,最後一擊,2005-06-02,88000000,108539911
1811,1167863,tt33504293,黑之牛,2024-11-08,0,0
1812,726657,tt11354144,群青戰記,2021-03-12,0,0
1813,1155235,tt28433392,福田村事件,2023-09-01,0,0
1814,1015464,tt21854424,我家的故事,2023-01-06,0,0
1815,1255316,tt31307480,難言之隱,2024-06-07,0,0
1816,1276242,,八犬傳,2024-10-01,0,0
1817,1265800,tt31939660,惡靈怪談,2024-08-23,0,0
1818,1072742,tt32252612,那日清晨真令人感到空虛,2023-12-01,0,0
1819,1240834,tt31307409,不死戀人,2024-05-10,0,0
1820,1171612,tt28354451,OUT,2023-11-17,0,0
1821,11621,tt0104652,紅豬,1992-07-18,0,0
1822,1002535,tt19769320,情慾的界線,2022-02-04,0,0
1823,1333100,tt33175825,劇場版「進擊的巨人」完結篇THE LAST ATTACK,2024-11-08,0,8104723
1824,969784,tt32553302,我變笨了，請多多指教：媽媽 歡迎回來,2022-03-25,0,0
1825,1211716,tt32424190,大室家-親愛的朋友,2024-06-21,0,0
1826,1250407,tt33034308,從水深0米開始,2024-05-03,0,0
1827,130023,tt1677603,鬼壓床了沒,2011-10-29,0,0
1828,68837,tt0206216,鐵道員,1999-06-05,0,0
1829,482150,tt7089878,電影版 吹響吧！上低音號～莉茲與青鳥～,2018-04-21,0,737286
1830,890526,tt18815700,殺人結業弒,2022-05-06,0,0
1831,1078280,tt27481259,自戀男神,2023-05-20,0,0
1832,1275240,tt32128870,納米比亞沙漠直播中,2024-09-06,0,0
1833,478376,tt5489950,不完美的愛情革命,2017-09-29,0,0
1834,202885,tt1783792,東京公園,2011-06-17,0,0
1835,110852,tt0397317,宛如阿修羅,2003-11-08,0,0
1836,118785,tt0091989,其後,1985-11-09,0,0
1837,117129,tt0087545,家族遊戲,1983-05-04,0,0
1838,54201,tt1516552,廚房,2009-02-05,0,0
1839,253235,tt2465146,如此這般,2014-07-17,18000000,25312387
1840,501657,tt0189741,未來的回憶,1992-08-29,0,0
1841,1278652,,藍色假期,,0,0
1842,1126361,,花芯蕩漾,2023-05-13,0,0
1843,1009087,tt23034616,偶慾,2022-06-25,0,0
1844,1074174,tt28355655,慾望的盡頭,2023-05-06,0,0
1845,1032767,tt27348922,背德迷情,2022-10-29,0,0
1846,1009082,tt23034906,蜜鑰,2022-06-25,0,0
1847,962571,tt19719976,愛情美樂地,2022-11-18,0,1200000
1848,680813,tt8430054,漂浪人生,2021-06-17,3400000,712229
1849,980026,tt20561198,荒蕪之地．應許之心,2023-10-05,8500000,2119043
1850,1031050,tt22697846,蘇維埃巴士站,2024-05-24,0,0
1851,1085218,tt20204996,自由協議,2023-04-13,0,0
1852,1079202,tt17493724,短句之國,2023-02-02,0,0
1853,1108450,tt19623314,托芙的房間,2023-06-22,0,0
1854,1188258,tt31039829,青春18×2 通往有你的旅程,2024-03-14,0,0
1855,1006724,tt17079606,鬼才之道,2024-08-07,0,0
1856,1054087,tt29195650,BIG,2023-11-17,0,0
1857,1046090,tt29319990,周處除三害,2023-10-06,0,91608950
1858,999087,tt21962086,女鬼橋2：怨鬼樓,2023-10-13,0,0
1859,1166073,tt30698096,還錢,2024-02-08,0,0
1860,1261250,tt32991372,夏日的檸檬草,2024-08-02,0,0
1861,1047003,tt27766132,惡女,2023-10-27,0,0
1862,926188,tt31500748,鬼天廈,2024-04-19,0,0
1863,1027588,tt32332834,乒乓男孩,2024-10-25,0,0
1864,1029244,tt32079904,破浪男女,2024-06-28,0,0
1865,956288,tt26686277,本日公休,2023-03-03,0,0
1866,1006012,tt29452517,老狐狸,2023-11-24,0,0
1867,975812,tt22370990,哈勇家,2022-11-11,0,0
1868,996108,tt27811012,車頂上的玄天上帝,2023-11-17,0,0
1869,1005996,tt29566160,小曉,2023-12-08,0,0
1870,1102857,tt29608585,鬼們之蝴蝶大廈,2024-11-01,0,0
1871,1168337,,赤心巔峰,2023-10-14,0,0
1872,1270769,tt32757742,嘎啦,2024-07-19,0,0
1873,1283068,tt32332866,我想和你在一起,2024-07-05,0,0
1874,1377013,,台灣超人,2024-12-06,0,0
1875,1007980,tt20916374,莎莉,2023-10-05,0,0
1876,1022108,tt28265358,他馬克老闆,2023-09-22,0,0
1877,1078374,tt32536634,愛的噩夢,2024-07-12,0,0
1878,996871,tt28813819,愛情城事,2024-08-30,0,0
1879,1162931,tt33372518,餘燼,2024-11-15,0,0
1880,1084740,tt33290581,小雁與吳愛麗,2024-10-10,0,0
1881,1214266,tt31843865,我在這裡等你,2024-05-10,0,0
1882,1015623,tt29306913,鳳姐,2024-12-06,0,0
1883,937855,,愛子歸來,2024-11-01,0,0
1884,1088709,,種土,2024-09-20,0,0
1885,1006732,tt29271889,女兒的女兒,2024-11-22,0,0
1886,880156,tt15742308,該死的阿修羅,2022-03-11,0,0
1887,11553,tt0283283,千禧曼波,2001-10-31,0,0
1888,1008742,tt30842823,小子,2024-02-08,0,0
1889,1236428,tt31502586,尋找湯德章,2024-03-15,0,0
1890,1248407,tt31807711,看到靈魂的那隻眼 師公,2024-03-22,0,0
1891,1006024,tt27928749,青春並不溫柔,2023-10-27,0,0
1892,1083971,tt28772179,春行,2024-11-22,0,0
1893,1177667,tt30488449,妖怪森林,2024-01-19,0,0
1894,1395259,,交換禮物,2024-12-25,0,0
1895,1297616,tt32484078,我父英風,2024-08-02,0,0
1896,1168336,tt29236840,撼山河 撼向世界,2023-11-17,0,0
1897,1019828,tt22171834,默殺：無聲之地,2024-10-18,0,0
1898,1235022,tt33381781,為我辦一場西式的喪禮,2024-10-25,0,0
1899,662400,tt11697820,日子,2021-05-21,0,0
1900,1007976,tt21116954,我的天堂城市,2023-09-15,0,0
1901,1226599,tt33292292,導演你有病,2024-09-06,0,0
1902,1255586,tt29494975,雪水消融的季節,2024-09-27,0,0
1903,1088428,tt29115028,少男少女,2023-11-17,0,14294
1904,1050665,,一起一起,2023-02-03,0,0
1905,1308707,,阿姨，上學囉！,2024-07-19,0,0
1906,1085574,tt29115978,環南時候,2024-05-31,0,0
1907,1007944,tt29115814,壞男孩,2024-01-05,0,0
1908,1121326,,WOMEN 我們不知道的事,2023-08-18,0,0
1909,1239035,tt32058431,優雅的相遇,2024-12-13,0,0
1910,1022489,tt26689278,（真）新的一天,2023-11-11,0,0
1911,1341782,,非想非非想,2024-10-26,0,0
1912,1331693,tt31913644,穿著旗袍的女孩,2024-09-06,0,0
1913,1155680,tt28484838,愛是一把槍,2023-12-15,0,0
1914,1311577,,念念眷村：文學裡的眷村故事,2024-10-10,0,0
1915,948184,tt28419037,默視錄,2024-11-14,400000,0
1916,1305515,,客人主人,2024-08-21,0,0
1917,1239038,,滿七,2024-08-18,0,0
1918,1233209,,她說,2024-05-24,0,0
1919,662402,tt21994228,以愛之茗,2024-02-28,0,0
1920,25538,tt0244316,一一,2000-09-20,0,0
1921,256930,tt2247566,KANO,2014-02-27,0,0
1922,1006739,,睏寐之際,,0,0
1923,78450,tt0091355,恐怖份子,1986-12-19,0,0
1924,1149096,,誰殺了比利比莉,2024-08-23,0,0
1925,1223386,,魅舞,2024-01-19,0,0
1926,1401562,,傷痕-老兵的故事,2024-12-06,0,0
1927,1006664,tt11930188,明天比昨天長久,2024-01-19,0,0
1928,1330874,,台北十日,2024-09-27,0,0
1929,1265692,tt32079860,曦曦,2024-04-28,0,0
1930,49982,tt0096908,悲情城市,1989-10-21,0,0
1931,438210,tt1216278,彩雲飛,1973-06-30,0,0
1932,940247,tt15424716,刺心切骨,2024-11-07,0,0
1933,87953,tt0082371,風兒踢踏踩,1981-11-18,0,0
1934,1203439,tt30523942,金門,2023-09-29,0,0
1935,1247973,tt32341501,由島至島,2024-05-11,0,0
1936,949709,tt17501870,危機航線,2024-09-29,0,41923655
1937,950019,tt18766596,怒潮,2023-12-16,0,0
1938,878607,tt32186579,一部未完成的電影,2024-10-23,0,0
1939,783121,tt23118352,莫斯科行動,2023-09-29,0,0
1940,27062,tt0292066,藍宇,2001-05-18,0,0
1941,957996,tt14071684,石門,2024-02-22,0,0
1942,1290839,,前途海量,2024-05-16,0,0
1943,1108211,tt17507018,消失的她,2023-06-22,9500000,334039200
1944,1155257,tt20836144,拯救嫌疑人,2023-11-01,0,79775114
1945,1181642,tt10121904,沉默筆錄,2023-12-01,0,0
1946,438030,tt6533000,笨鳥,2017-06-30,0,0
1947,1109237,tt15560314,不丹沒有槍,2023-10-17,0,0
1948,1287986,tt32547207,十字路口的豬,2024-10-25,0,0
1949,665733,tt13231544,春風勁草,2023-07-12,3720000,0
1950,1008393,tt21612768,雪中真相,2022-09-10,0,0
