Year,MovieId,Name,id,imdb_id,origin_country_first,runtime,budget,revenue
2022,21945,緊急迫降,626872,tt11535228,KR,140,18052672,19200000
2022,22241,機密同盟2,736820,tt21867370,KR,129,0,0
2022,23147,音爆浩劫,774548,tt17494686,KR,110,8500000,6843970
2022,22479,樂透大作戰,821153,tt21800888,KR,113,0,0
2022,21736,魔女二部曲：另一個她,615173,tt13721828,KR,138,0,23068596
2022,21615,嬰兒轉運站,736732,tt13056052,KR,129,0,18632208
2022,21222,犯罪都市2,619803,tt15838850,KR,106,7600000,101166707
2022,21858,外星+人,601796,tt20168564,KR,142,24500000,12109608
2022,22473,行動代號：狼狩獵,799379,tt15575470,KR,122,9000000,20541
2022,22113,獵首密令,727340,tt6931658,KR,131,17000000,25994
2022,22239,語意錯誤電影版,993885,tt22191360,KR,177,0,600108
2022,21763,分手的決心,705996,tt12477480,KR,138,0,16914773
2022,20398,極速快遞,606403,tt16529222,KR,108,0,0
2022,22925,局中局,634595,tt13182834,KR,105,6244195,0
2022,20981,SEVENTEEN POWER OF LOVE : THE MOVIE,946615,tt19383926,KR,115,0,0
2022,23015,厄憶追凶,633374,tt21279122,KR,128,0,0
2022,18813,金派特務,629028,tt14140954,KR,105,0,0
2022,22004,韓山島海戰,588108,tt21109538,KR,129,0,57490985
2022,23248,晝盲神探,806128,tt23871504,KR,118,0,0
2022,23206,NCT DREAM THE MOVIE : In A DREAM,1038198,tt23849218,KR,100,0,0
2022,23216,整形帝王,717090,tt23157348,KR,112,0,0
2022,21779,邪門,877260,tt21263500,KR,91,0,462593
2022,21823,非常殺手,938008,tt19713090,KR,95,0,595112
2022,20110,獵魂者,602295,tt15108954,KR,108,0,0
2022,9051,燃燒烈愛,491584,tt7282468,KR,149,7280000,6591038
2022,20335,緣來大飯店,821661,tt16755970,KR,138,0,1906786
2022,23214,失控正義,882580,tt23746764,KR,131,0,0
2022,23362,共感頻率,962489,tt22872370,KR,114,0,0
2022,20402,無間對決,610321,tt16676718,KR,120,0,0
2022,22653,人生真美麗,616670,tt13236270,KR,122,0,0
2022,22221,界限,718289,tt21632892,KR,87,0,0
2022,21160,空氣殺人,731684,tt19849514,KR,108,0,0
2022,22628,政客誠實中2,795276,tt22048600,KR,0,0,0
2022,18829,衝鋒戰士劇場版：翁法洛斯島的秘密,577205,tt9647926,KR,78,0,0
2022,20749,奇怪的數學家,628802,tt12663772,KR,117,0,0
2022,20942,超跑斯特拉,630217,tt19632878,KR,98,0,0
2022,21164,死亡預報,626129,tt19245482,KR,111,0,1300000
2022,23199,王者製造,573787,tt17491616,KR,123,0,6019720
2022,23364,花路阿朱媽,958937,tt5213138,SG,90,0,0
2022,20778,為人民服務,743814,tt18372308,KR,146,0,0
2022,22818,笑子當老大,817557,tt23813502,KR,109,0,0
2022,20661,茲山魚譜,581390,tt14371900,KR,126,0,0
2022,20473,亡命陷阱,840528,tt27553313,KR,82,0,0
2022,18817,引言,795797,tt14035108,KR,66,0,0
2022,20994,春川神秘中邪事件,817480,None,KR,82,0,0
2022,18794,無人之境,589713,tt14425000,KR,83,0,0
2022,20555,在你面前,820517,tt14776918,KR,86,0,0
2022,23146,小說家電影,928713,tt17146978,KR,92,71560,382227
2022,20801,阿爸休假中,743475,tt13705634,KR,81,0,0
2022,23154,閨蜜大狂殺,934207,tt9602472,AU,102,0,0
2022,19991,花果飄零,889507,tt15575176,AU,110,0,0
2022,22111,聽見心嘻望,575764,tt14773800,FR,103,0,0
2022,18924,瑪雅蜜蜂大冒險：守護小金蛋,681260,tt11792512,AU,88,0,4345221
2022,21265,PINA,789910,tt10712178,IT,15,0,0
2022,21031,詭棋,934957,tt10231726,HK,100,0,0
2022,22172,米婭的精靈王國,955644,tt5790684,AU,82,0,0
2022,21857,非戀人絮語,567927,tt9409660,DE,119,0,0
2022,21664,永別了，柏林,620498,tt13846414,DE,176,178,0
2022,20534,我是你的完美男友,795813,tt13087796,DE,108,0,1090661
2022,20223,鄰危不亂,681349,tt11080676,DE,93,0,0
2022,22515,趴兔青春期,871530,tt13021476,DE,105,0,0
2022,20134,指考風暴,852457,tt14463426,IQ,87,0,0
2022,21746,泳漾水男孩,739323,tt15041866,IL,84,0,0
2022,21236,熟女解放中,607442,tt13350988,BR,99,0,0
2022,18291,型男斷捨離,546630,tt8129794,DE,111,0,0
2022,19920,人性遊戲,776542,tt7904172,DK,102,0,0
2022,23290,蘿拉快跑,104,tt0130827,DE,81,1530000,7660911
2022,20313,非甜蜜生活,608980,tt9110904,IT,119,0,0
2022,20872,真愛超能力,612491,tt10791152,IT,122,0,882
2022,21789,洞,47060,tt0156610,TW,95,0,0
2022,21263,愛在書店相遇時,654344,tt10072662,FR,89,0,0
2022,21352,隔離巢,752616,tt13091090,AR,91,0,0
2022,22877,星夢性快感,592695,tt8550054,SE,108,1800000,393824
2022,21045,阿哈：帶我走,655738,tt10851414,NO,109,0,0
2022,22739,瑞士鐘錶師,749136,tt11409736,CH,94,0,0
2022,22523,女孩與蜘蛛,517815,tt11967484,CH,99,0,0
2022,20556,愛你讓我自由,835975,tt14775784,DE,116,0,218511
2022,20460,鬼電梯,760522,tt13017046,VN,80,250000,247351
2022,20975,越驚,930478,tt17785786,VN,108,0,0
2022,20929,祖怨,947890,tt14134154,VN,101,0,1849768
2022,22309,迷霧中的孩子,893030,tt15839780,VN,92,0,99434
2022,19408,逃出奧斯威辛,717694,tt9415108,SK,95,0,360868
2022,22895,喬治亞天空下 ,795815,tt14035154,GE,150,0,24862
2022,19627,勇鼠闖天堂,588890,tt3804810,CZ,87,0,1505235
2022,21740,浪浪回家路,725133,tt13479414,CZ,88,0,0
2022,21626,野蠻人入侵,796151,tt14760842,HK,106,0,0
2022,18629,亞馬遜守護者：安珀傳奇(英語版),588921,tt6570098,PE,85,10000000,10237061
2022,21223,格列佛遊記：重返小人國,763539,tt11238518,UA,90,2500000,0
2022,22198,沒有煙硝的日子,913760,tt16315948,TR,100,0,0
2022,20265,2gether電影版：只因我們天生一對,810406,tt14296268,TH,107,0,0
2022,21115,猛鬼大學：第2學期,939879,tt19328882,TH,130,0,0
2022,21436,鬼單眼,947514,tt18259846,TH,113,0,0
2022,23289,魔蟲禁區,949697,tt22479478,TH,85,0,0
2022,21210,淒厲人僧：卡到陰,937743,tt19072268,TH,114,0,0
2022,23085,愛情需要編劇,922378,tt19357986,TH,100,0,0
2022,20314,記憶,511819,tt8399288,CO,136,0,0
2022,20413,波米叔叔的前世今生,38368,tt1588895,TH,114,0,0
2022,22110,超級蜥蜴王,947049,tt21243636,TH,109,0,0
2022,22265,詭孩,660942,tt4028464,DK,117,3400000,322000
2022,19764,忍者寶寶,654074,tt13821562,NO,104,0,0
2022,20672,秋月,831031,tt8856814,CN,90,0,0
2022,19859,梅艷芳,848788,tt15010590,HK,136,10700000,0
2022,19159,怒火,513692,tt8165192,HK,125,0,205000000
2022,20822,神探大戰,543504,tt10283270,HK,102,0,105500000
2022,16476,麥路人,640092,tt10117402,HK,114,0,0
2022,7331,春光乍洩,18329,tt0118845,HK,96,125000,5000000
2022,7331,春光乍洩,18329,tt0118845,HK,96,125000,5000000
2022,20716,重慶森林 4K數位修復版,11104,tt0109424,HK,98,160000,0
2022,18149,墮落天使  4K數位修復版,11220,tt0112913,HK,98,0,0
2022,9993,阿飛正傳,18311,tt0101258,HK,94,0,3255404
2022,20763,胭脂扣,68883,tt0093258,HK,96,0,0
2022,22420,飯戲攻心,851800,tt21187542,HK,116,0,10138355
2022,22876,智齒,591222,tt14032696,HK,118,16000000,0
2022,20565,少年,436792,tt6419442,CN,0,0,0
2022,20565,少年,436792,tt6419442,CN,0,0,0
2022,20343,G風暴,814785,tt10423286,HK,93,0,55540000
2022,20702,阮玲玉,68004,tt0102816,HK,146,0,0
2022,20741,英雄本色,11471,tt0092263,HK,95,0,4469460
2022,21747,闔家辣,851798,tt17044664,HK,94,0,0
2022,10916,霸王別姬(數位修復版),10997,tt0106332,CN,171,4000000,6400000
2022,22182,媽的星寵兒,942171,tt15244854,HK,127,0,0
2022,21786,七人樂隊,537761,tt4431104,HK,112,0,0
2022,22631,憂鬱之島,924120,tt15282802,HK,97,0,0
2022,21047,邊緣行者,941132,tt18500636,HK,113,0,0
2022,20697,秋天的童話,64015,tt0093426,HK,98,0,0
2022,21801,繼園臺七號,616020,tt10687168,HK,125,0,0
2022,23391,正義迴廊,1005251,tt21867590,HK,135,0,0
2022,21812,美少年之戀,27060,tt0168496,HK,101,0,0
2022,21517,喜歡妳是妳,876189,tt15619584,HK,92,0,0
2022,22231,一路瞳行,838119,tt14071698,HK,96,0,0
2022,23317,無間道,10775,tt0338564,HK,100,6400000,8836958
2022,22085,玫瑰的故事,1325023,None,CN,0,0,0
2022,21978,流金歲月,255856,tt0095533,HK,105,0,0
2022,22435,心裏美,987446,None,HK,98,0,0
2022,21123,海上花,45935,tt0156587,JP,113,0,0
2022,23367,無間道II,11647,tt0369060,HK,119,125000,3208262
2022,23349,無間道III：終極無間,14310,tt0374339,HK,118,250000,4468597
2022,22758,流浪者之歌,861947,None,TW,45,0,0
2022,22755,卡拉之歌,2143,tt0115832,NI,105,0,0
2022,20515,時代革命,850884,tt15049118,HK,152,0,0
2022,15965,末代皇帝（數位修復版）,746,tt0093389,GB,163,23800000,44000000
2022,7689,發條橘子,185,tt0066921,US,136,2200000,27033812
2022,22525,瘋狂富作用,497828,tt7322224,SE,147,15600000,24733572
2022,21017,鯊顫,960258,tt12550376,GB,87,5000000,1824152
2022,20802,餐廳失控夜,807196,tt11127680,GB,95,0,0
2022,22117,士兵與軍官,797838,tt4061620,EE,107,0,253583
2022,20693,極限逃殺,924482,tt6805938,US,86,2500000,0
2022,22611,如果驢知道,785398,tt19652910,PL,88,0,1068353
2022,19272,算牌手,643532,tt11196036,US,111,0,5040860
2022,21906,我們的英搖時光,624793,tt5693182,GB,110,0,0
2022,20076,愛上費加洛,508444,tt7392014,AU,104,0,1073966
2022,21268,羅密歐與茱麗葉（英國國家劇院現場）,454,tt0117509,US,120,14500000,147298761
2022,18530,裸體午餐,2742,tt0102511,GB,115,16000000,2641357
2022,14480,超速性追緝,884,tt0115964,CA,100,9000000,2671855
2022,22260,性愛成癮的男人,76025,tt1723811,GB,102,6500000,3909002
2022,20827,瑪莉娜的512小時,816344,tt8523022,US,92,0,0
2022,20519,馬克白（英國皇家歌劇院）,591538,tt10095582,US,105,0,176248
2022,20519,馬克白（英國皇家歌劇院）,591538,tt10095582,US,105,0,176248
2022,11227,山那邊的青稞田,496404,tt7606796,US,115,0,0
2022,21869,偷香 數位修復版,14553,tt0117737,FR,116,10000000,4800000
2022,22880,大製片家,844176,tt10370886,US,94,0,0
2022,20291,毫無意義,42035,tt0089343,GB,110,0,0
2022,20189,蜘蛛人：無家日,634649,tt10872600,US,148,200000000,1921847111
2022,23322,阿凡達：水之道,76600,tt1630029,US,192,460000000,2320250281
2022,19885,永恆族,524434,tt9032400,US,156,200000000,402064899
2022,23049,黑豹 2：瓦干達萬歲,505642,tt9114286,US,162,250000000,859102154
2022,21054,奇異博士2：失控多重宇宙,453395,tt9419884,US,126,200000000,955775804
2022,21741,雷神索爾：愛與雷霆,616037,tt10648342,US,119,250000000,760900000
2022,21741,雷神索爾：愛與雷霆,616037,tt10648342,US,119,250000000,760900000
2022,20277,金牌特務：金士曼起源,476669,tt6856242,US,131,100000000,125897478
2022,19639,猛毒2：血蜘蛛,580489,tt7097896,US,97,110000000,506863592
2022,19182,沙丘,438631,tt1160419,US,155,165000000,407573628
2022,19150,尚氣與十環傳奇,566525,tt9376612,US,132,150000000,432243292
2022,22676,黑亞當,436270,tt6443346,US,125,200000000,393452111
2022,20587,蝙蝠俠,414906,tt1877830,US,176,185000000,772319315
2022,20863,怪獸與鄧不利多的秘密,338953,tt4123432,US,142,200000000,407200000
2022,21777,子彈列車,718930,tt12593682,US,126,90000000,239300000
2022,20539,秘境探險,335787,tt1464335,US,116,120000000,407141258
2022,18984,脫稿玩家,550988,tt6264654,US,115,110000000,331526598
2022,20828,媽的多重宇宙,545611,tt6710474,US,140,25000000,139200000
2022,20215,駭客任務：復活,624860,tt10838180,US,147,190000000,156497322
2022,20484,月球隕落,406759,tt5834426,US,131,146000000,67319703
2022,19984,惡靈古堡首部曲：拉昆市,460458,tt6920084,US,107,25000000,41914915
2022,20786,魔比斯,526896,tt5108870,US,104,75000000,167635712
2022,18891,黑寡婦,497698,tt3480822,US,134,200000000,379751131
2022,21422,巴斯光年(英文版),718789,tt10298810,US,105,200000000,226425420
2022,20470,尼羅河謀殺案,505026,tt7657566,US,127,90000000,137307235
2022,20050,魔法滿屋,568124,tt2953050,US,102,135000000,261289554
2022,22373,微笑,882598,tt15474916,US,116,17000000,217408513
2022,20210,歡樂好聲音 2,438695,tt6467266,US,110,85000000,408402685
2022,20748,失落謎城,752623,tt13320622,US,112,74000000,192907684
2022,21742,雷神索爾：愛與雷霆,616037,tt10648342,US,119,250000000,760900000
2022,21742,雷神索爾：愛與雷霆,616037,tt10648342,US,119,250000000,760900000
2022,20580,劫命救護,763285,tt4998632,US,136,40000000,52303589
2022,21821,孤兒怨2：最黑暗的過去,760161,tt11851548,CA,99,10000000,9572765
2022,20212,GUCCI：豪門謀殺案,644495,tt11214590,US,157,75000000,153235995
2022,20635,壞蛋聯盟,629542,tt8115900,US,100,80000000,250162278
2022,18983,汪汪隊立大功電影版,675445,tt11832046,US,86,26000000,144327371
2022,22355,幸福入場券,800939,tt14109724,US,104,20000000,168800000
2022,20820,音速小子 2,675353,tt12412888,US,125,110000000,405421518
2022,22663,五星饗魘,593643,tt9764362,US,107,35000000,79628200
2022,18759,厲陰宅3：是惡魔逼我的,423108,tt7069210,US,111,39000000,206431050
2022,22416,阿凡達 (A版),19995,tt0499549,US,162,237000000,2923706026
2022,21837,DC超級寵物軍團(英文版),539681,tt8912936,US,105,90000000,203000000
2022,18014,捍衛救援,634528,tt6902332,US,107,23000000,23076711
2022,18846,路卡的夏天,508943,tt12801262,US,95,200000000,51074773
2022,20403,夜路,597208,tt7740496,US,150,60000000,39629195
2022,19688,法蘭西特派週報,542178,tt8847712,US,103,25000000,46333545
2022,18925,寶貝老闆：家大業大,459151,tt6932874,US,107,82000000,146745280
2022,22337,墜,985939,tt15325794,US,102,3000000,17363261
2022,18816,殺手保鑣2,522931,tt8385148,US,99,70000000,70060492
2022,23155,決戰38度線,653851,tt7693316,US,139,90000000,20000000
2022,20582,黑光行動,823625,tt14060094,AU,104,43000000,15902207
2022,18866,密弒遊戲2：勝者危亡,585216,tt9844522,US,88,15000000,65774490
2022,19161,疾厄,619778,tt3811906,US,111,40000000,34891791
2022,22879,鬼禱,676547,tt9271672,US,93,0,37655699
2022,20241,闇黑電話,756999,tt7144666,US,103,16000000,161440742
2022,20925,超吉任務,648579,tt11291274,US,107,30000000,29116320
2022,7858,以你的名字呼喚我,398818,tt5726616,US,132,3500000,43143046
2022,7858,以你的名字呼喚我,398818,tt5726616,US,132,3500000,43143046
2022,20104,哈利波特：神秘的魔法石,671,tt0241527,GB,152,125000000,976475550
2022,18958,暫時停止呼吸2,482373,tt6246322,US,98,15000000,53785551
2022,18824,疾凍救援,646207,tt3758814,CA,109,0,7502846
2022,23153,暴戾夜,899112,tt12003946,US,111,20000000,75734910
2022,20294,355：諜影特攻,522016,tt8356942,US,122,75000000,55700000
2022,19817,天兵阿榮,482321,tt7504818,US,107,0,60692022
2022,23138,奇異冒險 (英文版),877269,tt10298840,US,102,180000000,73621640
2022,20240,驚聲尖叫,646385,tt11245972,US,114,24000000,137743924
2022,19964,迷離夜蘇活,576845,tt9639470,GB,117,43000000,22957625
2022,19786,王者理查,614917,tt9620288,US,138,50000000,39400000
2022,21867,沼澤謀殺案,682507,tt9411972,US,126,24000000,144353965
2022,22530,阿姆斯特丹,664469,tt10304142,US,134,80000000,31245810
2022,19308,月光光新慌慌：萬聖殺,610253,tt10665338,US,105,20000000,133423964
2022,18430,夢想之地,615643,tt10633456,US,115,2000000,12900000
2022,20137,阿達一族 2,639721,tt11125620,US,93,0,119815153
2022,22195,拉辛正傳,601635,tt10028196,IN,164,23000000,16000000
2022,19919,大紅狗克里弗,585245,tt2397461,US,96,64000000,107347356
2022,22245,別擔心親愛的,619730,tt10731256,US,123,35000000,86700000
2022,20982,記憶殺神,818397,tt11827628,US,153,30000000,13900000
2022,22652,月光光新慌慌：萬聖結,616820,tt10665342,US,111,20000000,104374176
2022,19783,史賓賽,716612,tt12536294,GB,116,18000000,14000000
2022,23144,鞋貓劍客 2,315162,tt3915174,US,103,90000000,484700000
2022,22924,骨肉的總和,791177,tt10168670,US,130,16000000,15234907
2022,22115,三千年的渴望,556694,tt9198364,AU,108,60000000,20300000
2022,22476,哥兒們,614939,tt9731598,US,115,22000000,14800000
2022,19657,鹿魔,516329,tt7740510,CA,99,17000000,18867659
2022,19539,最後的決鬥,617653,tt4244994,US,152,100000000,30552111
2022,22242,看你往哪跑,766475,tt13640696,GB,99,40000000,21921551
2022,20362,西城故事,511809,tt3581652,US,156,100000000,76016171
2022,21942,獸,760741,tt13223398,US,92,0,56000000
2022,22328,捍衛戰士,744,tt0092099,US,110,15000000,356830601
2022,21719,喜悅：達賴喇嘛遇見屠圖主教,836723,tt14779306,US,85,0,0
2022,22116,世紀婚魘,830788,tt12873562,US,105,10000000,33628000
2022,21930,天黑請斃命,520023,tt8110652,US,94,3000000,13900000
2022,9023,2001太空漫遊,62,tt0062622,US,141,12000000,71923560
2022,20394,王牌冤家,38,tt0338013,US,108,20000000,72258126
2022,22397,毛骨悚然：惡魔重生,717728,tt14121726,US,88,5000000,6175213
2022,20356,死間行動,661231,tt1879016,GB,128,0,0
2022,22308,刀鋒劍客(英語版),366672,tt4428398,US,98,45000000,42500000
2022,9986,鬼店,694,tt0081505,US,119,19000000,44781695
2022,20770,救命緝約,628900,tt10323676,US,103,0,2122288
2022,23321,與你共舞,696157,tt12193804,US,144,50000000,59800000
2022,23084,她有話要說,837881,tt11198810,US,129,32000000,13900000
2022,19659,達賴的一生,9746,tt0119485,US,134,28000000,5684789
2022,22651,天劫高手,842942,tt9853500,CA,126,0,0
2022,20659,絕命通話,764835,tt13133936,US,84,0,0
2022,17499,說不出的告別,536396,tt8717446,US,97,0,0
2022,20660,貝爾法斯特,777270,tt12789558,GB,98,11000000,49158343
2022,20235,黑特冤家,603661,tt8718158,US,102,0,0
2022,22679,驚爆倒數60分鐘,888195,tt15690300,US,99,0,0
2022,20363,看不見的殺機,825808,tt11209212,CA,92,0,55191
2022,22963,絕命線阱,979924,tt14824590,US,104,0,0
2022,21033,驅神,836225,tt10362566,US,98,1500000,0
2022,20528,逍遙上路,626735,tt11252248,US,101,20000000,84774243
2022,6252,八月三十一日，我在奧斯陸,75233,tt1736633,NO,94,0,1481665
2022,23128,俠探特攻：全面追緝,1024546,tt21435436,US,105,0,95244
2022,20554,終極堡壘,826749,tt14577300,US,100,20000000,52169
2022,20472,終極攻佔,718949,tt10957044,US,96,0,0
2022,18735,金甲部隊,600,tt0093058,US,116,30000000,46357676
2022,19690,地球重生,760873,tt6506264,DE,104,0,328914
2022,18693,獵殺戰場,733317,tt6456326,AU,132,1900000,0
2022,19241,生命理賠師,649394,tt8009744,US,118,0,106645
2022,23286,俠探特攻：贖罪行動,1035803,tt22394694,US,93,0,192939
2022,20848,玩命獵殺,628878,tt4029412,US,100,0,0
2022,20143,完美的敵人,655917,tt9421200,DE,89,0,0
2022,21306,大開眼戒,345,tt0120663,GB,159,65000000,162100000
2022,21388,午後彌撒 ,423333,tt11389748,US,111,0,131357
2022,20211,危城行動,762433,tt13432484,US,85,0,0
2022,20713,劫獄救援,818192,tt11388416,US,111,12400000,0
2022,20861,終極交戰,864116,tt14412366,US,101,98616,0
2022,18707,齊瓦哥醫生,907,tt0059113,US,200,11000000,111858363
2022,20681,全面掃蕩,689700,tt10023022,US,93,0,0
2022,23311,朝聖之路：聖雅各,59468,tt1441912,US,128,0,13900000
2022,20561,詭謎藏,801271,tt7975192,US,84,0,0
2022,21802,殺戮基地,848123,tt13918550,AU,99,0,0
2022,19475,爽賺姐妹,628914,tt9054192,US,110,7000000,0
2022,20458,情聖西哈諾,730047,tt12889404,CA,122,20000000,3000000
2022,19601,四個好日子,641960,tt10344522,US,100,0,843965
2022,20736,心碎效應,844398,tt14923008,DE,92,0,0
2022,19921,蘿莉塔,9769,tt0119558,US,153,62000000,1100000
2022,20930,終極夜路,916821,tt14174168,US,97,0,0
2022,20809,終極包圍戰,766907,tt13496236,CA,91,0,0
2022,20560,通靈女校,641668,tt11188624,GB,92,0,0
2022,21180,進擊的地才,821427,tt11131464,CA,94,0,24322
2022,20217,終極狩獵團,763164,tt13265876,US,108,0,0
2022,20992,公共圖書館員,331986,tt3294746,US,122,0,0
2022,21172,最後的生存者,789171,tt13889602,US,98,0,0
2022,23014,鱷魚歌王,830784,tt14668630,US,106,50000000,104088441
2022,22714,終極堡壘2,883502,tt14577304,US,87,22000000,69075
2022,20486,BJ單身日記,634,tt0243155,GB,100,25000000,281929795
2022,19318,美國舞孃,10802,tt0114436,US,131,45000000,20350754
2022,19383,異類崛起,850099,tt4940336,AU,109,0,0
2022,20384,魔境夢遊,12155,tt1014759,US,110,200000000,1025467110
2022,20192,殲獄行動,811592,tt14199590,US,97,0,29439
2022,22959,貓爸爸們,896689,tt10968602,US,89,0,0
2022,21035,超級救援狗,577721,tt5629084,CA,45,0,0
2022,14586,為所應為,925,tt0097216,US,120,6500000,37300000
2022,23288,海底世界(國語版),1306218,None,CN,29,0,0
2022,23217,高原上的家屋,913820,tt10984580,BO,88,0,52793
2022,1691,地下社會,11902,tt0114787,YU,170,14000000,0
2022,18745,鬼保母,575088,tt8006374,RU,96,0,1398488
2022,20692,絕命第19排,659384,tt12036270,RU,77,0,0
2022,19136,致命最前線,579831,tt12216986,RU,130,0,0
2022,21173,逃出封鎖線,597859,tt14303882,RU,105,0,0
2022,18792,心悸效應,575072,tt10933000,RU,90,0,0
2022,22404,大尉叛逃記,818621,tt13322726,RU,125,0,0
2022,22524,獵空計畫,818415,tt15815090,RU,110,0,0
2022,20568,核爆車諾比,589761,tt10648714,RU,136,9100000,6459306
2022,5643,鏡子,1396,tt0072443,SU,106,825000,124367
2022,5666,潛行者,1398,tt0079944,SU,162,120000,0
2022,21155,月影歸途,987424,None,TW,102,0,0
2022,21221,鬼雙胞,477462,tt12390572,FI,109,2620000,492000
2022,20414,反恐行動：獨立日,655302,tt11636880,FI,115,8476000,0
2022,21380,當女孩戀愛時,683363,tt13328800,FI,100,1800000,0
2022,21163,孵魔,517302,tt12519030,FI,91,3896000,508000
2022,21706,朵貝的愛情繪本,608232,tt11007444,FI,116,4243000,0
2022,21536,不看鐵達尼號的男人,716855,tt13328824,FI,82,400000,0
2022,21528,拜金女王的性愛派對,881764,tt11871074,PL,136,0,0
2022,21888,大獲拳勝,845875,tt11369540,PL,91,0,43663
2022,21365,永遠的一天,24858,tt0156794,GR,133,0,0
2022,15103,燃燒女子的畫像,531428,tt8613070,FR,121,5740000,9923127
2022,21920,蝙狐俠：英雄覺醒,746333,tt13774454,FR,82,0,7375119
2022,19696,天才貓奴畫家,617762,tt10687506,GB,111,0,0
2022,20184,黑盒線索,663260,tt10341034,FR,130,10722240,9738741
2022,19894,鈦,630240,tt10944760,FR,108,6600000,4982335
2022,21995,正發生,793998,tt13880104,FR,100,0,171765
2022,2813,藍色情挑 經典數位修復,108,tt0108394,FR,98,0,1527572
2022,2813,藍色情挑 經典數位修復,108,tt0108394,FR,98,0,1527572
2022,22349,死噬,955569,tt19783626,FR,87,2400000,0
2022,2815,紅色情深 經典數位修復,110,tt0111495,FR,100,0,4127033
2022,2815,紅色情深 經典數位修復,110,tt0111495,FR,100,0,4127033
2022,2814,白色情迷 經典數位修復,109,tt0111507,FR,92,0,1273525
2022,2814,白色情迷 經典數位修復,109,tt0111507,FR,92,0,1273525
2022,20489,今敏：造夢魔術師,809488,tt12998510,FR,81,0,0
2022,22243,小獅子王,892527,tt14073780,BE,105,0,2551835
2022,20943,親愛的童伴,749004,tt13204490,FR,72,3100000,1024575
2022,20873,友你才精彩,757999,tt13553662,FR,92,0,3358402
2022,22183,拆彈倒數30分鐘,827887,tt11906086,FR,90,0,0
2022,20530,艾菲爾情緣,655082,tt10366514,FR,108,26000000,13000000
2022,21717,失業風暴,601188,tt10088984,FR,107,0,0
2022,21514,一屍到底：法屍浪漫,852438,tt14317880,FR,110,4300000,2046233
2022,20454,最後一件晚禮服的秘密,719463,tt11610804,FR,96,0,0
2022,21863,就在今夜,895659,tt13846402,FR,111,4300000,1512938
2022,3350,玩命光頭,826218,tt13241688,ES,110,0,0
2022,20300,柏格曼的島,477044,tt6910282,FR,113,0,589895
2022,20485,巴黎夢想家,660000,tt10505316,FR,149,20800000,8600000
2022,20364,天堂計劃,735726,tt12847812,FR,113,0,0
2022,21046,失速母親,833417,tt13269580,FR,87,3000000,42566
2022,19858,密室譯戰,477018,tt6270534,FR,105,0,0
2022,19952,尋子風暴,750253,tt13234058,DE,95,0,962689
2022,20399,我的神秘狼朋友,754067,tt10945274,FR,84,6500000,4181043
2022,21866,春日小戀曲,712134,tt12444426,FR,73,0,0
2022,21810,降臨節日曆,762079,tt12496706,BE,104,0,456555
2022,2224,雙面薇若妮卡 經典數位修復,1600,tt0101765,FR,98,0,1999955
2022,2224,雙面薇若妮卡 經典數位修復,1600,tt0101765,FR,98,0,1999955
2022,21796,烈火少女（英文版）,778810,tt8354218,FR,92,0,0
2022,21311,來自巴黎的情書,833428,tt14039392,FR,90,0,0
2022,10963,全面開戰,485162,tt7555774,FR,105,0,0
2022,4575,四百擊,147,tt0053198,FR,99,0,0
2022,4575,四百擊,147,tt0053198,FR,99,0,0
2022,21824,一萬個叢林夜,695089,tt9844938,BE,167,4700000,0
2022,21862,瑪歌皇后 數位修復版,10452,tt0110963,FR,138,0,1318578
2022,22741,書情話慾,774343,tt13613056,FR,105,0,0
2022,23265,有你就是家,914203,tt18317064,BE,88,0,575385
2022,6630,斷了氣,269,tt0053472,FR,90,0,0
2022,21440,越界分身,659988,tt11310670,FR,102,0,0
2022,20395,情慾告白,526811,tt10023172,FR,99,0,75167
2022,19093,破碎的琴鍵,712128,tt11105790,US,106,0,0
2022,20136,夏日之戀,1628,tt0055032,FR,106,0,0
2022,19731,仰望星空的少年,712178,tt12444424,FR,97,0,0
2022,20406,豪門媳婦日記,660955,tt11006570,FR,86,0,0
2022,20963,藍色是最溫暖的顏色,152584,tt2278871,FR,180,4300000,19465835
2022,20169,最後地下鐵,1716,tt0080610,FR,131,0,0
2022,20124,喀布爾之燕,582881,tt7534102,FR,81,0,0
2022,20862,屠女養成記,757341,tt13353386,FR,91,5000000,1085112
2022,20177,幸福知音,809733,tt14371818,FR,93,0,0
2022,23375,美好的早晨,747779,tt13482828,FR,113,0,1380392
2022,20712,安妮詩快跑,781453,tt13142240,FR,98,0,41356
2022,22650,真實世界,664506,tt15115102,FR,96,4900000,0
2022,4469,阿爾發城,8072,tt0058898,FR,99,220000,46585
2022,22740,抓狂養老院,736500,tt12847680,FR,97,0,0
2022,22173,她和她的小主廚們,845140,tt14280366,FR,97,0,3285760
2022,22756,賴活,1626,tt0056663,FR,84,64000,24517
2022,23386,男性，女性,4710,tt0060675,FR,105,0,0
2022,20451,執愛不悔,594691,tt9800670,FR,102,0,0
2022,21993,夜色中的她,810677,tt14429000,FR,95,0,0
2022,20803,破膽三次,11298,tt0082533,US,91,1000000,17985893
2022,22901,索蘭琪的少女心事,749107,tt10376800,FR,86,0,0
2022,21660,一路上有妳,589985,tt10533078,FR,100,0,0
2022,20928,築愛巴黎,582886,tt9431080,FR,89,4360174,0
2022,21360,塞瑟島之旅,47792,tt0088241,GB,139,0,0
2022,21366,希臘二部曲：時光灰燼,51735,tt0765442,GR,128,0,0
2022,21359,獵人,179890,tt0445528,HK,96,0,0
2022,21362,霧中風景,47795,tt0096288,GR,125,0,0
2022,19922,夢想裁縫師,764810,tt13317230,GR,100,0,0
2022,20579,平行母親,766798,tt12618926,ES,123,0,23099858
2022,20596,丟包大作戰,755437,tt12443220,ES,103,0,0
2022,20289,瘋狂競賽片,668640,tt11700260,ES,114,0,0
2022,19857,雙子謀殺案：白城之寂,542917,tt8393332,ES,110,0,0
2022,23122,放牛班足球隊,954748,tt15341168,ES,109,0,0
2022,23198,湯恩與劍客汪汪隊,768726,tt11777920,IN,89,0,0
2022,22893,遺屍物,946706,tt11797376,ES,100,0,0
2022,19205,蝸牛之家,772148,tt12500804,MX,104,0,0
2022,18538,瀕臨崩潰邊緣的女人 經典數位修復,4203,tt0095675,ES,88,700000,14979298
2022,18469,慾望法則 經典數位修復,4043,tt0093412,ES,102,600000,1400000
2022,23188,梵天神器：滅世開端,496331,tt6277462,IN,168,22000000,0
2022,21709,偉大的印度廚房,786064,tt13299890,IN,100,888514,0
2022,20903,天堂電影院,821494,tt9681686,IN,110,2000000,0
2022,23338,鬼搖靈2：陰語陣陣,925786,tt16915972,ID,119,900000,5909528
2022,21307,娜娜：逝水年華,859933,tt15215918,ID,103,0,0
2022,20652,懾影屍,655363,tt9834506,HU,115,0,0
2022,20962,忌妒的藍圖,574078,tt8205028,HU,170,10000000,0
2022,20191,天菜特警,792775,tt13882736,IS,100,0,0
2022,20728,何處是我朋友的家？,49964,tt0093342,IR,83,0,0
2022,21021,櫻桃的滋味 數位修復版,30020,tt0120265,IR,99,0,0
2022,20804,橄欖樹下的情人,47104,tt0111845,IR,103,0,0
2022,20758,生生長流,83761,tt0105888,IR,95,0,0
2022,20632,我不是英雄,672208,tt11777738,IR,127,0,0
2022,21032,風帶著我來 數位修復版,43423,tt0209463,IR,118,0,0
2022,22196,贖罪風暴,669401,tt11773484,IR,105,0,0
2022,20740,沉默呼聲,888602,tt10514056,CA,108,0,0
2022,20201,麥特與麥斯,519141,tt8767908,CA,119,0,0
2022,21838,未來犯罪,819876,tt14549466,CA,107,27000000,4551565
2022,19092,親情解鎖,554761,tt9143112,CA,112,0,9828
2022,20386,他奶奶的變裝皇后,740963,tt9204898,CA,90,0,0
2022,20683,藥命回憶,522406,tt8372094,CA,97,0,26747
2022,22307,怪胎英雄：奇克探險記,778855,tt12532368,BE,91,20000000,0
2022,17368,鬼滅之刃劇場版 無限列車篇,635302,tt11032374,JP,117,15700000,507119058
2022,20591,劇場版 咒術迴戰 0,810693,tt14331144,JP,104,0,195870885
2022,21864,蠟筆小新：幽靈忍者珍風傳,955666,tt16410438,JP,100,0,20617005
2022,13730,普羅米亞,553600,tt9116358,JP,111,0,9869306
2022,19157,蠟筆小新：謎案！天下春日部學院的怪奇事件,795564,tt13642590,JP,104,2550000,0
2022,23197,關於我轉生變成史萊姆這檔事劇場版 紅蓮之絆篇,876792,tt15467380,JP,108,0,11426555
2022,21385,餘命10年,876797,tt16444750,JP,124,0,22500000
2022,20610,神隱少女(日文版),129,tt0245429,JP,125,19000000,274925095
2022,21718,角落小夥伴電影版：藍色月夜的魔法之子(日語版),877840,tt15409816,JP,65,0,0
2022,9977,龍貓,8392,tt0096283,JP,86,3700000,41000000
2022,23148,通往夏天的隧道，再見的出口,916192,tt17382524,JP,83,0,872000
2022,22194,七龍珠超：超級英雄(日文版),610150,tt14614892,JP,99,0,86600000
2022,21625,電影哆啦A夢：大雄的宇宙小戰爭 2021(日語版),782054,tt13740078,JP,108,0,22044058
2022,20279,在車上,758866,tt14039582,JP,179,1300000,15356046
2022,22878,天空之城(日文版),10515,tt0092067,JP,125,3000000,5228752
2022,22020,電影版 搖曳露營△ ,566466,tt14364238,JP,121,0,7283918
2022,21973,劇場版 五等分的新娘,820067,tt15721650,JP,136,0,17288993
2022,22962,即使，這份戀情今晚會從世上消失,977871,tt21115444,JP,121,0,0
2022,22380,破案天才伽利略：沉默的遊行,956564,tt21608894,JP,130,0,0
2022,20057,Fate/Grand Order -終局特異點 冠位時間神殿所羅門-,829920,tt12007484,JP,94,0,0
2022,20264,名偵探柯南：大怪獸哥梅拉VS假面超人,925492,None,JP,81,0,0
2022,19895,我讓最想被擁抱的男人給威脅了 劇場版～西班牙篇～,820530,tt14489118,JP,78,0,0
2022,19687,偶然與想像,795811,tt14034966,JP,121,0,1548033
2022,19766,假面飯店2：假面之夜 ,824202,tt13582738,JP,129,0,0
2022,23463,灌籃高手 THE FIRST SLAM DUNK,783675,tt15242330,JP,125,0,258000000
2022,22230,犬王,642538,tt10540510,JP,99,0,897000
2022,20535,電影版 昨日的美食,824362,tt14865506,JP,120,0,0
2022,20355,讓我聽見愛的歌聲,741335,tt13064272,JP,108,0,0
2022,20186,魔仿犯,808667,tt14118266,JP,125,0,12571501
2022,22512,極速甩尾,983866,tt15327548,JP,121,0,0
2022,20669,魔法水果籃 -前奏曲-,896499,tt15799550,JP,88,0,434280
2022,21237,牛首村,854006,tt15458866,JP,115,0,2782770
2022,21941,北齋：浮世繪傳奇,698215,tt10787472,JP,129,0,0
2022,21790,特『刀劍亂舞-花丸-』～雪之卷～,978039,None,JP,73,0,0
2022,18774,花束般的戀愛,695932,tt11219254,JP,124,0,0
2022,23249,天使降臨到我身邊！珍貴的朋友,966709,tt15715792,JP,67,0,0
2022,22408,特『刀劍亂舞-花丸-』～華之卷～(第一周),1081641,None,JP,0,0,0
2022,22167,特『刀劍亂舞-花丸-』～月之卷～,1081640,None,JP,0,0,0
2022,20744,急急復雞雞,899743,tt13167612,JP,96,0,0
2022,20684,尋人啟弒,874476,tt15482370,JP,124,0,0
2022,19852,詛咒,264718,tt0488103,CN,91,0,0
2022,20715,接棒家族,853731,tt14605210,JP,137,0,0
2022,20631,燃燒的劍,726894,tt11487698,JP,148,0,0
2022,22511,信用詐欺師JP：英雄篇,930432,tt17008472,JP,127,0,0
2022,20229,電影 K-ON！輕音部,120811,tt1909796,JP,110,0,21434003
2022,21058,輪到你了 劇場版 ,915295,tt15034594,JP,142,0,0
2022,20541,那些得不到保護的人,794719,tt14423692,JP,134,0,0
2022,22005,如月車站,959439,tt21235352,JP,82,0,0
2022,21537,螢火蟲之墓,76826,tt0491652,JP,148,0,0
2022,19264,鹿王,633844,tt11417856,JP,113,0,0
2022,19896,超慄方殺陣,792678,tt13975458,JP,108,0,0
2022,20993,漁港的肉子,781816,tt13758684,JP,97,0,0
2022,14034,今天也要用便當出擊,514880,tt9810090,JP,106,0,0
2022,21441,再見了，橡果兄弟！－奇蹟的暑假－,846993,tt14967958,JP,95,0,0
2022,22197,萌男友是柑橘色,996499,tt19850394,JP,97,0,0
2022,20520,夏日幽靈,798544,tt15052770,JP,40,0,0
2022,21627,xxxHOLiC 次元魔女,901410,tt16233104,JP,110,0,0
2022,20047,青春特調蜂蜜檸檬蘇打,853821,tt14311250,JP,111,0,0
2022,21933,末日救世主,996666,tt15469504,JP,118,0,1770794
2022,21710,婚顧女王,912632,tt15400628,JP,117,0,0
2022,21929,七五計劃,958487,tt19719904,JP,113,0,0
2022,9952,睡著也好醒來也罷,487850,tt7112154,JP,119,0,0
2022,21589,怪獸死了怎麼辦,831920,tt16245968,JP,115,0,0
2022,21707,太陽與波麗露,1037696,None,JP,133,0,0
2022,20301,鳩的擊退法,844225,tt14153324,JP,118,0,0
2022,22350,Ｎ号棟鬧鬼,938133,tt17510216,JP,103,0,0
2022,22801,大逃殺 4K數位修復版,3176,tt0266308,JP,113,4500000,30600000
2022,22431,春心萌動的老屋緣廊,963131,tt20413256,JP,118,0,0
2022,23040,葬禮,42095,tt0089746,JP,124,0,0
2022,23041,蒲公英,11830,tt0092048,JP,115,1500000,0
2022,22228,河畔小日子,749927,tt15181216,JP,120,0,0
2022,20918,決戰星期天,863857,tt15102828,JP,107,0,0
2022,22474,流浪之月,849786,tt15150608,JP,150,0,0
2022,18228,歡樂時光（上）,354759,tt4780662,JP,317,0,0
2022,18228,歡樂時光（上）,354759,tt4780662,JP,317,0,0
2022,20529,垃圾頭,464768,tt6848928,JP,101,0,0
2022,22961,天才狂歡派對：最終章,77248,tt1305678,JP,81,0,0
2022,20552,魔神英雄傳 七魂的龍神丸 -再會-,1015361,None,JP,120,0,0
2022,23384,TANG,804593,tt14215690,US,5,0,0
2022,22508,救救旱鴨子,956450,tt18750342,JP,113,0,0
2022,18231,歡樂時光（下）,354759,tt4780662,JP,317,0,0
2022,18231,歡樂時光（下）,354759,tt4780662,JP,317,0,0
2022,20125,電影版 狂賭之淵2：絕體絕命俄羅斯輪盤,742396,tt13017168,JP,119,0,1084503
2022,23401,邪惡的孩子,958017,tt21649884,JP,100,0,0
2022,20101,沒說出口的殺人告白,735409,tt11252688,JP,119,0,0
2022,23187,還有愛的日子,927594,tt18235306,FR,123,0,1782
2022,23107,性徒,987573,tt21627390,JP,118,0,0
2022,20983,鳶,794721,tt19632774,JP,139,0,0
2022,23192,線，畫出的我,961266,tt21816922,JP,107,0,0
2022,20919,第一人夫,756198,tt13345102,JP,121,0,0
2022,20653,輝耀姬物語(日文版),149871,tt2576852,JP,137,49300000,24366656
2022,21315,偷情連載中,810587,tt14786640,JP,119,0,0
2022,20936,兒時的點點滴滴(日文版),15080,tt0102587,JP,118,0,473110
2022,21393,噪音,848298,tt15215468,JP,128,0,0
2022,22503,調職令是警察樂隊！,961381,tt19845370,JP,119,0,0
2022,20865,海岬的迷途之家,760758,tt13404868,JP,105,0,0
2022,21020,平成狸合戰 (日文版),15283,tt0110008,JP,119,0,0
2022,20295,月影,847335,tt15442580,JP,92,0,0
2022,23264,魔幻時刻,46361,tt1077089,JP,136,0,0
2022,20193,四季拉麵物語,809695,tt11773748,JP,81,0,0
2022,22532,魚之子,952438,tt18952724,JP,139,0,0
2022,20951,露草,954094,tt18096416,JP,95,0,0
2022,19061,總編的復仇,744714,tt11679950,JP,113,0,0
2022,22882,好想傳達你的聲音,461078,tt7283052,JP,94,0,3891
2022,22244,我想被高中女生殺死,960312,tt21439866,JP,110,0,0
2022,18685,告白,54186,tt1590089,JP,107,0,45203103
2022,22421,戀之光 ,993782,tt27811244,JP,111,0,0
2022,22902,錯位的青春,810674,tt14820290,JP,108,0,0
2022,22802,幽靜的山荷葉,859798,tt18566518,JP,105,0,0
2022,22533,每天上班總是累得要死,890326,None,JP,114,0,0
2022,20759,對某飛行員的追憶,93013,tt2113091,JP,99,0,0
2022,20823,隔壁的山田君 (日文版),16198,tt0206013,JP,104,0,0
2022,23262,鬼壓床了沒,130023,tt1677603,JP,142,0,0
2022,20824,臥底型警FINAL,845611,tt14941348,JP,129,0,0
2022,22881,通往異世界的便利店,995387,tt22775702,JP,97,0,0
2022,20533,夢境診斷與恐怖體驗,1011873,None,JP,85,0,0
2022,23222,有頂天大飯店,112903,tt0498587,JP,137,0,0
2022,6711,東京物語,18148,tt0046438,JP,137,0,0
2022,23218,愛情在車上,1003706,tt23555720,JP,82,0,0
2022,20707,國士無雙,146126,tt0788086,TW,122,0,0
2022,22738,天堂髮廊,782648,tt11897340,EG,91,0,0
2022,23193,無法無天,598,tt0317248,BR,135,3300000,30641770
2022,20729,漂浪人生,680813,tt8430054,DK,89,3400000,712229
2022,19269,月老,783740,tt15456878,TW,128,0,0
2022,20646,咒,864370,tt18968540,TW,111,0,5700000
2022,18190,聽見歌 再唱,793392,tt15448352,TW,113,0,0
2022,20477,我吃了那男孩一整年的早餐,839294,tt17292614,TW,119,0,0
2022,12489,五月天 人生無限公司,601434,tt10346206,TW,112,0,0
2022,22531,流麻溝十五號,1005555,tt22498834,TW,111,0,0
2022,19183,瀑布,852355,tt15119668,TW,129,0,0
2022,20670,少年吔,943737,None,TW,119,0,0
2022,21822,民雄鬼屋,931894,tt21618732,TW,79,0,0
2022,20725,頭七,918035,tt21404042,TW,103,0,0
2022,23355,想見你,804725,tt24786154,TW,107,0,62655572
2022,20175,素還真,925725,tt16077426,TW,103,0,0
2022,19357,美國女孩,878987,tt15620158,TW,101,0,0
2022,22671,罪後真相,1007962,tt22463402,TW,120,0,0
2022,20312,噩兆,917717,tt16738372,TW,89,0,0
2022,22659,你在我心上,1025086,tt22757470,TW,0,0,0
2022,21785,哈勇家,975812,tt22370990,TW,111,0,0
2022,20921,少年吔，安啦！,205464,tt0105382,TW,110,0,0
2022,19729,一杯熱奶茶的等待,876648,tt21936550,TW,114,0,0
2022,22082,科學少女,957112,tt22497950,TW,108,0,0
2022,20354,初戀慢半拍,933785,tt14401290,TW,98,0,0
2022,19630,再說一次我願意,846517,tt15677260,TW,94,0,0
2022,15629,男人與他的海,764425,tt12194516,TW,108,0,0
2022,20817,我心我行,1006694,tt22398358,TW,136,0,0
2022,21165,神人之家,937356,tt19609954,TW,90,0,0
2022,21119,一家子兒咕咕叫,899460,tt22335454,TW,135,0,0
2022,19319,青春弒戀,796155,tt15138308,TW,128,0,0
2022,19608,該死的阿修羅,880156,tt15742308,TW,114,0,0
2022,19065,魔法阿媽 4K數位修復版,232468,tt0223391,TW,80,0,0
2022,19662,售命,942953,None,TW,106,0,0
2022,10375,一家之主,769802,tt13298522,TW,124,0,0
2022,22660,小藍,975575,tt21881700,TW,97,0,0
2022,19402,鱷魚,860887,tt15445340,TW,103,0,0
2022,20005,尋找神話之鳥,984997,None,TW,91,0,0
2022,21915,他還年輕,1005979,tt29060486,TW,142,0,0
2022,21233,台灣男子葉石濤,987422,tt15677210,TW,122,0,0
2022,20531,野夏天,931885,tt17336922,CN,114,0,0
2022,14496,不想一個人,890538,tt15743140,TW,98,0,0
2022,17116,嗨！神獸,740823,tt13217182,TW,95,0,0
2022,17799,愛別離苦,946267,tt13370724,TW,77,0,0
2022,20643,青春換日線,939287,None,TW,0,0,0
2022,19064,廢棄之城,767246,tt13236576,TW,91,0,0
2022,18755,老鷹之手,891566,None,CN,100,0,0
2022,20521,藏匿處,936286,tt18317338,TW,118,0,0
2022,21174,孫行者傳,1026182,None,TW,95,0,0
2022,21174,孫行者傳,1026182,None,TW,95,0,0
2022,21825,舞徑,1017006,None,TW,143,0,0
2022,19320,沒有人該成為孤島,927480,None,TW,75,0,0
2022,14720,期末考,810020,tt11319188,TW,103,0,0
2022,20051,兜兜風,899387,tt15743072,TW,93,0,0
2022,18424,徘徊年代,829584,tt15446628,TW,148,0,0
2022,16508,逆者,868682,tt12205628,TW,107,0,0
2022,19957,高山上的熱氣球,893252,tt15096446,TW,109,0,0
2022,20805,再會啦  白宮,985569,None,TW,93,0,0
2022,21080,教練,960450,None,TW,88,0,0
2022,18306,詭祭,660001,tt10639214,US,98,0,0
2022,19987,願未央,816752,tt13298600,TW,114,0,0
2022,19122,影子背後,1003994,tt13878178,TW,0,0,0
2022,20920,給阿媽的一封信,874781,None,TW,105,0,0
2022,20053,我記得,302528,tt3704050,CA,94,0,1986615
2022,17487,修行,877246,tt15488160,TW,85,0,0
2022,18796,文林銀行,900843,None,TW,84,0,0
2022,22011,孫行者傳(國語版),1026182,None,TW,95,0,0
2022,22011,孫行者傳(國語版),1026182,None,TW,95,0,0
2022,21748,KULO,1009987,None,TW,21,0,0
2022,21200,夏日天空的那匹紅馬,814174,tt14071634,TW,98,0,0
2022,21239,還孩子做自己,1153451,None,TW,20,0,0
2022,21921,我永遠永遠永遠愛你,1009977,None,TW,21,0,0
2022,22327,關於，半夜夢見林默娘乘著海湧把垃圾全丟進我的未來這件塑，好像是真的,1025309,None,TW,17,0,0
2022,20922,有時 Mama，有時 Mimi,1009995,None,TW,20,0,0
2022,23139,一起一起,1050665,None,TW,98,0,0
2022,22475,稻浪上的夢想家,1200506,None,TW,1,0,0
2022,21731,聖石傳說,24614,tt0347996,TW,90,0,0
2022,19624,17歲的天空 4K數位修復版,27101,tt0420627,TW,93,0,0
2022,21690,家家,975681,None,TW,30,0,0
2022,22673,無邊,1032330,None,TW,60,0,0
2022,22710,失序正義,1039769,tt19876798,TW,76,0,0
2022,22448,不老騎士-歐兜邁環台日記,137686,tt2567390,TW,90,0,0
2022,21171,勸世三姊妹：大銀幕特別版,1035872,None,TW,92,0,0
2022,20375,格瑞特真相,798092,tt12867672,TW,80,0,0
2022,23394,黑的教育,741329,tt22476934,TW,77,0,0
2022,20867,幻日手記 ,900062,tt15740800,TW,79,0,0
2022,21087,北將七,939939,tt21228760,TW,181,0,0
2022,1585,奼紫嫣紅開遍,375281,,CN,106,0,0
2022,1394,西部來的人,316569,tt0176331,TW,90,0,0
2022,1593,1918,74107,tt0088645,US,94,0,0
2022,20262,寶島大夢,484574,tt0243132,TW,82,0,0
2022,18618,破輪胎,278445,tt0243494,TW,73,0,0
2022,22759,我這樣過了一生,256133,tt0092231,TW,119,0,0
2022,5511,香蕉天堂,262831,tt0490518,TW,148,0,0
2022,502,風中家族,356701,tt4814380,TW,126,0,0
2022,22215,紅柿子,262828,tt0116558,TW,168,0,0
2022,20319,第一爐香,660002,tt10415576,CN,144,0,0
2022,20054,藍宇,27062,tt0292066,HK,86,0,0
2022,20986,你好，李煥英,758891,tt13364790,CN,128,59000000,822049668
2022,21616,于堇：蘭心大劇院,497834,tt8499638,CN,127,0,0
2022,22630,野馬分鬃,712164,tt11090178,CN,134,0,0
2022,20396,奪冠,638032,tt10670442,CN,135,0,0
2022,22926,四海,827689,tt14509614,CN,129,0,85365990
2022,20154,郊區的鳥,537867,tt8747304,CN,118,0,0
2022,23190,這個殺手不太冷靜,923192,tt16254308,CN,109,0,393014816
2022,21423,李茂扮太子,903125,tt17005404,CN,0,0,72760000
2022,16189,不丹是教室,627087,tt10189300,BT,109,0,0
2022,11237,大象席地而坐,499556,tt8020896,CN,234,2500000,0
2022,6215,少年,436792,tt6419442,CN,0,0,0
2022,6215,少年,436792,tt6419442,CN,0,0,0
2023,22707,仇恨謎林,919570,tt18550182,RO,127,0,450255
2023,13290,寄生上流,496243,tt6751668,KR,132,11363000,257591776
2023,24516,犯罪都市3,955555,tt21364552,KR,105,0,83410298
2023,25092,水泥烏托邦：末日浩劫,729854,tt13086266,KR,130,0,28900000
2023,23589,BTS: YET TO COME IN CINEMAS,1063453,tt24807190,KR,103,0,29291883
2023,26037,鬼車站,844386,tt22505124,KR,80,0,2305305
2023,24714,貴公子,1057001,tt27534328,KR,117,0,0
2023,25160,逃出寧靜海,753091,tt27688034,KR,129,20000000,92718
2023,26045,My SHINee World,1148154,None,KR,112,0,0
2023,23615,火線交涉,606400,tt21111120,KR,108,0,13325763
2023,26405,12.12：首爾之春,919207,tt22507524,KR,142,0,0
2023,25311,贖命救援,581395,tt27795356,KR,132,0,0
2023,25179,MAMAMOO：MY CON THE MOVIE,1137172,tt28230511,KR,124,0,0
2023,25407,千萬別開門,813079,tt22507484,KR,101,0,0
2023,23960,靈魂伴侶,617882,tt13086130,KR,124,0,2471778
2023,26219,30日,1052433,tt29031019,KR,119,0,0
2023,23796,8釐米：詛咒影帶,977155,tt26679073,KR,87,23316420,0
2023,26381,鬼6怨,1168166,tt28995831,KR,117,0,0
2023,25736,沒有國家的冠軍,581394,tt11692284,KR,108,0,0
2023,25351,ASTRO,1357982,None,NL,17,0,0
2023,26026,禍亂：地下秩序,1028684,tt27502351,KR,123,0,0
2023,25638,附身,166271,tt2345567,CA,97,0,0
2023,25024,神鬼海底撈,783110,tt28106766,KR,129,0,0
2023,25803,詐騙女王,941045,tt29259250,KR,0,0,0
2023,25588,雉岳山怪談,987540,tt29031126,KR,85,0,0
2023,25322,保護者,656156,tt21387514,KR,99,0,0
2023,23383,首爾怪談,957154,tt20039176,KR,122,0,0
2023,26260,全羅道少年殺人事件,714651,tt22298582,KR,124,0,0
2023,23486,紳探追緝令,848198,tt24670346,KR,123,0,0
2023,25494,鬼夢遊,964592,tt8209702,KR,95,0,11033636
2023,26353,水鬼,848145,None,CN,5,0,0
2023,23587,幻影,715253,tt25503544,KR,132,0,0
2023,24206,魯蛇大翻身,936243,tt27002199,KR,122,0,0
2023,25710,極惡變身,952476,tt27801630,KR,105,0,0
2023,24037,熊男,995063,tt26599543,KR,98,0,0
2023,23786,超完美狗保姆,610249,tt24218390,KR,114,0,0
2023,23856,闇黑對決,640327,tt15089904,KR,116,0,0
2023,25829,誆世巨作：蜘蛛窩新宇宙,901121,tt21254598,KR,135,0,0
2023,23586,大明星多重宇宙,773910,tt24076346,KR,113,112,0
2023,18516,薄荷糖,41245,tt0247613,KR,131,0,0
2023,23547,淘氣小企鵝啵樂樂 電影版：巨龍城堡大冒險(國語版),979688,None,KR,69,0,0
2023,7777,原罪犯,670,tt0364569,KR,120,3000000,17500000
2023,25425,新進社員：電影版,1106528,tt28681454,KR,115,0,0
2023,23507,HERO,51550,tt0997157,JP,130,0,0
2023,23882,WINNER 2022 CONCERT THE CIRCLE : THE MOVIE,1166425,tt26569437,KR,191,0,0
2023,25212,絕對味覺情人,978202,tt28625660,KR,118,4862154,0
2023,8031,親切的金子,4550,tt0451094,KR,115,0,23803308
2023,24201,陰影下的她,923344,tt19820538,KR,138,0,1350266
2023,16076,非常母親,30018,tt1216496,KR,129,5000000,17112713
2023,25148,劇場版 衝鋒戰士：搶救月球大作戰,636283,tt10925772,KR,76,0,0
2023,26496,電影版 淘氣小企鵝啵樂樂 超級明星大冒險(國語版),1189165,None,KR,78,0,0
2023,8074,我要復仇,4689,tt0310775,KR,122,4000000,1954937
2023,23508,對我而言，你是珍貴的,817485,tt14739128,KR,100,0,0
2023,24639,SUGA: Road to D-DAY,1106732,tt27410896,KR,81,0,0
2023,19240,緣起不滅,42190,tt0348568,KR,133,0,0
2023,25242,花漾奶奶金難搞,956759,tt21190408,KR,93,0,0
2023,24640,j-hope IN THE BOX,1076443,tt26425683,KR,85,0,0
2023,23366,監弒器,831480,tt15209608,KR,0,0,0
2023,25268,KANGDANIEL: MY PARADE,1156807,tt28544219,KR,102,0,0
2023,24542,四層公寓,1002470,tt21404804,KR,97,0,0
2023,25167,朝聖之路：一路平安,682109,None,KR,98,0,0
2023,25361,闇黑新世界,165213,tt2625030,KR,134,0,0
2023,25318,正義辯護人,242452,tt3404140,KR,127,0,0
2023,23645,當男人戀愛時,797787,tt14428606,TW,115,0,0
2023,24842,在水中,1077647,tt26448971,KR,61,0,0
2023,24492,蝙蝠：血色情慾 數位修復版,22536,tt0762073,KR,134,5000000,13085023
2023,24312,開心鬼上身,62439,tt1848926,KR,111,0,0
2023,23474,巫師靈不靈！？,717908,tt22774776,KR,108,0,0
2023,25592,7號房的禮物,637920,tt10431500,TR,132,10000000,28000000
2023,25535,狼少年：不朽的愛,128246,tt2315152,KR,122,0,0
2023,26212,我們從末日開始,973778,tt21810682,GB,101,10000000,604830
2023,26127,餓之必要,938250,tt18235146,FR,110,0,0
2023,26208,夢想紅舞鞋,1075010,tt14838460,AU,111,0,0
2023,23887,雙手的溫柔,958279,tt17679584,FR,122,0,0
2023,18110,竊聽風暴,582,tt0405094,DE,137,2000000,77672685
2023,24552,淨化論,910365,tt14321668,DE,107,0,0
2023,25631,五月的35日,925341,tt13453138,DE,99,0,0
2023,23511,拼音戀習曲,928709,tt17154094,FR,104,0,0
2023,23825,蓋世棋蹟,748787,tt12058584,AT,112,0,0
2023,25771,我的完美日常,976893,tt27503384,JP,124,14000000,24094016
2023,25284,飛舞人生,842424,tt11155784,DE,107,0,0
2023,24010,萊茵金,912726,tt15536668,DE,138,0,9598008
2023,23489,沒有你的旅程,586813,tt9256012,DE,91,0,0
2023,20204,陸上行舟,9343,tt0083946,DE,157,7362000,0
2023,25305,愛在滿格時,1033176,tt22059648,MN,90,0,0
2023,24951,腹荷,1061648,tt16611924,YE,91,0,0
2023,24351,收陰機,1017063,tt19363554,IT,93,0,0
2023,23727,配樂大師顏尼歐,396194,tt3031654,IT,156,0,4332386
2023,18356,郵差,11010,tt0110877,IT,109,3000000,33000000
2023,24638,回不去的那座山,803700,tt14641542,BE,147,0,9494985
2023,24255,禁忌的畫像：卡拉瓦喬之影,693349,tt11877386,IT,120,5000000,0
2023,24883,屍發現場,852758,tt15823126,IT,126,0,0
2023,23487,若愛重來,743173,tt12989910,IT,101,0,0
2023,25285,AI時代,1091360,tt10400026,FI,81,0,0
2023,24927,絕美波麗露,795254,tt11773446,US,90,0,0
2023,25537,男人最壞女人最愛,1090024,tt16008564,IT,90,0,0
2023,24107,惡靈地堡,794234,tt13893190,FR,92,0,0
2023,23946,愛情停損點,794246,tt14508984,IT,110,0,0
2023,23565,開羅謀殺案,788977,tt15452062,DK,121,7047000,3646605
2023,25827,萬聖劫,1058078,tt24017902,SE,93,2250000,633385
2023,26481,巫術,1015936,tt20782072,SE,100,2200000,0
2023,24729,尋愛小說家：海史密斯,915939,tt15239466,DE,84,0,46172
2023,15271,熱帶雨,584242,tt9822706,CN,103,0,0
2023,24786,芽籠,1029178,tt16715436,SG,87,0,0
2023,23721,巫母,782936,tt11212572,IE,96,0,0
2023,23888,夏日悄悄話,916405,tt15109082,IE,94,1,6
2023,23516,束縛,888321,tt11992694,AT,114,7580600,3092534
2023,25163,愛爾瑪的情與慾,997777,tt15157318,AT,88,0,0
2023,24417,厲嬰魂,1073449,tt26473516,VN,117,1000000,1050490
2023,24074,涅槃咒,1057919,tt23747380,VN,110,0,0
2023,25862,折翼姊妹,1030991,tt22489308,PH,120,0,0
2023,24551,惡靈魔洛剋,959558,tt14412446,NL,99,0,558917
2023,24105,神鬼聖戰,296271,tt9663168,CZ,111,0,0
2023,24348,米蘭昆德拉：從玩笑到無謂的盛宴,835362,tt13875550,CZ,95,0,0
2023,23221,色界,993234,tt21111352,CZ,95,0,0
2023,26140,富都青年,1027982,tt27445004,MY,115,653000,1363827
2023,18318,南巫,759524,tt13212046,MY,105,0,0
2023,25182,五月雪,973587,tt28449053,MY,116,0,0
2023,24061,血忌,1015079,tt22205036,MY,102,0,0
2023,25414,虎紋少女,1077693,tt10803634,MY,95,0,0
2023,25359,尋父冒險記,1005141,tt19783714,DE,106,750000,904000
2023,25990,戰場日記,1058616,tt24082438,US,94,0,21000
2023,25630,戰火邊緣的青春,853084,tt11389212,FR,100,0,0
2023,24311,邪厄,977177,tt26547790,TH,124,0,0
2023,3142,鬼打牆,709631,tt9100018,US,88,0,5569593
2023,26441,送葬人,1113119,tt29633446,TH,125,0,20000000
2023,24915,My Precious初戀,976125,tt14326000,TH,120,0,0
2023,26126,日暮生死戀,1113085,tt28654867,TH,106,0,0
2023,24833,鬼偶,1031388,tt27999306,TH,107,0,0
2023,26022,凱蒂超殺女,842607,tt24787556,TH,120,0,0
2023,23576,天生一對2 大電影：再續前緣,937753,tt13446128,TH,166,0,0
2023,26501,情牽浮生戲,1076011,tt28686328,TH,128,0,0
2023,24309,Anne的多重恐懼,952127,tt10235670,TH,116,0,0
2023,25777,初戀你我他,977179,tt25406060,TH,121,0,0
2023,24350,為你鍾琴,804868,tt14526682,NL,83,0,0
2023,24840,我恨我自己,788734,tt18816518,NO,97,0,1051375
2023,26471,金手指,823598,tt14099796,HK,125,45000000,6136329
2023,24981,掃毒3：人在天涯,1093485,tt26929966,HK,125,0,0
2023,23440,天龍八部之喬峰傳,990140,tt22488024,CN,130,0,159959
2023,23688,風再起時,531379,tt6902394,HK,144,38000000,0
2023,26033,年少日記,957863,tt27881474,HK,95,415000,0
2023,23702,斷網,741602,tt20204936,CN,111,0,9605591
2023,23635,毒舌大狀,990326,tt25377462,HK,133,2800000,10000000
2023,24731,命案,969050,tt19856688,HK,108,0,0
2023,26077,困獸,1172012,tt29571399,CN,97,0,0
2023,23964,燈火闌珊,824742,tt14071600,HK,103,0,0
2023,25150,暗殺風暴,902533,tt17005282,HK,100,16000000,0
2023,23927,白日青春,1029168,tt18280126,HK,111,0,0
2023,26234,白日之下,1099217,tt27881515,HK,106,650000,2000000
2023,23965,窄路微塵,957861,tt22398026,HK,113,0,0
2023,23623,屍房菜,1002317,tt20603692,HK,89,0,0
2023,23873,流水落花,1027944,tt22397894,HK,93,0,0
2023,24595,死屍死時四十四,1005259,tt26493446,HK,119,0,0
2023,23385,緣路山旮旯,898009,tt15618938,HK,96,0,0
2023,26510,潛行,999056,tt21330770,CN,115,0,76000
2023,23679,十三門徒,1002318,tt20603604,HK,82,0,0
2023,23439,投奔怒海,72445,tt0084807,HK,109,0,1988145
2023,25984,釀魂,1147689,tt28818363,HK,100,0,0
2023,26034,4拍4家族,1063554,tt29602209,HK,107,0,0
2023,26397,夜校,1177518,tt29244335,HK,109,0,0
2023,24916,失衡凶間之罪與殺,988900,tt27903398,HK,0,0,0
2023,24106,絕地營救,882569,tt4873118,US,123,55000000,20000000
2023,25045,鬼手鬼手 請開口,1008042,tt10638522,AU,95,4500000,92000000
2023,23548,日麗,965150,tt19770238,US,102,0,7834405
2023,16474,俘虜,11948,tt0085933,NZ,124,0,2306560
2023,23665,小熊維尼：血與蜜,980078,tt19623240,GB,84,50000,7717044
2023,25102,喵的詐騙集團(英文版),676710,tt10473036,GB,93,17000000,21110363
2023,16906,教會,11416,tt0091530,GB,126,24500000,17200000
2023,17878,惡水真相,560008,tt9179096,JP,115,0,1623809
2023,16101,烈火情人,11012,tt0104237,US,111,11000000,31000000
2023,24717,小提琴天后慕特：愛樂一生,1104840,None,DE,0,0,0
2023,15757,亨利五世（莎翁經典劇集）,261832,,US,164,0,0
2023,15653,馴悍記（莎翁經典劇集）,953233,tt18970380,PL,112,0,0
2023,24716,馬克白（莎翁經典劇集）,591538,tt10095582,US,105,0,176248
2023,24716,馬克白（莎翁經典劇集）,591538,tt10095582,US,105,0,176248
2023,23207,傲慢與偏見（音樂劇）,4348,tt0414387,GB,129,28000000,121600000
2023,23699,色局追兇,89455,tt1680045,AT,110,0,1663931
2023,25773,少年Pi的奇幻漂流（英國國家劇院現場）,87827,tt0454876,US,127,120000000,609016565
2023,23885,杏仁與海馬,787791,tt7326608,US,95,0,790
2023,24062,危險療程,48231,tt1571222,CA,99,15000000,27462041
2023,25046,卓別林與他的情人,10435,tt0103939,US,143,31000000,9493259
2023,24940,長路將盡,11889,tt0280778,US,91,5500000,16153953
2023,25188,無情荒地有琴天,46992,tt0150915,GB,121,0,0
2023,25893,戴珍珠耳環的少女,3635,tt0335119,GB,100,10500000,31500000
2023,26216,舞動人生,71,tt0249462,GB,110,5000000,109280263
2023,26148,藍色的你,971699,tt8649344,GB,97,0,110722
2023,24734,慾望之翼,28468,tt0085328,IT,110,0,0
2023,26361,奇愛博士,935,tt0057012,GB,93,1800000,9500000
2023,24868,不可能的任務：致命清算 第一章,575264,tt9603212,US,164,291000000,567535383
2023,24337,玩命關頭 X,385687,tt5433140,US,142,340000000,704709660
2023,23924,超級瑪利歐兄弟電影版,502356,tt6718170,US,93,100000000,1362000000
2023,23894,捍衛任務4,603692,tt10366206,US,170,90000000,440157245
2023,24917,奧本海默,872585,tt15398776,US,181,100000000,952000000
2023,24938,Barbie芭比,346698,tt1517268,US,114,145000000,1445638421
2023,24532,變形金剛：萬獸崛起,667538,tt5090568,US,127,195000000,441381193
2023,24128,星際異攻隊3 ,447365,tt6791350,US,150,250000000,845600000
2023,24540,閃電俠,298618,tt0439572,US,144,220000000,271333313
2023,26399,水行俠 失落王國 ,572802,tt9663764,US,124,205000000,439381226
2023,24499,蜘蛛人：穿越新宇宙,569094,tt9362722,US,140,100000000,690897910
2023,24784,元素方城市(英文版),976573,tt15789038,US,102,200000000,496444308
2023,23736,龍與地下城：盜賊榮耀,493529,tt2906216,US,134,151000000,208200000
2023,26066,驚奇隊長 2 ,609681,tt10676048,US,105,274800000,207089999
2023,26269,旺卡(英文版),787699,tt6166392,GB,117,125000000,632302312
2023,26218,飢餓遊戲：鳴鳥與游蛇之歌,695721,tt10545296,US,157,100000000,337371917
2023,25279,私刑教育3,926393,tt17024450,US,109,70000000,191067560
2023,24998,GT：跨界玩家,980489,tt4495098,US,135,60000000,121700000
2023,25278,鬼修女II,968051,tt10160976,US,110,38500000,269670590
2023,5887,小美人魚(數位2D版),447277,tt5971474,US,135,297000000,569626289
2023,24787,印第安納瓊斯：命運輪盤 ,335977,tt1462764,US,155,294700000,383963057
2023,25460,汪汪隊立大功：超級大電影（國語版）,893723,tt15837338,CA,92,30000000,202231360
2023,23393,窒友梅根,536554,tt8760708,US,102,12000000,181796517
2023,26210,拿破崙 ,753342,tt13287846,US,158,165000000,220597098
2023,23564,玩命特攻：武演行動,739405,tt7985704,US,113,50000000,37800000
2023,25524,A.I.創世者,670292,tt11858890,US,134,80000000,104272136
2023,25090,藍甲蟲,565770,tt9362930,US,128,104000000,130788072
2023,23772,沙贊！眾神之怒,594767,tt10151854,US,130,125000000,134038006
2023,23590,迫降危機,646389,tt5884796,GB,107,25000000,74515586
2023,25428,浴血任務4,299054,tt3291150,US,103,100000000,37917985
2023,25408,威尼斯魅影謀殺案,945729,tt22687790,GB,104,60000000,121400000
2023,25536,奪魂鋸X,951491,tt21807222,US,118,13000000,125319714
2023,24857,陰兒房：鬼門陰深處,614479,tt13405778,US,107,16000000,189086877
2023,25816,花月殺手,466420,tt5537002,US,206,200000000,156922344
2023,26318,星願(英文版),45464,tt0213314,HK,93,0,2189278
2023,616,怪物,1050035,tt23736044,JP,125,0,0
2023,24064,鬼玩人：復活 ,713704,tt13345606,US,96,15000000,146700000
2023,25892,佛萊迪餐館之五夜驚魂,507089,tt4589218,US,110,20000000,297144130
2023,25060,幽靈公館,616747,tt1695843,US,123,157800000,117449790
2023,24097,梵蒂岡驅魔士,758323,tt13375076,US,103,18000000,76987621
2023,23399,超難搞先生,937278,tt7405458,US,126,50000000,108961677
2023,23889,AIR,507684,None,US,91,0,0
2023,23614,我的鯨魚老爸,785084,tt13833688,US,117,3000000,55101305
2023,24286,正宗巨齒鯊,890771,tt10279472,US,101,0,0
2023,25186,爆復,762430,tt6906292,US,91,20000000,18685751
2023,25429,自由之聲,678512,tt7599146,US,131,14500000,250600000
2023,25933,超危險保鑣,897087,tt15744298,US,108,40000000,9112817
2023,24866,珍愛硬起來,884605,tt15671028,US,104,45000000,83000000
2023,23517,巴比倫,615777,tt10640346,US,189,78000000,63363579
2023,24414,坎達哈行動,717930,tt5761544,US,119,30000000,9400000
2023,23855,65：恐怖行星,700391,tt12261776,US,93,45000000,60730568
2023,24416,鬼出櫃,532408,tt3427252,US,99,41900000,66978229
2023,25061,忍者龜：變種大亂鬥,614930,tt8589698,US,100,75000000,180513586
2023,25044,之前的我們,666277,tt13238346,US,106,12000000,28126646
2023,23959,吸血鬼特助：雷菲爾,649609,tt11358390,US,93,65000000,26874347
2023,16091,黑暗騎士,155,tt0468569,US,152,185000000,1004558444
2023,23629,人肉搜索2：失蹤搜救,768362,tt10855768,US,111,7000000,45100756
2023,26241,魔髮精靈：樂團在一起 (國語版),901362,tt14362112,US,91,95000000,207318137
2023,23794,驚聲尖叫 6,934433,tt17663992,US,123,35000000,168961389
2023,24782,變身少女露比,1040148,tt27155038,US,91,70000000,46247409
2023,26278,無聲夜,891699,tt15799866,US,104,0,0
2023,24493,小行星城,747188,tt14230388,US,105,25000000,47281670
2023,26075,恐怖感恩劫,1071215,tt1448754,US,106,15000000,46553280
2023,25493,笨錢效應 ,792293,tt13957560,US,105,30000000,20703794
2023,24597,復仇狗聯盟,912908,tt15153532,US,93,46000000,32000000
2023,23588,敲敲門,631842,tt15679400,US,100,20000000,54700000
2023,23400,TÁR 塔爾,817758,tt14444726,US,158,35000000,29048571
2023,26513,法拉利,365620,tt3758542,IT,131,95000000,39220516
2023,23426,劫婚大作戰,758009,tt9686790,US,101,0,4495365
2023,24496,催眠狙擊,536437,tt8080204,US,93,70000000,16014123
2023,22649,伊尼舍林的女妖,674324,tt11813216,GB,114,20000000,49300000
2023,26229,下一球，勝利,621587,tt10767052,US,104,14000000,18062279
2023,26305,夢行者保羅,823482,tt21942866,US,102,10000000,14114415
2023,23613,熊蓋毒,804150,tt14209916,US,95,32500000,88314672
2023,24189,限時追捕,605886,tt10275534,US,119,0,3138750
2023,25800,親愛的大衛,609768,tt9288740,US,94,0,0
2023,24467,一個人的朝聖,844409,tt14097206,GB,108,0,0
2023,23711,殺手迴戰,876969,tt7720142,IT,113,0,188292
2023,24870,電梯遊戲,1015303,tt14013772,US,94,0,302271
2023,23536,法貝爾曼,804095,tt14208870,US,151,40000000,45629909
2023,24970,鬼郵輪：瑪麗皇后號,977013,tt3463938,GB,124,0,0
2023,24046,寶可噩夢,798286,tt13521006,US,179,35000000,12337378
2023,25141,喜幹會,864168,tt15268244,US,94,20000000,15800000
2023,23651,鬼臥床,917007,tt4896168,US,90,0,0
2023,26192,五月的你，十二月的她,839369,tt13651794,US,117,20000000,4232370
2023,22709,愛．子,806368,tt14458442,US,123,0,3564844
2023,24637,義美超級爸,829051,tt8373206,US,90,29100000,18167819
2023,25985,新核能時代,1004685,tt21376908,US,106,0,0
2023,26267,沼澤王的女兒,798362,tt8002382,US,109,0,0
2023,25349,印咒：畢舍遮,1024773,tt15683734,US,99,0,4800000
2023,24252,追殺代理人,942199,tt13130024,CA,95,0,53095
2023,25340,地獄來的乘客,1030987,tt21991654,US,90,0,0
2023,26339,贖罪日之戰,899524,tt14454876,GB,101,0,7039677
2023,23771,屍蹤天使,1043565,tt14147224,US,97,0,0
2023,23752,火線埋伏,1074034,tt8270664,US,104,0,0
2023,24259,上流謀殺案,989473,tt11773810,US,93,0,0
2023,23687,所有的美麗與血淚,1004663,tt21374850,US,122,0,1483975
2023,26038,劊樂時光,1113278,tt27619382,US,87,0,970781
2023,23861,致蕾絲莉,823147,tt8129806,US,119,0,27322
2023,23661,俠探特攻：驚爆獨立日,1035806,tt22394702,US,92,2000000,36171
2023,22678,光影帝國,814757,tt14402146,US,119,13500000,11395604
2023,23947,深夜加油站遇見蘇格拉底,13689,tt0438315,US,118,0,0
2023,24034,穆荷蘭大道 4K數位修復版,1018,tt0166924,US,146,15000000,20289986
2023,25321,限時引爆,1156255,tt26450742,US,93,0,0
2023,25178,奪魂鋸,176,tt0387564,US,103,1200000,104004218
2023,24662,大愚樂家,553147,tt9013340,US,99,0,0
2023,23713,噩夢輓歌 4K數位修復版,641,tt0180093,US,102,4500000,7390108
2023,23787,鬼玩人 4K數位修復版,765,tt0092991,US,84,3500000,10900000
2023,25772,飢餓遊戲：自由幻夢 終結戰,131634,tt1951266,US,137,160000000,653428261
2023,23234,過去那五年（音樂劇）,769850,tt13589412,US,90,0,0
2023,25993,樹懶殺三小,1040892,tt15422224,US,93,350000,123000
2023,23437,日出日落：屋頂上的提琴手,927263,tt13660266,US,88,0,6318
2023,23572,BILLIE EILISH: LIVE AT THE O2 （戲院加長版）,1058923,tt26348071,US,70,0,0
2023,23415,血仇生死鬥,894169,tt14849038,US,96,0,0
2023,26213,闇之祭,853387,tt11893676,GB,104,0,0
2023,23797,愛瑪（音樂劇）,12254,tt0118308,US,107,0,0
2023,25729,飢餓遊戲：星火燎原,101299,tt1951264,US,146,130000000,865011746
2023,24881,我的左派老師,7859,tt0468489,US,107,700000,4911725
2023,25086,與狼共舞,581,tt0099348,GB,181,22000000,424208848
2023,24841,謎霧莊園,5279,tt0280707,US,137,19800000,87754044
2023,25187,我的藍莓夜,1989,tt0765120,FR,95,10000000,21800000
2023,26324,壁花男孩,84892,tt1659337,US,103,13000000,33384127
2023,24661,飢餓遊戲,70160,tt1392170,US,142,75000000,694394724
2023,20138,驚爆點,1089,tt0102685,US,122,24000000,83531958
2023,25070,冰風暴,68924,tt0119349,US,112,18000000,8038061
2023,23892,捍衛任務,245891,tt2911666,US,101,20000000,88761661
2023,24377,非關男孩,245,tt0276751,GB,101,27000000,129000000
2023,23652,珍愛熱線,579496,tt7461272,US,121,0,0
2023,24256,燃起希望之火,849242,tt9317274,FR,90,0,0
2023,25040,雪后奇緣,898230,tt17164334,RU,76,1900000,3400000
2023,24880,喵喵博物館(英文版),923579,tt24069962,RU,80,0,8093685
2023,23704,胡桃鉗與魔笛公主的奇幻冒險(英文版),589759,tt11006950,RU,84,3800000,3562423
2023,25344,德古拉的新娘 ,586352,tt19811466,RU,76,0,3535910
2023,23838,公主與野獸,576925,tt9572006,RU,98,0,0
2023,23462,柴可夫斯基的妻子,901358,tt17538510,FR,144,0,1300000
2023,18826,革命前夕的摩托車日記,1653,tt0318462,AR,126,0,57663224
2023,24253,鷹勇潛艦,611854,tt4741504,PL,104,3100000,196401
2023,26257,人犬,944401,tt17009348,FR,115,22700000,4082217
2023,6210,艾蜜莉的異想世界,194,tt0211915,FR,122,10000000,173921954
2023,23376,親密,11845,tt0256103,FR,119,0,2672527
2023,23376,親密,11845,tt0256103,FR,119,0,2672527
2023,23376,親密,11845,tt0256103,FR,119,0,2672527
2023,24073,聖母院大火：世紀浩劫,811596,tt12264966,FR,109,35000000,0
2023,25764,杜巴利伯爵夫人,921452,tt17277414,FR,117,22400000,13000000
2023,23859,我的2年妓女生涯,960139,tt17505492,BE,89,2600000,0
2023,24284,摘星甜點王,975762,tt19815386,FR,110,0,0
2023,5183,花神咖啡館,85033,tt1550312,CA,121,0,1674801
2023,5183,花神咖啡館,85033,tt1550312,CA,121,0,1674801
2023,17412,85年的夏天,659959,tt10457128,FR,101,6900000,3600000
2023,23550,不離職冒險王,745608,tt13639204,FR,83,0,0
2023,24095,燃燒的玫瑰,785980,tt13217988,FR,135,0,0
2023,23837,再一次勇敢跳躍,771077,tt13531468,FR,117,7780000,11196824
2023,23712,無人相信的真相,925714,tt16987062,FR,122,0,3900000
2023,25828,進化症候群,943134,tt16606592,BE,127,15200000,9138503
2023,7310,不思議女人,429191,tt5639354,CL,104,0,1880736
2023,7310,不思議女人,429191,tt5639354,CL,104,0,1880736
2023,24117,豪門心計,786977,tt13729232,FR,123,0,0
2023,23933,追兇12夜,925102,tt16953666,BE,114,0,3467232
2023,25413,榮耀之路,958219,tt19891500,FR,113,5300000,0
2023,15218,星星知我心,478860,tt7374926,FR,107,6500000,0
2023,24522,烈火浩劫,944306,tt15385664,BE,85,0,0
2023,25461,塞納河上的船屋,1070449,tt26448811,FR,109,0,0
2023,23827,爛人,962543,tt19719862,FR,100,2600000,19833
2023,23420,玩具當家,865498,tt13361648,FR,112,0,7295051
2023,25042,我和喵喵的冒險旅行  ,977337,tt15097144,CH,83,0,0
2023,23945,聖奧梅爾殺嬰案,925943,tt15376894,FR,123,0,823074
2023,23872,小淘氣尼古拉：快樂的源頭,893366,tt10290244,CA,86,0,3813788
2023,26368,青春 (春),200995,tt0266855,KR,118,0,0
2023,23666,揮灑心篇章,960275,tt14335980,FR,96,0,0
2023,25352,交響狂花,958179,tt23741324,FR,110,4400000,0
2023,23857,聖蛛,889699,tt18550140,DK,118,0,1252637
2023,24063,詭樓,852432,tt15152316,FR,90,0,0
2023,23546,販愛天堂,892515,tt14534796,FR,142,14000000,6667598
2023,23660,盲柳與沉睡的女人,678299,tt9320184,FR,105,6900000,0
2023,26247,像高達一樣寂寞,1005409,tt21382354,FR,101,0,19000
2023,24573,她和他的女兒,803694,tt15403712,FR,104,0,84178
2023,25423,冬日男孩,918044,tt17009856,FR,123,4600000,0
2023,23792,唐璜羅曼死,657198,tt14590650,FR,110,0,0
2023,23493,回到首爾,952701,tt19719836,KH,119,0,1594998
2023,26382,愛情轉移,898673,tt16252698,FR,92,0,1103374
2023,22715,愛在生命終結時,843093,tt14275050,NO,123,5000000,0
2023,25323,野獸們,848685,tt15006566,ES,138,3900000,10238603
2023,25745,小嫉妒,803688,tt26255358,FR,84,0,456632
2023,25745,小嫉妒,803688,tt26255358,FR,84,0,456632
2023,25118,勇闖太空,881693,tt14313434,FR,110,0,0
2023,23904,正年輕,848958,tt14976386,FR,126,0,0
2023,23785,尋找第5味,788030,tt6993614,FR,92,0,0
2023,26266,茱莉亞四重奏,892530,tt13729364,FR,120,0,0
2023,24313,安妮艾諾 超八時光,964681,tt19758084,FR,63,0,14632
2023,23392,地下疑雲,925459,tt12819094,BE,99,0,0
2023,23932,五個惡魔,820697,tt13391708,FR,96,3370000,46666
2023,24072,玫瑰母親,926889,tt17014214,FR,116,3900000,170419
2023,24072,玫瑰母親,926889,tt17014214,FR,116,3900000,170419
2023,23285,西蒙娜：世紀之聲,740937,tt13389730,FR,140,0,0
2023,25246,科西嘉的那個夏天 ,1000058,tt22463404,FR,110,4700000,0
2023,7634,影子軍隊,15383,tt0064040,FR,145,0,906133
2023,25763, 小嫉妒,803688,tt26255358,FR,84,0,456632
2023,25763, 小嫉妒,803688,tt26255358,FR,84,0,456632
2023,7635,沉默之海,40650,tt0039822,FR,87,0,0
2023,24032,中國女人,1629,tt0061473,FR,99,0,30857
2023,19736,廣島之戀,5544,tt0052893,FR,90,0,3193
2023,24485,印度之歌,85927,tt0073166,FR,115,0,0
2023,24486,長別離,131836,tt0054426,FR,85,0,0
2023,23897,玫瑰母親,926889,tt17014214,FR,116,3900000,170419
2023,23897,玫瑰母親,926889,tt17014214,FR,116,3900000,170419
2023,23957,戰爭開打之際,967874,tt14860210,FR,109,0,8598322
2023,18751,四百擊,147,tt0053198,FR,99,0,0
2023,18751,四百擊,147,tt0053198,FR,99,0,0
2023,18814,雙面薇若妮卡 經典數位修復,1600,tt0101765,FR,98,0,1999955
2023,18814,雙面薇若妮卡 經典數位修復,1600,tt0101765,FR,98,0,1999955
2023,18815,紅色情深 經典數位修復,110,tt0111495,FR,100,0,4127033
2023,18815,紅色情深 經典數位修復,110,tt0111495,FR,100,0,4127033
2023,18848,白色情迷 經典數位修復,109,tt0111507,FR,92,0,1273525
2023,18848,白色情迷 經典數位修復,109,tt0111507,FR,92,0,1273525
2023,25591,幸福的所在,997659,tt21230074,HR,102,390000,0
2023,23858,駭人骨娃娃,1008005,tt18072540,ES,103,0,0
2023,24498,驅魔13,1026563,tt21199996,ES,104,0,1891519
2023,25130,24小時賭命倒數,1053587,tt20215670,ES,98,0,0
2023,23754,桃子樹的最後豐收,804251,tt11930126,IT,115,10250000,3324521
2023,26214,轉生幻夢,1077684,tt21909682,ES,117,0,967213
2023,16868,高跟鞋 經典數位修復,8222,tt0103030,ES,114,0,1710057
2023,26092,與達利有約,1091044,tt7710588,ES,114,0,0
2023,25101,換宿夜驚魂,1064801,tt12748562,ES,99,0,0
2023,26349,荒漠斷背情,963765,tt13055264,ES,31,0,1057090
2023,24213,神鬼第六感,1933,tt0230600,US,104,17000000,210002906
2023,24051,屍智症,994128,tt13968380,ES,95,0,0
2023,24859,情慾獨角獸,1078920,tt15850538,ES,93,0,0
2023,23560,驚獄77,913991,tt15128358,ES,125,0,0
2023,23828,幸運狗狗來造訪,634120,tt7466810,IN,166,0,0
2023,24494,永遠的好麻吉,872556,tt15386680,IN,111,0,0
2023,26150,屍禁,1121962,None,ID,12,0,0
2023,24260,鬼噤聲,1018518,tt21154728,ID,106,0,0
2023,24867,神選之地,960206,tt19623228,DK,143,5000000,1560518
2023,23354,片場風暴,1005299,tt21378744,IR,108,0,0
2023,25177,德黑蘭雙面疑雲,1008043,tt13920920,FR,108,0,0
2023,24497,這裡沒有熊,974521,tt20205236,IR,107,0,1067495
2023,24515,三張面孔,517731,tt8269552,IR,100,0,0
2023,24045,萊拉兄弟,962558,tt19653180,IR,170,0,785361
2023,23488,萬惡世代,782044,tt13419036,LT,115,0,0
2023,23566,長春事件,949000,tt20199286,CA,86,0,0
2023,24138,烈火焚身,46738,tt1255953,CA,130,6800000,6788659
2023,25168,生命之舞,1128001,tt11790268,CA,96,0,0
2023,23963,絕命控制,986088,tt14036276,CA,89,0,0
2023,24349,飯捲男孩乖乖睡 ,1008038,tt13456340,CA,117,0,0
2023,26377,童魘,9613,tt0278731,CA,98,10000000,5809240
2023,23352,她和她們的電影課,866611,tt6443330,IL,91,0,69537
2023,23742,鈴芽之旅,916224,tt16428256,JP,121,0,323638107
2023,25730,蒼鷺與少年(日文版) ,508883,tt6587046,JP,124,50000000,294200000
2023,24939,新次元！蠟筆小新電影超能力大決戰～飛吧！手卷壽司～,1059572,tt26862791,JP,94,0,23839864
2023,24925,電影哆啦A夢：大雄與天空的理想鄉,1030587,tt21223380,JP,107,0,37475850
2023,23956,鏡之孤城,942881,tt22868842,JP,116,0,0
2023,24544,BLUE GIANT 藍色巨星,887870,tt15737898,JP,120,0,0
2023,16264,阿基拉,149,tt0094625,JP,124,5700000,49000000
2023,24969,青春豬頭少年不會夢到嬌憐外出妹,1056803,tt27348312,JP,74,0,0
2023,23473,新世紀福音戰士新劇場版：終,283566,tt2458948,JP,155,29700000,93882453
2023,14011,青春豬頭少年不會夢到懷夢美少女,572154,tt9881586,JP,90,0,0
2023,14811,HELLO WORLD,604605,tt9418812,JP,97,0,0
2023,26383,青春豬頭少年不會夢到紅書包女孩,1086591,tt28036417,JP,75,0,2050242
2023,24431,新．假面騎士,813477,tt14379088,JP,121,0,15787771
2023,25895,數碼寶貝02 THE BEGINNING,872976,tt22474136,JP,87,0,0
2023,23783,魔女宅急便(日語版),16859,tt0097814,JP,103,6900000,4493017
2023,26122,電影版 勿說是推理,1064669,tt27554389,JP,129,0,0
2023,24914,GRIDMAN UNIVERSE,915403,tt16418362,JP,118,0,0
2023,25776,劇場版城市獵人：天使之淚,1056133,tt19413836,JP,94,0,6774090
2023,24781,惡靈古堡：死亡島,1083862,tt26674627,JP,92,0,53929
2023,23638,僕愛君愛：致深愛妳的那個我,874745,tt15450826,JP,98,0,0
2023,23948,美麗的他電影版,1064662,tt27190932,JP,103,0,0
2023,23637,僕愛君愛：致我深愛的每個妳,874743,tt15439344,JP,102,0,0
2023,8693,坂本龍一：終章,473888,tt6578572,JP,100,0,960212
2023,18297,令人討厭的松子的一生,31512,tt0768120,JP,130,0,0
2023,24118,我的幸福婚約,1037348,tt19869122,JP,115,0,0
2023,24575,SEE HEAR LOVE 看不見聽不見也愛你,1124341,tt27881314,JP,132,0,0
2023,26242,歡迎來到駒田蒸餾所,1119211,tt27626792,JP,91,0,0
2023,17242,感官世界,5879,tt0074102,JP,105,0,0
2023,25398,岸邊露伴在羅浮,1069813,tt25582396,JP,118,0,0
2023,25105,忌怪島,1114205,tt23644572,JP,109,0,0
2023,25815,特別篇 吹響吧！上低音號～合奏團競賽篇～,1108306,tt20860298,JP,58,0,1650521
2023,25029,電影版TOKYO MER：行動急診室,961256,tt27453633,JP,128,0,0
2023,23935,月之圓缺,961257,tt21652624,JP,128,0,0
2023,24308,金之國水之國,991190,tt21105546,JP,116,0,0
2023,23663,愛是自私,1027273,tt22006138,JP,120,0,0
2023,23962,假面騎士劇場版 Battle Royale,1002780,tt21417736,JP,95,0,0
2023,24372,快一秒的他,1029475,tt27930733,JP,120,0,0
2023,24317,湯道,1029486,tt22777600,JP,127,0,0
2023,24033,百花,936490,tt18395238,JP,104,0,0
2023,19242,東京復仇者,698201,tt11923304,JP,120,0,0
2023,25117,來自雪國的遺書,1030205,tt22037646,JP,134,0,0
2023,25267,GHOSTBOOK 妖怪圖鑑,961418,tt21343502,JP,112,0,0
2023,23341,那個男人,869886,tt20251822,JP,121,0,0
2023,25761,詭屋,22970,tt1259521,US,95,30000000,71038838
2023,24089,心之谷,37797,tt0113824,JP,111,0,0
2023,25072,#人孔,1029621,tt24670176,JP,99,0,0
2023,24835,暗湧情事,348869,tt1301178,JP,117,0,0
2023,24715,SSSS. GRIDMAN 劇場總集篇,1068602,tt24657462,JP,0,0,0
2023,26454,寬鬆世代又怎樣：INTERNATIONAL,1119114,tt28635008,JP,116,0,0
2023,26478,窗邊的小荳荳,1106904,tt28347814,JP,114,0,0
2023,24341,惠子不能輸,928730,tt17309864,JP,99,0,0
2023,24212,貞子 DX,940417,tt19815280,JP,100,0,2352175
2023,25320,斷捨離天堂,1129646,tt28444512,JP,101,0,0
2023,24112,指尖上綻放的愛,819163,tt11179000,JP,113,0,0
2023,24789,SSSS.DYNAZENON 劇場總集篇,1068607,tt25399466,JP,121,0,0
2023,25039,銀河鐵道之父,1062844,tt27510170,JP,128,0,0
2023,8749,幻之光,18872,tt0113725,JP,110,0,0
2023,24050,厄林,961295,tt21288116,JP,107,0,0
2023,24086,Fishmans,800151,tt14141970,JP,172,0,0
2023,23224,舌尖上的禪,1024298,tt22651844,JP,112,0,0
2023,23438,彬與瑛,961410,tt21647658,JP,128,0,0
2023,23603,追海豚的長崎夏日,971602,tt21819780,JP,96,0,0
2023,8878,無人知曉的夏日清晨,2517,tt0408664,JP,141,0,0
2023,24468,名偵探神助理：黃金螺旋之謎,1029479,tt24161580,JP,99,0,0
2023,23700,我們的黎明,950863,tt21216020,JP,120,0,0
2023,25079,千輝同學未免甜得過火,1029484,tt22648994,JP,99,0,0
2023,18637,天外者,746257,tt13369122,JP,109,0,0
2023,26139,天一亮，就想見到你,1120459,tt28259022,JP,100,0,0
2023,26279,花腐,1115167,tt28756694,JP,137,0,0
2023,25317,黑夜遊行,1034660,tt21434474,JP,0,0,0
2023,8873,橫山家之味,25050,tt1087578,JP,114,0,3511120
2023,26398,銀河鐵道之夜,37585,tt0089206,JP,108,0,0
2023,25632,名偵探麻里子最悲慘的一天,1017441,tt22062330,JP,116,0,0
2023,25131,善良的牧本先生,961267,tt19845444,JP,105,0,0
2023,25059,親密（前編）,11845,tt0256103,FR,119,0,2672527
2023,25059,親密（前編）,11845,tt0256103,FR,119,0,2672527
2023,25059,親密（前編）,11845,tt0256103,FR,119,0,2672527
2023,26515,坂本龍一：OPUS,1156189,tt28490873,JP,103,0,0
2023,24728,呼叫愛美子,828948,tt23322952,JP,104,0,0
2023,23492,怪談比留子,38405,tt0100991,JP,89,0,0
2023,25127,電影哆啦A夢：大雄與奇跡之島,160642,tt2271315,JP,100,0,46180706
2023,25071,親密（後編）,11845,tt0256103,FR,119,0,2672527
2023,25071,親密（後編）,11845,tt0256103,FR,119,0,2672527
2023,25071,親密（後編）,11845,tt0256103,FR,119,0,2672527
2023,24753,銀平町的電影時光,1064872,tt31407003,JP,0,0,0
2023,24109,離不開你的依賴,1035647,tt28489497,JP,107,0,0
2023,24876,謎樣的你,1076535,tt26689671,JP,130,0,0
2023,25041,夏洛克的孩子們,1019661,tt21944604,JP,122,0,0
2023,23145,她喜歡的是,804032,tt14190918,JP,122,0,0
2023,25243,冰淇淋般的愛戀,1067298,tt27745148,JP,104,0,0
2023,24514,渴水,968146,tt26930646,JP,0,0,0
2023,25313,明天星期一,1040496,tt27510455,JP,82,0,0
2023,25241,破案天才伽利略：嫌疑犯X的獻身,42341,tt1160629,JP,128,0,0
2023,23602,霍爾的移動城堡,4935,tt0347149,JP,119,24000000,236049757
2023,24834,百合的雨聲,994741,tt22046186,JP,84,0,0
2023,23312,手,846716,tt15165236,HK,56,0,0
2023,23235,夜鷹的單戀,879008,tt15625968,JP,98,0,0
2023,24060,這就是我,57118,tt1606180,US,101,5000000,0
2023,24992,超市之女,81296,tt0127310,JP,127,0,0
2023,25176,破案天才伽利略：真夏方程式,204702,tt2412556,JP,129,0,0
2023,23123,艾莉絲旅館,872667,tt14246570,TW,100,0,0
2023,24108,扶桑花女孩之舞,760765,tt13409496,JP,109,0,0
2023,24993,女稅務員,42011,tt0093502,JP,127,0,0
2023,23639,愛情失格,1009447,tt22467872,JP,139,0,0
2023,24994,受監護的女人,164207,tt0133089,JP,131,0,0
2023,23121,唱出戀愛的苦惱,969441,tt30750832,JP,117,0,0
2023,25099,民暴之女,110283,tt0104874,JP,123,0,0
2023,26193,託生君系列：很長很長的故事開始的早晨,1134409,None,JP,78,0,0
2023,24418,六月之蛇,33431,tt0330904,JP,78,0,0
2023,25100,女稅務員2,41962,tt0095597,JP,127,0,0
2023,26492,魔法公主,128,tt0119698,JP,134,23500000,169000000
2023,26545,崖上的波妞,12429,tt0876563,JP,101,34000000,202404009
2023,26364,革命＋1,1026301,tt22437974,JP,75,0,0
2023,25244,BE : the ONE,1159247,None,JP,0,0,0
2023,24996,鴻運女,83183,tt0098972,JP,118,0,0
2023,24995,大病人,83205,tt0106651,JP,116,0,0
2023,23784,人體動物圖鑑：烏龜的殼其實是肋骨,1021860,None,JP,68,0,0
2023,24999,狂琴畸戀,85032,tt1842532,JP,91,0,0
2023,24094,愛情美樂地,962571,tt19719976,PK,127,0,1200000
2023,24088,地中海發燒友,958291,tt19785426,CY,108,0,0
2023,18107,醉好的時光,580175,tt10288566,DK,117,5150000,21700000
2023,26121,壞教慾女孩,958234,tt15387506,DK,135,0,0
2023,23535,關於我和鬼變成家人的那件事,983883,tt22742964,TW,130,1874400,15410325
2023,24818,請問，還有哪裡需要加強,1016392,tt27671269,TW,121,0,0
2023,25590,周處除三害,1046090,tt29319990,TW,134,0,91608950
2023,25306,女鬼橋2：怨鬼樓,999087,tt21962086,TW,101,0,0
2023,23843,做工的人電影版,1026559,tt26936155,TW,95,0,0
2023,25116,我的麻吉4個鬼,993092,tt28349905,TW,104,0,0
2023,24035,化劫,977209,tt20247796,TW,94,0,0
2023,24066,速命道,1012267,tt27033991,TW,99,0,0
2023,25994,BIG,1054087,tt29195650,TW,159,0,0
2023,23506,詐團圓,1022862,tt24330660,TW,0,0,0
2023,25586,惡女,1047003,tt27766132,TW,114,0,0
2023,24014,疫起,1040284,tt26686436,TW,118,0,0
2023,24663,查無此心,1006763,tt22742070,TW,104,0,0
2023,14895,悲情城市,49982,tt0096908,TW,158,0,0
2023,14895,悲情城市,49982,tt0096908,TW,158,0,0
2023,23671,本日公休,956288,tt26686277,TW,106,0,0
2023,23408,山中森林,991898,tt22754786,TW,132,0,0
2023,25063,老狐狸,1006012,tt29452517,TW,112,0,0
2023,25149,我最愛的笨男人,1080494,None,TW,0,0,0
2023,23926,車頂上的玄天上帝,996108,tt27811012,TW,130,0,0
2023,16901,海霧,734732,tt12929746,TW,107,2000000,0
2023,25422,小曉,1005996,tt29566160,TW,103,0,0
2023,25222,他馬克老闆,1022108,tt28265358,TW,116,0,0
2023,26076,赤心巔峰,1168337,None,TW,105,0,0
2023,24370,南方，寂寞鐵道,1021768,tt22746776,TW,106,0,0
2023,25335,成功補習班,1036397,tt27671363,TW,124,0,0
2023,23831,我和我的賽車老爸,975810,tt28220721,TW,99,0,0
2023,23961,青春並不溫柔,1006024,tt27928749,TW,114,0,0
2023,24054,不能流淚的悲傷,1077310,tt27042866,CN,97,0,8180000
2023,23795,守護黑面琵鷺,1084783,tt27033944,TW,84,0,0
2023,24023,消失的紫斑蝶,1096018,None,TW,83,0,0
2023,25818,撼山河 撼向世界,1168336,tt29236840,TW,109,0,0
2023,23729,九槍,1029179,tt22463330,TW,90,0,0
2023,18550,溟溟,1006683,tt27996285,TW,89,0,0
2023,24239,我的天堂城市,1007976,tt21116954,TW,120,0,0
2023,15447,日子,662400,tt11697820,TW,126,0,0
2023,25334,邀阿公阿嬤拍B級殭屍片,1167792,tt29497968,TW,82,0,0
2023,25728,少男少女,1088428,tt29115028,TW,140,0,14294
2023,24009,油麻菜籽,272122,tt0337507,TW,115,0,0
2023,24053,空巢,975817,tt28525465,MY,95,0,0
2023,25103,蘭陵40─演員實驗教室,1124911,tt29053601,TW,89,0,0
2023,23611,機甲英雄 劇場版 我與我等於無限大(國語版),1170696,None,JP,82,0,0
2023,24257,WOMEN 我們不知道的事,1121326,None,TW,99,0,0
2023,26220,花若盛開,1209560,None,TW,75,0,0
2023,25312,愛是一把槍,1155680,tt28484838,TW,81,0,0
2023,21373,夢遊樂園,899464,tt21969886,TW,0,0,0
2023,23835,炸彈客,1093453,None,TW,78,0,0
2023,24036,擒慾女王,1125053,None,TW,20,0,0
2023,24012,麻罪犯,1117283,None,TW,18,0,0
2023,24011,獸刑,1153794,None,TW,17,0,0
2023,24013,花開富貴,1130343,None,TW,25,0,0
2023,24044,X,1165736,None,TW,18,0,0
2023,24059,人之初性本善,1121017,None,TW,21,0,0
2023,21839,動物感傷の清晨,937101,tt15435040,TW,98,0,0
2023,13900,不散（4K修復版）,56616,tt0377556,TW,82,0,0
2023,25737,穿著旗袍的女孩,1331693,tt31913644,TW,82,0,0
2023,24214,妖怪森林,1177667,tt30488449,TW,83,0,0
2023,23934,壞男孩,1007944,tt29115814,TW,79,0,0
2023,25587,鑽石水族世界,1016255,tt27936806,TW,155,0,0
2023,24752,小子,1008742,tt30842823,TW,101,0,0
2023,12236,彩雲飛,438210,tt1216278,TW,95,0,0
2023,12575,風兒踢踏踩,87953,tt0082371,TW,90,0,0
2023,24277,龍馬精神,931102,tt15430628,CN,126,0,36232675
2023,23465,一直一直都很喜歡你,1022830,tt18689962,CN,0,0,0
2023,25213,海的盡頭是草原,1019619,tt18673234,CN,124,0,0
2023,25415,峰爆,862855,tt15413054,CN,114,0,58340541
2023,24221,熱帶往事,824738,tt8519380,CN,95,0,0
2023,24132,古董局中局,820099,tt11482948,CN,123,0,0
2023,16612,蘇州河,11599,tt0234837,CN,83,0,0
2023,23886,炎日,682152,tt14859416,TR,131,0,0
2023,26314,春風勁草,665733,tt13231544,TR,197,3720000,0
2024,29157,再見了！茱莉亞,1111750,tt14330672,SA,120,0,0
2024,26856,破墓,838209,tt27802490,KR,134,0,97974828
2024,19169,薩滿,745881,tt13446168,TH,131,0,7230000
2024,27237,犯罪都市4,1017163,tt27811040,KR,109,0,83703350
2024,28309,SEVENTEEN TOUR 'FOLLOW' AGAIN TO CINEMAS,1317874,tt32938930,KR,103,0,1857169
2024,28784,再見，福寶,1314450,tt33368329,KR,95,0,0
2024,27809,亡命機劫,1147710,tt31624258,KR,100,0,14602614
2024,28112,BLACKPINK WORLD TOUR [BORN PINK] IN CINEMAS,1307028,tt32881486,KR,92,0,0
2024,28010,寂噤計畫,726139,tt25808194,KR,96,14750000,6283415
2024,28349,變身機長,965094,tt32175399,KR,111,0,30937400
2024,28533,JUNG KOOK: I AM STILL,1315707,tt32903026,KR,93,0,18500823
2024,28477,aespa: MY First page,1229421,None,KR,109,0,99635
2024,27053,屍咒,1169340,tt32013903,KR,102,0,257377
2024,28164,絕地逃生,921436,tt31898445,KR,96,0,13368094
2024,26696,外星+人2：回到未來,626412,tt20201212,KR,122,0,10824208
2024,28929,辣手警探2,995926,tt30287778,KR,118,0,53453611
2024,27722,超完美暗殺隊,865910,tt26591189,KR,100,0,0
2024,29439,聽說,41531,tt1562328,TW,109,0,0
2024,29715,IVE The 1st World Tour in Cinema,1361488,None,KR,91,0,0
2024,27606,她死了,743815,tt32220831,KR,102,0,0
2024,27933,找死凶宅,736720,tt32475217,KR,101,0,14439610
2024,27222,神鬼對決,1007127,tt31315820,KR,109,0,6676327
2024,29470,心葬,660355,tt12663266,KR,95,0,1309215
2024,26661,金派特攻隊,696047,tt30364726,KR,114,0,11976305
2024,29501,Baekhyun: Lonsdaleite [dot] in Cinemas,1375053,None,KR,90,0,0
2024,27236,aespa: WORLD TOUR in Cinemas,1262209,tt31851580,KR,126,0,0
2024,29630,窺鏡,936245,tt34490115,KR,113,0,0
2024,26562,鬼媽媽的假期,661681,tt12664652,KR,105,0,0
2024,14880,EYES ON ME : THE MOVIE,638483,tt12669716,KR,104,0,0
2024,29235,在熙的男，朋友,1154154,tt33022813,KR,118,0,6229165
2024,19640,攔截聲命線,644714,tt15426974,KR,109,0,11772156
2024,27534,首爾單身日記,717088,tt29466094,KR,103,0,0
2024,28506,邪體：鬼拼屠,987538,tt28710841,KR,104,0,0
2024,27876,60分鐘亡命直播,838206,tt32322546,KR,93,0,0
2024,26596,露梁：死亡之海,660360,tt22813112,KR,153,40000000,34210966
2024,26776,日日好狗日,876127,tt30911335,KR,120,0,0
2024,28918,TAEYONG: TY TRACK IN CINEMAS,1338226,None,KR,96,0,0
2024,28490,警賊黑白衝,1063814,tt27176023,KR,110,0,0
2024,28047,塔羅牌,1300157,tt32799289,KR,94,0,0
2024,29099,非普通家族,973628,tt28488187,KR,116,0,0
2024,26950,惡獸之戰,799710,tt14916052,KR,106,0,0
2024,28638,當我的指尖觸碰到你的溫度時,1234114,None,KR,101,0,0
2024,29007,幸福國度,783111,tt32933495,KR,124,0,0
2024,29249,薩滿新娘,1314446,None,KR,107,0,0
2024,28475,FIGHTING！女孩們,1091051,tt29419864,KR,120,0,0
2024,28086,愛殺特攻隊,746349,tt27304839,KR,107,0,0
2024,27417,惡鄰羅曼史,1005533,tt26736481,KR,112,0,0
2024,19243,腦海中的橡皮擦,15859,tt0428870,KR,117,4200000,0
2024,28270,那年夏天，想見妳,1117291,tt28077172,KR,61,0,0
2024,26509,韓國都市恐怖怪談：詭手,717712,tt27830625,KR,52,0,0
2024,29371,旅人所嚮,1146410,tt31015344,KR,90,0,71614
2024,29656,EPIK HIGH 20 THE MOVIE,1252163,None,KR,116,0,0
2024,26618,美麗的聲音,40167,tt1588356,KR,115,0,0
2024,29085,皇后復仇中,976581,tt20114686,GB,99,0,0
2024,27070,超危險警探,978592,tt8542964,AU,112,0,0
2024,26705,失控教室,998022,tt26612950,DE,98,0,0
2024,27821,56種喝采,888768,tt15740596,DE,110,0,0
2024,25861,野火蔓延時,900379,tt26440619,DE,103,0,2147526
2024,26477,戰火下的小狐狸,936117,tt14439178,DE,118,0,0
2024,26571,金髮毒藥,982202,tt13506526,DE,113,0,115632
2024,28526,飛鳥總動員,1061855,tt14514964,DE,84,0,6500000
2024,26307,全面監視,951051,tt27148236,DE,97,0,0
2024,17414,未來的我們,623184,tt8892064,DE,93,0,0
2024,26427,巴赫曼-沙漠追愛之旅,978580,tt16103266,LU,110,0,0
2024,26956,最後一次的生日派對,958186,tt26315142,MX,95,0,163399
2024,28987,惡夢偵相,772450,tt14212142,MX,120,0,0
2024,27554,泯滅天使,29264,tt0056732,MX,93,0,0
2024,28456,薩滿男孩,730256,tt27816866,FR,104,0,0
2024,27233,如果我可以冬眠,986855,tt21605226,FR,98,0,0
2024,26917,盜墓奇美拉,837335,tt14561712,IT,131,0,4933288
2024,27360,如果可以再死一次,700819,tt6832210,IT,121,0,0
2024,27229,少年的漂浪旅程,937746,tt14225838,IT,121,13272819,0
2024,28179,我們還有明天,1026227,tt21800162,IT,118,9000000,49849677
2024,27511,教宗家的小兒子,801112,tt14137416,FR,134,14100000,4123091
2024,28212,流浪吉普賽,1023962,tt4707780,IT,175,0,0
2024,26619,歡迎光臨黑手黨餐廳,838876,tt15213704,IT,105,0,0
2024,26730,蓋世怪胎,571468,tt7270808,IT,141,12000000,0
2024,26873,盛夏最溫暖的初戀,1043997,tt9320170,IT,111,0,0
2024,26756,鬼影直播,1070535,tt25730490,SE,97,2150000,0
2024,28674,生活瑣事,3423,tt0064165,FR,89,0,0
2024,28158, 情慾出走的女人,998625,tt21272440,BE,93,0,0
2024,28302,流氓驅魔師,1280832,tt32277855,MY,104,0,0
2024,28219,小孩不笨3,1287250,tt32363253,SG,132,0,0
2024,27047,錢不夠用3：全部夠用,1238576,tt29383540,SG,138,2000000,0
2024,29155,罪惡對決,1027073,tt15782690,IE,106,0,0
2024,26803,踹你死功夫,1050904,tt20420790,EE,110,2900000,14861
2024,28829,富豪遊戲,1078810,tt26006472,AT,86,0,0
2024,28461,湄公河水鬼,1309123,tt32740311,VN,95,0,0
2024,26817,鬼怨偶,1202618,tt30460383,VN,0,0,0
2024,27030,再愛一次,1210973,tt31174028,VN,131,0,0
2024,27836,鬼厄犬,1222274,tt30611573,VN,99,0,0
2024,29718,鬼妹,906467,None,CN,0,0,0
2024,29086,草迷宮恐怖殺人事件,1327383,tt31710879,PH,119,0,0
2024,27989,血色之路,989589,tt10370812,AR,101,0,0
2024,25081,人類之巔3,951048,tt28293875,AR,121,0,0
2024,29011,靠近維梅爾,1090031,tt26773666,NL,77,0,0
2024,26543,鬼聲泣,1134433,tt29609422,TH,121,0,15150000
2024,27654,金孫爆富攻略,1103621,tt31392609,TH,126,0,73800000
2024,29096,鬼聲泣2,1247019,tt31513578,TH,112,0,4210676
2024,28569,屍控戰場,1244361,tt32750439,TH,110,0,0
2024,28280,跳越時空的愛戀,1167366,tt28766949,TH,148,0,0
2024,27521,屍油降,1241429,None,TH,0,0,0
2024,27372,鬼妻塚,1181045,None,TH,0,0,0
2024,26990,鬼面女,1102510,None,TH,108,0,152465
2024,28279,猛鬼大學：邪無止禁,1226170,tt32490826,TH,119,0,0
2024,29717,死命必達,1288175,tt33477753,TH,105,0,0
2024,29428,鬼碟仙,1322616,None,TH,90,0,0
2024,26631,邪妓,1100705,None,TH,104,0,0
2024,28301,哈囉！萌鬼屋,1257388,tt32380407,TH,125,0,4527000
2024,28647,鬼禁地,1143959,tt27788834,TH,131,0,0
2024,26647,他的最後一個朋友,1093215,tt28937890,TH,130,0,0
2024,29610,404宿靈速速逃,1290213,tt32362537,TH,104,0,0
2024,28269,暹羅詛咒,1113142,None,TH,90,0,0
2024,27736,分期付款愛上你,1052160,tt24744192,TH,135,0,300000
2024,29063,荊棘天堂,1290206,tt32362515,TH,135,0,3984000
2024,18137,鬼影,17111,tt0440803,TH,97,125000,0
2024,28508,惡業,1224589,tt31145295,TH,94,0,2082578
2024,27108,屍控大賣場,1072493,tt30625404,TH,101,0,0
2024,28485,可恨的初戀！,1072582,tt30103412,TH,114,0,0
2024,26752,唐人街恰恰,1113071,tt30957694,TH,103,1000000,91452
2024,28082,荒野心家園,1208994,tt30320576,NO,84,0,0
2024,27645,催眠,68477,tt0228807,JP,110,0,0
2024,27383,九龍城寨之圍城,923667,tt20316748,HK,125,38400000,95399186
2024,29429,破·地獄,1226141,tt31648020,HK,126,0,0
2024,26612,臨時劫案,991197,tt30958950,CN,98,0,32972054
2024,29635,誤判,1128650,tt30024043,CN,117,38500000,33318954
2024,27822,海關戰線,989909,tt19029666,HK,114,0,18333795
2024,27002,但願人長久,942074,tt27139786,HK,113,650000,0
2024,26743,七月返歸,1063863,tt28594068,HK,102,0,0
2024,23519,2046 4K數位修復版,844,tt0212712,HK,128,12000000,20205757
2024,29012,我談的那場戀愛,1136690,tt31659167,HK,116,0,2403433
2024,28167,怨泊,1050491,tt22776798,HK,99,0,0
2024,26919,白晝如焚,993156,tt30488315,HK,102,0,0
2024,28509,武替道,1095805,tt33420331,HK,114,0,0
2024,17126,幻愛,674813,tt11810546,HK,120,0,0
2024,19986,濁水漂流,740467,tt13887128,HK,112,0,0
2024,26567,爆裂點,1020784,tt29632851,HK,138,0,0
2024,26761,飯戲攻心2,1187970,tt30478127,HK,133,0,4871447
2024,26893,填詞L,998137,tt31159533,TW,112,0,0
2024,26762,不是你不愛你,1184505,tt30474040,HK,0,0,0
2024,26690,詩,1098275,tt27121093,HK,101,0,0
2024,29466,從今以後,1157680,tt30439035,CN,93,0,0
2024,26614,源生罪,991193,tt22000856,HK,106,0,0
2024,18620,春光乍洩  4K數位修復版,18329,tt0118845,HK,96,125000,5000000
2024,18620,春光乍洩  4K數位修復版,18329,tt0118845,HK,96,125000,5000000
2024,29672,爸爸,1178574,tt33499985,HK,130,0,2806606
2024,27484,來世還作人,1117166,None,MO,78,0,0
2024,27506,全個世界都有電話,1100901,tt28637452,TW,91,0,0
2024,18456,父親,600354,tt10272386,GB,97,6000000,21029340
2024,26779,夢想集中營,467244,tt7160372,US,105,15000000,52631884
2024,27764,逃出狂鯊島,804616,tt22863968,US,86,0,0
2024,2858,巴黎，德州,655,tt0087884,DE,145,1750000,2181987
2024,28176,九命貓的奇幻旅程,567811,tt7959138,GB,87,0,16219846
2024,28213,森之聲：猩火燎原,785429,tt12981702,FR,87,37500000,2779874
2024,27512,失速芭蕾,714675,tt12531856,PL,110,0,324522
2024,27446,嗜殺路人甲,1010600,tt22050754,US,91,8500000,48166448
2024,27437,小熊維尼2：噬血維尼,1079485,tt23330554,GB,93,415000,7582541
2024,27820,鳥,571,tt0056869,US,120,2500000,11500000
2024,27813,黑水巷,1215918,tt22767628,US,108,0,0
2024,26804,老橡樹酒館,970348,tt19883634,GB,113,0,7702015
2024,28745,布勒合唱團：直到盡頭 ,1274238,tt31218239,GB,104,0,0
2024,26885,邪厄恩典,879689,tt14946978,GB,100,0,0
2024,26750,老鬼當家 ,269509,tt2403439,US,89,10000000,2000000
2024,28917,布勒合唱團：溫布利球場演唱會,1274237,tt32778124,GB,128,0,0
2024,27951,激情年代（英國國家劇院現場）,20539,tt0115988,US,124,25000000,7343114
2024,28108,天生女王,896639,tt13968794,GB,89,0,0
2024,26320,怪胎女孩,935906,tt8649252,GB,84,84,1234483
2024,28828,地獄灰姑娘,1130053,tt27819388,GB,82,0,47300
2024,29574,Laufey's A Night at the Symphony: Hollywood Bowl,1375774,tt34227779,US,93,0,845370
2024,26932,非關性愛,1075175,tt22890246,GB,91,0,1216642
2024,27786,忙愛不如盲婚,800301,tt13430858,GB,109,0,10898395
2024,26881,尋找小津,76406,tt0090182,DE,94,0,0
2024,18040,法蘭克,171372,tt1605717,IE,95,1000000,1897363
2024,27655,腦筋急轉彎2 ,1022789,tt22022452,US,97,200000000,1698778437
2024,14082,小丑,475557,tt7286456,US,122,55000000,1078958629
2024,28065,死侍與金鋼狼,533535,tt6263850,US,128,200000000,1338073645
2024,26768,沙丘：第二部,693134,tt15239678,US,167,190000000,714444358
2024,27834,神偷奶爸 4,519182,tt7510222,US,94,100000000,969280910
2024,28977,猛毒最終章：最後一舞,912649,tt16366836,US,109,120000000,478103649
2024,28195,異形：羅穆路斯,945961,tt18412256,US,119,80000000,350865342
2024,29376,海洋奇緣2,1241982,tt13622970,US,99,150000000,1044396565
2024,27384,猩球崛起：王國誕生,653346,tt11389872,US,145,160000000,397378150
2024,27947,龍捲風暴,718821,tt12584954,US,123,155000000,370962265
2024,27607,絕地戰警：生死與共,573435,tt4919268,US,115,100000000,404547819
2024,28565,小丑：雙重瘋狂 ,889737,tt11315808,US,138,195000000,206400287
2024,29206,神鬼戰士 2,558449,tt9218128,US,148,310000000,458718000
2024,26581,蜂刑者,866398,tt15314262,US,105,35000000,152720535
2024,27481,芙莉歐莎：瘋狂麥斯傳奇篇章,786892,tt12037194,AU,149,170000000,173775791
2024,27870,噤界：入侵日,762441,tt13433802,US,99,67000000,261786322
2024,28528,荒野機器人,1184918,tt29623480,US,102,78000000,324816010
2024,29401,魔法壞女巫,402431,tt1262426,US,162,150000000,724720058
2024,26243,可憐的東西,792307,tt14230458,US,141,35000000,117607117
2024,29094,紅色一號,845781,tt14948432,US,124,250000000,185700759
2024,29594,獅子王：木法沙,762509,tt13186482,US,118,200000000,688700870
2024,17104,星際效應,157336,tt0816692,US,169,165000000,746606706
2024,26968,功夫熊貓 4,1011985,tt21692408,US,94,80000000,548040835
2024,28404,台北追緝令,1167271,tt28142896,FR,101,30000000,2826064
2024,27163,特技玩家,746036,tt1684562,US,127,125000000,181073291
2024,28393,變形金剛：源起,698687,tt8864596,US,104,75000000,128888103
2024,28877,懼裂,933260,tt17526714,GB,140,17500000,76506196
2024,27343,帝國浩劫：美國內戰,929590,tt17279496,GB,109,50000000,126542249
2024,26738,蜘蛛夫人,634492,tt11057302,US,117,80000000,100498764
2024,26338,飛鴨向前衝,940551,tt6495056,US,83,72000000,298776052
2024,27490,加菲貓：農場大冒險,748783,tt5779228,US,100,60000000,254907482
2024,29584,獵人克萊文,539972,tt8790086,US,127,120000000,59184643
2024,28109,圈套,1032823,tt26753003,US,105,30000000,82677281
2024,28390,陰間大法師 BEETLEJUICE,917496,tt2049403,US,105,100000000,451100435
2024,27952,長腿,1226578,tt23468450,US,101,10000000,126942386
2024,26759,天眼救援,969492,tt19864802,AU,113,18000000,7021101
2024,28892,微笑 2,1100782,tt29268110,US,127,28000000,138083280
2024,27387,幻幻之交,639720,tt11152168,US,104,110000000,190309707
2024,29633,音速小子 3,939243,tt18259086,US,110,122000000,472518457
2024,26940,魔鬼剋星：冰天凍地,967847,tt21235248,US,115,100000000,201967521
2024,27045,非紳士特攻隊,799583,tt5177120,US,120,60000000,29715044
2024,26842,極限長征,618588,tt10720352,US,107,19000000,40829138
2024,27914,邪惡勿語,1114513,tt27534307,US,110,15000000,76756109
2024,29087,隔壁的房間,1088514,tt29439114,ES,106,0,15102319
2024,26989,天魔：惡之初,437342,tt5672290,US,119,30000000,53992802
2024,26565,愛愛愛上你,1072790,tt26047818,US,103,25000000,214891370
2024,26959,鬼聖胎,1041613,tt23137390,US,89,9000000,35340015
2024,26926,伏慄熊,1125311,tt26658104,US,104,13000000,43787034
2024,27155,窒命危機,720321,tt11540468,US,93,0,0
2024,28198,邊緣禁地,365177,tt4978420,US,101,115000000,32978510
2024,28403,龍族戰神：重生,957452,tt1340094,US,111,50000000,24109036
2024,27153,噬血芭蕾,1111873,tt27489557,US,109,28000000,42791449
2024,27625,窺探者,1086747,tt26736843,US,102,30000000,51147812
2024,27877,飛月情海,956842,tt1896747,US,132,100000000,42247783
2024,29083,劊樂小丑3,1034541,tt27911000,US,125,2000000,89947122
2024,29513,異教詭屋,1138194,tt28015403,US,111,10000000,51913394
2024,29526,魔戒：洛汗人之戰,839033,tt14824600,US,134,30000000,19958572
2024,28197,到我們為止,1079091,tt10655524,US,131,25000000,350993761
2024,27623,當殺手戀愛時,974635,tt20215968,US,116,8800000,5101673
2024,28839,鬼袋人,978796,tt21201300,US,92,14500000,0
2024,27173,挑戰者,937287,tt16426418,US,132,55000000,94182533
2024,28233,求救眨眨眼,840705,tt14858658,US,102,20000000,46393906
2024,26508,叛諜檔案,927107,tt2016303,US,110,23900000,899683
2024,28782,地獄怪客：歪曲人的詛咒,1087822,tt26757462,US,100,20000000,2014050
2024,26716,青春養成記,508947,tt8097030,US,100,175000000,21328962
2024,28738,千萬別放手,814889,tt14415204,US,101,20000000,21768945
2024,27810,救援生死線,628922,tt9663896,US,120,0,488002
2024,29082,艾諾拉,1064213,tt28607951,US,139,6000000,33516549
2024,27114,怒火狂猴,560016,tt9214772,US,121,10000000,35271631
2024,26775,滯留生,840430,tt14849194,US,133,13000000,42513270
2024,27447,滅世男孩,882059,tt13923084,US,110,18000000,3139717
2024,28534,超完美家政婦,1064028,tt24871974,US,105,4400000,262793
2024,27522,失憶殺神,972614,tt20115766,US,115,963703,0
2024,28654,孤狼救援,5492,tt12598606,US,90,20000000,0
2024,26624,一個人的逃亡,944194,tt14124080,GB,96,0,0
2024,27172,蜘蛛驚,1087388,tt20112746,AU,92,0,1090798
2024,28455,羅素克洛之大法師,646683,tt11240348,US,96,22000000,12610418
2024,26796,雷鬼之父：音樂無國界,802219,tt8521778,US,104,70000000,180828556
2024,29188,驚爆封鎖線,1081012,tt26545708,US,95,0,0
2024,28551,逃出搶錢鎮,974250,tt20201748,US,113,0,0
2024,17496,愛在黎明破曉時,76,tt0112471,US,101,2500000,5987386
2024,17486,愛在日落巴黎時,80,tt0381681,US,80,2700000,15992615
2024,26836,天使之心,975056,tt14351082,US,142,50000000,20592796
2024,27946,不羈騎士,1008409,tt21454134,US,116,40000000,36110860
2024,26625,貓王與我,1020006,tt22041854,US,113,20000000,30140906
2024,28083,熊貓大冒險 ,676685,tt13616980,DE,94,10000000,5514627
2024,26805,師情化慾,1026436,tt8310486,US,93,4000000,1430985
2024,28527,樂一通大戰外星人：粉紅末日,870360,tt15352542,US,91,15000000,423628
2024,28827,太陽王與人魚：新帝國,245842,tt2328678,AU,94,40500000,2200000
2024,26958,彼岸的真相,1162322,tt21191906,US,106,40000000,11537680
2024,29166,劊樂小丑2,663712,tt10403420,US,138,250000,15741780
2024,27840,白南準：月亮是最古早的電視,916738,tt24079736,KR,111,0,54093
2024,28214,狸太怨,1019939,tt12818328,US,108,150000,804017
2024,27001,瓊拜雅：三重人格,1075815,tt26594061,US,113,0,630000
2024,27785,超級殺,1165466,tt28662887,CA,89,0,251071
2024,28783,來自地獄的邪靈,913673,tt14537248,US,98,3000000,5400000
2024,29065,劊樂小丑,420634,tt4281724,US,85,35000,421798
2024,28761,霸愛之路,1000780,tt15678810,US,96,0,0
2024,26554,醉鄉民謠,86829,tt2042568,US,104,11000000,32935319
2024,26777,紀伯倫哈利勒：先知,283161,tt1640718,CA,85,0,0
2024,29619,靈魂的重量,470,tt0315733,US,124,20000000,60427839
2024,22118,以你的名字呼喚我,398818,tt5726616,US,132,3500000,43143046
2024,22118,以你的名字呼喚我,398818,tt5726616,US,132,3500000,43143046
2024,29250,死亡日記,1443,tt0159097,US,97,6000000,10409377
2024,28626,末世生存者,1051896,tt22939186,US,92,0,859453
2024,28878,全力揮擊,1079810,tt7738330,US,110,0,0
2024,27769,鬼氣球,1246014,None,KH,95,400000,0
2024,28639,靈寓,1219522,tt11952626,KH,88,0,0
2024,26387,我不是教你詐,1137196,tt27996716,BG,114,0,0
2024,27932,末日倒數12小時,864101,tt15296186,RU,110,6042800,0
2024,28177,狗狗歌劇院(中配版),1112357,tt26448350,RU,75,0,0
2024,26384,阿爾及爾的末代王后,958161,tt18039808,DZ,110,0,0
2024,26760,鬼燭靈,1211728,tt28768831,AR,76,0,0
2024,27944,農民：愛慾情謎,734002,tt10651230,PL,115,7475000,10064347
2024,26691,上流誘惑,1048516,tt24464438,PL,98,0,0
2024,27046,禁忌之慾,1017066,tt21249656,PL,119,0,2318915
2024,28669,真愛未了情,12652,tt0113947,FR,106,0,0
2024,27558,中產階級拘謹的魅力,4593,tt0068361,FR,101,800000,103230
2024,28671,熟男不疑惑,42454,tt0072368,FR,113,0,0
2024,28673,當警探戀愛時,3427,tt0067409,FR,112,0,0
2024,27559,自由的幻影,5558,tt0071487,FR,104,0,6749
2024,27556,青樓怨婦,649,tt0061395,FR,101,0,0
2024,27560,朦朧的慾望,5781,tt0075824,ES,103,0,2864
2024,26430,再見機器人,838240,tt13429870,ES,102,5300000,4656348
2024,26686,墜惡真相,915935,tt17009710,FR,151,6700000,35634133
2024,26656,火上鍋,964960,tt19760052,FR,135,6500000,5970753
2024,29527,艾曼紐2024,976576,tt20247888,FR,105,19000000,578924
2024,26941,瑪格麗特戀習題,960033,tt26699529,FR,114,2470000,1091821
2024,28501,超時空愛殺,914206,tt14407336,FR,146,8400000,760979
2024,18268,我愛你，你愛她，她愛他,661935,tt12443930,FR,122,0,0
2024,27964,時髦女子,995746,tt26342863,FR,115,7000000,308326
2024,27483,宮殿大飯店,824016,tt14549270,IT,100,18700000,420350
2024,27492,再見哥雅：卡葉爾與布紐爾的最後巡禮 ,970398,tt14018794,FR,90,0,19870
2024,26692,給我個機會,995408,tt25969960,FR,105,0,2371953
2024,26967,日安，朵朵,1004555,tt26254622,FR,95,0,0
2024,27643,萬事通大全,888003,tt15732890,FR,102,0,3557686
2024,26351,逆轉廢材人生,965791,tt21352380,FR,120,13000000,7004555
2024,29427,絕命樂透彩,1216452,tt28444113,FR,103,0,0
2024,27949,巴黎頌紐約情,1004840,tt16062876,FR,90,0,0
2024,28503,歡迎菜老師,934506,tt21348598,FR,111,8200000,3452861
2024,28310,鄰家密友,961082,tt26760867,FR,85,0,0
2024,26957,愛離巢,989238,tt26256216,FR,91,0,579413
2024,29189,噠噠噠達利,1045770,tt23476446,FR,77,6700000,3829263
2024,27463,日落喜劇,995808,tt21962898,BE,98,3100000,0
2024,26669,戰地琴人,423,tt0253474,FR,148,35000000,120098945
2024,26317,魔籽公主,970867,tt23327624,CA,72,0,0
2024,18898,藍色情挑 經典數位修復,108,tt0108394,FR,98,0,1527572
2024,18898,藍色情挑 經典數位修復,108,tt0108394,FR,98,0,1527572
2024,21399,安達魯之犬,626,tt0020530,FR,16,0,0
2024,19204,花神咖啡館,85033,tt1550312,CA,121,0,1674801
2024,19204,花神咖啡館,85033,tt1550312,CA,121,0,1674801
2024,27156,大發明家,676727,tt5822848,US,92,10000000,2037563
2024,29484,戰火浮生錄,37335,tt0083260,FR,184,0,0
2024,29481,男歡女愛,42726,tt0061138,FR,102,0,0
2024,24254,不思議女人,429191,tt5639354,CL,104,0,1880736
2024,24254,不思議女人,429191,tt5639354,CL,104,0,1880736
2024,27770,承諾大海的老師,1024541,tt11887316,ES,105,0,2232542
2024,29605,安眠殺機,1235926,tt22506854,ES,110,0,0
2024,18169,我的母親 經典數位修復,99,tt0185125,ES,101,8272296,67956089
2024,26149,雙眼之間,997294,tt21284358,AR,169,0,716644
2024,29064,地下終劫站,1276210,tt24695266,ES,89,0,0
2024,26794,兩萬種蜜蜂,1053600,tt21113962,ES,129,2000000,1193593
2024,16947,悄悄告訴她 經典數位修復,64,tt0287467,ES,112,0,64803131
2024,16808,玩美女人 經典數位修復,219,tt0441909,ES,121,12899867,85582407
2024,28045,她們的盛夏微愛,1088851,tt21223304,ES,95,0,0
2024,18305,顫抖的慾望 經典數位修復,267,tt0118819,FR,103,0,1535558
2024,16990,破碎的擁抱 經典數位修復,8088,tt0913425,ES,127,18000000,30991660
2024,29372,你是我眼中的那道光,927547,tt32086077,IN,118,0,3010117
2024,27547,鬼舞村：詛咒起源,1176166,tt28763074,ID,122,1259208,3710622
2024,27495,鬼咧號,1128936,tt29545351,ID,103,0,28741
2024,28653,薇娜：死後七日,1148817,tt28857853,ID,100,0,0
2024,27997,血繼,1264429,tt30833435,ID,86,0,0
2024,27235,全境炸裂,1126128,tt27490380,KR,143,4722030,953672
2024,26431,網紅教慾,987419,tt21047870,ID,112,0,0
2024,29238,我最喜歡的蛋糕,1234591,tt31015278,DE,97,0,0
2024,27647,人道主義吸血鬼徵求自願獻身者,988402,tt24216998,CA,91,3000000,97578
2024,26763,親愛的愛莉絲,850028,tt11687104,CA,90,4000000,121067
2024,27485,愛情本性論,912520,tt22487338,CA,110,0,2349665
2024,27735,紅色房間,912480,tt22207786,CA,118,0,88902
2024,26147,無法融化的祕密,923387,tt7636728,BE,111,0,0
2024,27891,魔女荷莉,989496,tt13866832,BE,102,2700000,0
2024,27158,給我愛過的前任們,989232,tt27812279,BE,89,2000000,0
2024,27007,劇場版 排球少年!! 垃圾場的決戰,1012201,tt30476486,JP,85,5000000,100255784
2024,28240,電影蠟筆小新：我們的恐龍日記,1221404,tt30400536,JP,106,0,21478573
2024,28046,驀然回首,1244492,tt31711040,JP,58,0,12648664
2024,27950,電影哆啦A夢：大雄的地球交響樂,1148677,tt29402528,JP,115,0,33399912
2024,27959,劇場版 藍色監獄 -EPISODE 凪-,1104844,tt28671146,JP,91,0,14291561
2024,27054,機動戰士鋼彈 SEED FREEDOM,1146972,tt14759062,JP,125,0,36038764
2024,26666,鬼太郎誕生：咯咯咯之謎,904759,tt16270512,JP,104,0,0
2024,27600,角落小夥伴電影版：奇幻的玩具工廠,1148588,tt30008208,JP,0,0,0
2024,29645,LAST MILE：全面引爆,1276108,tt32253416,JP,128,0,37164152
2024,26553,去唱卡拉OK吧！,1070507,tt27957457,JP,108,0,2305483
2024,28087,劇場版 賽馬娘Pretty Derby：新時代之門,1223178,tt30648377,JP,108,0,8551637
2024,29592,我獨自升級：二次覺醒,1357633,tt33428606,JP,116,0,4150341
2024,27965,劇場總集篇 孤獨搖滾！Re:,1129610,tt32561659,JP,90,0,3829407
2024,27157,貓的報恩(日文版),15370,tt0347618,JP,75,0,54016370
2024,17498,GIVEN~被贈與的未來 劇場版,632632,tt11802992,JP,60,0,0
2024,3033,情書,47002,tt0113703,JP,117,0,0
2024,27667,秒速5公分,38142,tt0983213,JP,91,5000000,548192
2024,28111,四月，她將到來。,1120846,tt31869366,JP,108,0,6770446
2024,26630,少女與戰車 劇場版,357405,tt5284414,JP,120,0,0
2024,28637,成為星星的少女,1216623,tt31142500,JP,94,0,0
2024,28777,陰陽師0,1201210,tt31235903,JP,112,0,0
2024,28392,詭異之家,1188456,tt31859966,JP,110,0,30864331
2024,26552,邪惡根本不存在,1156125,tt28490044,JP,106,0,0
2024,28063,言葉之庭,198375,tt2591814,JP,45,0,820165
2024,27301,完美配對謀殺案,1044555,tt30333011,JP,0,0,0
2024,25991,北極百貨的秋乃小姐,1117609,tt28607487,JP,70,0,0
2024,26778,怪物樵夫,1137142,tt28090490,JP,119,0,0
2024,29517,消失的豪門妻,1276849,tt33022220,JP,114,0,10176530
2024,29390,沙奈：詛咒之歌,1130899,tt27671691,JP,102,0,0
2024,28476,我心裡的太陽,1267822,tt22694908,FR,90,0,0
2024,28159,派對咖孔明 Road to Summer Sonia,1211650,tt32235713,JP,119,0,0
2024,19510,心靈遊戲,21712,tt0452039,JP,103,0,36613
2024,28753,藍色時期,1268198,tt31987050,JP,115,0,766313
2024,27812,雲之彼端，約定的地方,12924,tt0381348,JP,91,0,44483
2024,27648,異國日記,1163269,tt27957454,JP,139,0,0
2024,27666,在大雪封閉的山莊裡,1231785,tt30832517,JP,109,0,0
2024,27375,Silent Love,261124,tt0126663,HK,91,0,0
2024,28778,黑箱日記,1214499,tt30227076,US,103,0,0
2024,27491,鴉色刑事組電影版,1025301,tt22187898,JP,120,0,0
2024,27159,假面騎士555 20th 復活的天堂,1122715,tt27679654,JP,65,0,0
2024,27379,長夜盡頭的微光,1086011,tt26731970,JP,119,0,0
2024,27811,追逐繁星的孩子,79707,tt1839494,JP,116,0,0
2024,26579,法庭遊戲,1101181,tt29486219,JP,97,0,0
2024,27014,搬家 4K數位修復版,1264344,None,SG,21,0,0
2024,26949,孤島診療所2022,1019421,tt24067424,JP,134,0,0
2024,29052,雨中的慾情,1283793,tt34278071,JP,132,0,0
2024,27646,星之聲,37910,tt0370754,JP,25,0,0
2024,28231,老師的善意謊言,1273597,tt32086082,JP,0,0,0
2024,27523,春畫先生,1188019,tt28153349,JP,114,0,0
2024,29516,赤羽骨子的秘密保鑣,1302106,tt31557623,JP,0,0,0
2024,28493,我的一夜騎士,1152908,None,JP,91,0,0
2024,26580,愛在閃電下,1140221,tt27916137,JP,140,0,0
2024,27445,波紋,1062910,tt27448082,JP,121,0,0
2024,6308,失樂園,68606,tt0120120,JP,119,0,0
2024,28356,自白,1229076,tt32467842,JP,76,0,0
2024,27665,在那開滿花的山丘，我想見到妳,1153325,tt31549782,JP,127,0,0
2024,28552,仇雲殺機,1244244,tt32828123,JP,124,0,541314
2024,28504,三日月和貓,1293338,tt32352167,JP,0,0,0
2024,27414,BLOODY ESCAPE：地獄的逃走劇,1103432,tt29666664,JP,100,0,0
2024,28894,巡演轉學生,1212497,None,JP,80,0,0
2024,28484,日本人的養成,1186850,tt29311021,FR,99,0,0
2024,26426,日安，我的母親,1101734,tt27412934,JP,111,0,0
2024,28435,來生再見未名的我們,1094482,tt32118941,JP,101,0,0
2024,28166,不朽之櫻,1276633,tt31416518,JP,119,0,0
2024,26960,冰室蓮司：日本統一 台灣篇,1254532,None,JP,119,0,0
2024,26388,月,1145026,tt28803702,JP,144,0,0
2024,26448,風之谷,81,tt0087544,JP,117,1000000,9016411
2024,26648,"Fukuyama Masaharu Live Film Kotodama no Sakiwau Natsu ""Boy Meets The Music"" @Nippon Budokan 2023",1210309,None,JP,0,0,0
2024,28178,最後一擊,921,tt0352248,US,144,88000000,108539911
2024,29057,黑之牛,1167863,tt33504293,JP,114,0,0
2024,18764,群青戰記,726657,tt11354144,JP,0,0,0
2024,29389,福田村事件,1155235,tt28433392,JP,137,0,0
2024,25992,我家的故事,1015464,tt21854424,JP,121,0,0
2024,28655,難言之隱,1255316,tt31307480,JP,128,0,0
2024,29514,八犬傳,1276242,None,JP,149,0,3652816
2024,29237,惡靈怪談,1265800,tt31939660,JP,108,0,0
2024,27435,那日清晨真令人感到空虛,1072742,tt32252612,JP,76,0,0
2024,28098,不死戀人,1240834,tt31307409,JP,104,0,0
2024,26845,OUT,1352548,None,US,10,0,0
2024,26514,紅豬,11621,tt0104652,JP,94,0,0
2024,26606,情慾的界線,1002535,tt19769320,JP,115,0,0
2024,29653,劇場版「進擊的巨人」完結篇THE LAST ATTACK,1333100,tt33175825,JP,145,0,11440213
2024,28410,我變笨了，請多多指教：媽媽 歡迎回來,969784,tt32553302,JP,101,0,0
2024,28099,大室家-親愛的朋友,1211716,tt32424190,JP,44,0,0
2024,28532,從水深0米開始,1250407,tt33034308,JP,86,0,0
2024,26645,鐵道員,68837,tt0206216,JP,112,0,0
2024,27120,電影版 吹響吧！上低音號～莉茲與青鳥～,482150,tt7089878,JP,91,0,737286
2024,22797,殺人結業弒,890526,tt18815700,JP,128,0,0
2024,26880,自戀男神,1078280,tt27481259,JP,110,0,0
2024,29441,納米比亞沙漠直播中,1275240,tt32128870,JP,132,0,0
2024,26617,不完美的愛情革命,478376,tt5489950,JP,117,0,0
2024,27029,東京公園,202885,tt1783792,JP,119,0,0
2024,25649,宛如阿修羅,110852,tt0397317,JP,135,0,0
2024,25444,其後,118785,tt0091989,JP,130,0,0
2024,25672,家族遊戲,117129,tt0087545,JP,107,0,0
2024,25445,廚房,966238,tt19864832,MX,139,0,0
2024,27978,如此這般,253235,tt2465146,US,94,18000000,25312387
2024,25651,未來的回憶,501657,tt0189741,JP,118,0,0
2024,27982,藍色假期,1278652,None,TW,0,0,0
2024,27500,花芯蕩漾,1126361,None,JP,119,0,0
2024,27151,偶慾,1009087,tt23034616,JP,71,0,0
2024,27382,慾望的盡頭,1074174,tt28355655,JP,112,0,0
2024,27327,背德迷情,1032767,tt27348922,JP,106,0,0
2024,27028,蜜鑰,1009082,tt23034906,JP,75,0,0
2024,27913,荒蕪之地．應許之心,980026,tt20561198,DK,127,8500000,2119043
2024,27109,蘇維埃巴士站,1031050,tt22697846,DK,56,0,0
2024,26884,自由協議,1085218,tt20204996,DK,110,0,0
2024,27180,短句之國,1079202,tt17493724,DK,107,0,0
2024,27436,托芙的房間,1108450,tt19623314,DK,74,0,0
2024,26751,青春18×2 通往有你的旅程,1188258,tt31039829,TW,124,0,0
2024,26439,鬼才之道,1006724,tt17079606,TW,105,0,0
2024,26635,還錢,1166073,tt30698096,TW,109,0,0
2024,28090,夏日的檸檬草,1261250,tt32991372,TW,112,0,0
2024,26664,鬼天廈,926188,tt31500748,TW,84,0,0
2024,28395,乒乓男孩,1027588,tt32332834,TW,105,0,0
2024,24718,破浪男女,1029244,tt32079904,TW,115,0,0
2024,25424,鬼們之蝴蝶大廈,1102857,tt29608585,TW,111,0,0
2024,27925,嘎啦,1270769,tt32757742,TW,97,0,0
2024,27723,我想和你在一起,1283068,tt32332866,TW,100,0,0
2024,29111,台灣超人,1377013,None,TW,0,0,0
2024,26546,莎莉,1007980,tt20916374,TW,105,0,0
2024,27879,愛的噩夢,1078374,tt32536634,TW,102,0,0
2024,27462,愛情城事,996871,tt28813819,TW,115,0,0
2024,28748,餘燼,1162931,tt33372518,TW,162,0,0
2024,27567,小雁與吳愛麗,1084740,tt33290581,TW,107,0,0
2024,27121,我在這裡等你,1214266,tt31843865,HK,100,0,0
2024,29379,鳳姐,1015623,tt29306913,TW,100,0,0
2024,28636,愛子歸來,937855,None,TW,91,0,0
2024,28405,種土,1088709,None,TW,143,0,0
2024,27100,女兒的女兒,1006732,tt29271889,TW,126,0,0
2024,27644,千禧曼波,11553,tt0283283,TW,119,0,0
2024,26795,尋找湯德章,1236428,tt31502586,TW,93,0,0
2024,26788,看到靈魂的那隻眼 師公,1248407,tt31807711,TW,124,0,0
2024,25522,春行,1083971,tt28772179,TW,90,0,0
2024,29611,交換禮物,1395259,None,TW,0,0,0
2024,27175,我父英風,1297616,tt32484078,TW,75,0,0
2024,28830,默殺：無聲之地,1019828,tt22171834,MY,105,0,0
2024,28088,為我辦一場西式的喪禮,1235022,tt33381781,TW,104,0,0
2024,28200,OZONE 青春冒險,1318638,None,TW,80,0,0
2024,27961,導演你有病,1226599,tt33292292,TW,99,0,0
2024,27017,雪水消融的季節,1255586,tt29494975,JP,110,0,0
2024,27443,阿姨，上學囉！,1308707,None,TW,61,0,0
2024,27340,環南時候,1085574,tt29115978,TW,139,0,0
2024,28097,優雅的相遇,1239035,tt32058431,TW,127,0,0
2024,29502,非想非非想,1341782,None,TW,130,0,0
2024,28311,念念眷村：文學裡的眷村故事,1311577,None,TW,80,0,0
2024,28363,默視錄,948184,tt28419037,US,126,400000,0
2024,27660,客人主人,1305515,None,TW,99,0,0
2024,28070,滿七,1239038,None,TW,20,0,0
2024,26594,她說,1233209,None,TW,101,0,0
2024,26872,以愛之茗,662402,tt21994228,CI,111,0,0
2024,22894,一一,25538,tt0244316,TW,174,0,0
2024,29573,KANO,256930,tt2247566,JP,185,0,0
2024,27415,睏寐之際,1006739,None,TW,79,0,0
2024,16356,恐怖份子,78450,tt0091355,TW,109,0,0
2024,16356,恐怖份子,78450,tt0091355,TW,109,0,0
2024,27992,誰殺了比利比莉,1149096,None,TW,85,0,0
2024,26479,魅舞,1223386,None,TW,93,0,0
2024,28611,傷痕-老兵的故事,1401562,None,TW,70,0,0
2024,23701,明天比昨天長久,1006664,tt11930188,FR,106,0,0
2024,27179,台北十日,1330874,None,TW,77,0,0
2024,28736,由島至島（上）,1247973,tt32341501,TW,290,0,0
2024,28736,由島至島（上）,1247973,tt32341501,TW,290,0,0
2024,28241,戀戀風塵（數位修復版）,45996,tt0091406,TW,109,0,0
2024,28890,曦曦,1265692,tt32079860,TW,100,0,0
2024,28242,恐怖份子（數位修復版）,78450,tt0091355,TW,109,0,0
2024,28242,恐怖份子（數位修復版）,78450,tt0091355,TW,109,0,0
2024,15719,悲情城市,49982,tt0096908,TW,158,0,0
2024,15719,悲情城市,49982,tt0096908,TW,158,0,0
2024,27873,刺心切骨,940247,tt15424716,TW,109,0,0
2024,26780,金門,1203439,tt30523942,TW,20,0,0
2024,27203,由島至島,1247973,tt32341501,TW,290,0,0
2024,27203,由島至島,1247973,tt32341501,TW,290,0,0
2024,28780,危機航線,949709,tt17501870,CN,115,0,41923655
2024,26560,怒潮,950019,tt18766596,CN,107,0,0
2024,29598,一部未完成的電影,878607,tt32186579,DE,106,0,0
2024,26707,莫斯科行動,783121,tt23118352,CN,128,0,0
2024,26650,石門,957996,tt14071684,CN,148,0,0
2024,27945,前途海量,1290839,None,CN,0,0,0
2024,26568,消失的她,1108211,tt17507018,CN,122,9500000,334039200
2024,26555,拯救嫌疑人,1155257,tt20836144,CN,119,0,79775114
2024,26742,沉默筆錄,1181642,tt10121904,CN,91,0,0
2024,6091,笨鳥,438030,tt6533000,CN,116,0,0
2024,27234,不丹沒有槍,1109237,tt15560314,US,111,0,0
2024,28207,十字路口的豬,1287986,tt32547207,BT,117,0,0
2024,27438,遠方 數位修復版,1267665,None,TW,25,0,0
2024,28411,雪中真相,1008393,tt21612768,TR,93,0,0
2025,29736,真的好想贏1場,714650,tt14895212,KR,120,0,0
2025,28964,第一聖拳,1208997,tt31597833,KR,98,0,0
2025,29716,狂人法則,1182047,tt8368368,US,120,16000000,17279457
2025,29400,魔法小紅書,1333099,tt9881850,AR,106,0,0
2025,29702,殘夏,812037,tt14550346,FR,104,0,1022551
2025,29764,誘見巴黎最後探戈,971968,tt19995770,FR,100,0,0
2025,29757,鬼診所,1164355,tt29899715,ID,123,0,0
2025,29524,香巴拉,1234593,tt30804400,NP,150,0,0
2025,29669,PUI PUI 天竺鼠車車 電影版 MOLMAX ,1235424,None,JP,68,0,0
2025,28165,祝你們幸福,1136558,tt28117942,JP,84,0,0
2025,29623,我生活的兩個世界,1216443,tt32485961,JP,106,0,0
2025,29763,工作細胞,1303162,tt27192829,JP,110,0,26253461
2025,29755,劇場版 忍者亂太郎 毒竹忍者隊最強之軍師,1279788,None,JP,90,0,0
2025,29165,漂亮朋友,1234779,tt33616511,FR,117,0,0
2025,29122,春風沉醉的夜晚,117646,tt1422119,CN,116,0,0
2025,29767,來福大酒店,1241476,tt29632792,CN,118,0,0
2025,19250,東北虎,612696,tt10097312,CN,118,0,0
2025,29795,浮城謎事,103875,tt2369127,CN,98,0,0
2025,8011,輕鬆+愉快,428481,tt6244730,CN,99,0,0
