tmdb_id,id
626872,28
626872,18
626872,53
736820,28
736820,35
774548,28
774548,18
774548,53
821153,35
615173,28
615173,9648
615173,53
615173,878
736732,18
736732,35
736732,80
619803,28
619803,80
619803,53
619803,12
601796,878
601796,28
601796,14
601796,12
799379,28
799379,53
799379,27
799379,80
727340,28
727340,9648
727340,18
993885,18
993885,10749
705996,53
705996,9648
705996,10749
606403,28
606403,80
634595,80
634595,53
634595,9648
946615,10402
946615,99
633374,53
633374,28
633374,18
629028,35
629028,28
629028,53
588108,10752
588108,28
588108,18
588108,36
806128,53
806128,9648
1038198,99
1038198,10402
717090,35
877260,27
877260,9648
938008,28
938008,80
938008,53
602295,28
602295,9648
602295,53
602295,14
491584,9648
491584,18
491584,53
821661,35
821661,10749
882580,28
882580,53
962489,10749
962489,18
610321,80
616670,10402
616670,18
616670,10749
718289,53
718289,80
731684,18
731684,9648
795276,35
577205,16
577205,12
577205,10751
577205,878
628802,18
630217,18
630217,14
630217,35
626129,53
626129,9648
626129,27
573787,18
573787,36
958937,18
958937,35
743814,18
817557,35
817557,18
581390,36
581390,18
840528,27
840528,53
795797,18
817480,27
817480,9648
589713,18
820517,18
928713,18
743475,18
934207,27
934207,35
934207,53
934207,18
889507,18
575764,18
575764,10402
681260,12
681260,16
681260,10751
789910,18
789910,35
934957,80
934957,53
934957,9648
955644,16
955644,14
955644,12
567927,18
567927,35
620498,18
620498,10749
620498,36
795813,878
795813,35
795813,10749
681349,18
681349,35
871530,35
871530,18
871530,10749
852457,18
739323,18
607442,18
546630,35
546630,18
776542,18
104,28
104,18
104,53
608980,18
612491,10749
612491,35
612491,18
47060,18
47060,10749
47060,878
654344,18
654344,10749
752616,27
592695,18
655738,10402
655738,99
749136,18
749136,36
517815,18
835975,18
835975,10749
835975,80
760522,27
760522,53
760522,9648
930478,27
930478,53
947890,27
893030,99
717694,18
717694,36
717694,10752
795815,18
795815,10749
795815,14
588890,12
588890,16
588890,10751
588890,14
725133,10751
725133,12
725133,18
796151,18
796151,28
588921,12
588921,16
588921,10751
588921,14
763539,16
763539,12
763539,14
913760,18
913760,10752
810406,10402
810406,10749
810406,18
939879,27
939879,53
939879,35
947514,27
947514,53
947514,18
949697,53
949697,27
949697,878
937743,35
937743,27
922378,10749
922378,35
511819,18
511819,878
511819,9648
38368,18
38368,14
947049,12
947049,35
947049,28
947049,27
660942,27
660942,18
660942,14
654074,18
654074,35
831031,18
848788,18
848788,10402
848788,36
513692,28
513692,80
513692,53
513692,12
513692,9648
543504,28
543504,80
543504,9648
543504,53
640092,18
18329,18
18329,10749
11104,18
11104,35
11104,10749
11220,28
11220,10749
11220,80
18311,80
18311,18
18311,10749
68883,18
68883,14
68883,10749
68883,9648
851800,35
851800,10751
851800,10749
591222,53
591222,80
436792,53
436792,28
814785,28
814785,53
68004,18
68004,10749
11471,28
11471,80
11471,18
851798,35
10997,18
942171,18
537761,28
537761,18
537761,36
537761,10749
924120,99
941132,28
941132,80
941132,53
941132,18
941132,9648
64015,18
64015,10749
616020,16
616020,18
616020,10749
1005251,80
1005251,18
27060,18
27060,10749
876189,18
876189,10749
838119,18
10775,18
10775,28
10775,53
10775,80
10775,9648
1325023,18
1325023,10749
255856,18
255856,10749
987446,18
987446,10751
45935,18
11647,28
11647,53
11647,80
14310,80
14310,18
14310,28
861947,99
2143,10752
2143,18
2143,10749
850884,99
746,18
746,36
185,878
185,80
497828,35
497828,18
960258,27
960258,53
960258,28
960258,12
807196,18
807196,53
797838,18
797838,10749
797838,10752
924482,53
924482,12
785398,18
785398,12
643532,18
643532,53
643532,80
624793,18
624793,10402
508444,10749
508444,35
508444,10402
454,18
454,10749
2742,80
2742,18
884,53
884,18
76025,18
816344,99
591538,18
591538,10752
14553,18
14553,10749
844176,99
42035,18
42035,35
634649,28
634649,12
634649,878
76600,878
76600,12
76600,28
524434,878
524434,28
524434,12
505642,28
505642,12
505642,878
453395,14
453395,28
453395,12
616037,14
616037,28
616037,35
476669,28
476669,12
476669,53
580489,878
580489,28
580489,12
438631,878
438631,12
566525,28
566525,12
566525,14
436270,28
436270,12
436270,878
414906,80
414906,9648
414906,53
338953,14
338953,12
718930,28
718930,35
718930,53
335787,28
335787,12
550988,35
550988,12
550988,878
545611,28
545611,12
545611,878
624860,878
624860,28
624860,12
406759,878
406759,12
406759,28
460458,28
460458,27
460458,878
526896,28
526896,878
526896,14
497698,28
497698,12
497698,878
718789,16
718789,878
718789,10751
718789,12
505026,9648
505026,80
505026,53
568124,16
568124,35
568124,10751
568124,14
882598,27
882598,9648
438695,16
438695,10751
438695,10402
438695,35
752623,28
752623,12
752623,35
616037,14
616037,28
616037,35
763285,53
763285,28
763285,80
763285,18
760161,27
760161,53
644495,36
644495,18
644495,80
629542,10751
629542,16
629542,12
629542,35
629542,80
675445,16
675445,10751
675445,12
675445,35
800939,18
800939,35
800939,10749
675353,28
675353,12
675353,10751
675353,35
593643,35
593643,27
593643,53
423108,27
423108,9648
423108,53
19995,28
19995,12
19995,14
19995,878
539681,16
539681,28
539681,10751
539681,35
539681,878
634528,28
634528,18
634528,53
508943,16
508943,35
508943,14
508943,12
508943,10751
597208,80
597208,18
597208,53
542178,18
542178,35
459151,16
459151,35
459151,12
459151,10751
985939,53
522931,28
522931,35
522931,80
522931,53
653851,10752
653851,18
653851,28
823625,28
823625,53
823625,12
585216,27
585216,53
585216,9648
619778,27
619778,9648
676547,27
676547,53
756999,27
756999,53
648579,28
648579,35
648579,80
398818,10749
398818,18
671,12
671,14
482373,53
482373,27
646207,28
646207,53
899112,35
899112,28
899112,53
899112,14
522016,28
522016,12
522016,53
482321,16
482321,878
482321,10751
482321,35
877269,16
877269,10751
877269,12
877269,878
877269,14
646385,27
646385,9648
576845,27
576845,9648
576845,53
576845,18
614917,18
614917,36
682507,18
682507,9648
682507,10749
664469,9648
664469,35
664469,18
610253,27
610253,53
615643,18
639721,16
639721,10751
639721,35
639721,14
639721,12
601635,18
601635,10749
601635,10751
601635,36
585245,10751
585245,12
585245,35
585245,14
585245,16
619730,9648
619730,53
818397,28
818397,53
818397,80
616820,27
616820,53
716612,18
716612,36
315162,16
315162,12
315162,14
315162,35
315162,10751
791177,18
791177,27
791177,10749
556694,18
556694,14
556694,10749
614939,35
614939,10749
516329,18
516329,27
516329,9648
617653,36
617653,18
617653,28
766475,9648
766475,35
766475,80
511809,18
511809,10749
511809,80
760741,53
760741,28
760741,27
760741,12
744,28
744,18
836723,99
830788,27
830788,53
520023,27
520023,35
520023,9648
520023,53
62,878
62,9648
62,12
38,878
38,18
38,10749
717728,27
717728,53
717728,9648
661231,10752
661231,36
661231,18
366672,16
366672,12
366672,35
366672,10751
694,27
694,53
628900,28
628900,53
696157,10402
696157,36
696157,18
837881,18
837881,36
9746,18
9746,36
842942,80
842942,18
842942,53
764835,53
536396,18
777270,18
777270,36
603661,18
603661,35
603661,10749
888195,53
888195,28
825808,80
825808,27
825808,53
979924,53
979924,18
836225,27
836225,80
836225,18
836225,14
626735,18
626735,35
75233,18
1024546,28
1024546,80
1024546,53
826749,28
826749,53
826749,80
718949,28
718949,53
600,18
600,10752
760873,878
760873,53
733317,878
649394,36
649394,18
1035803,28
1035803,53
628878,53
628878,28
655917,18
655917,9648
655917,53
345,18
345,53
345,9648
423333,18
762433,10752
762433,53
818192,80
818192,53
818192,18
818192,28
864116,28
864116,53
864116,80
864116,18
907,18
907,10749
907,10752
689700,80
689700,28
689700,18
59468,12
59468,35
59468,18
801271,27
801271,53
801271,9648
848123,28
848123,53
848123,80
848123,18
628914,35
628914,80
730047,18
730047,10749
641960,18
844398,53
844398,27
844398,80
844398,9648
9769,18
9769,10749
916821,28
916821,53
916821,80
916821,9648
766907,28
766907,12
766907,53
641668,27
821427,18
763164,28
763164,53
763164,878
331986,18
789171,53
830784,35
830784,10751
830784,10402
883502,28
883502,53
883502,80
634,35
634,10749
634,18
10802,18
850099,878
850099,18
850099,53
12155,10751
12155,14
12155,12
811592,28
811592,53
896689,99
577721,99
925,18
1306218,18
913820,18
11902,35
11902,18
11902,10752
575088,27
659384,27
659384,53
579831,10752
579831,18
579831,36
597859,10752
597859,36
597859,18
575072,53
575072,18
575072,878
818621,53
818621,18
818415,18
818415,10752
589761,18
589761,36
589761,12
589761,28
589761,14
589761,9648
1396,18
1396,36
1398,878
1398,18
987424,99
477462,27
477462,9648
655302,28
655302,53
683363,10749
683363,18
517302,27
517302,14
517302,18
608232,18
716855,18
716855,10749
716855,53
881764,53
881764,18
881764,80
845875,18
845875,36
24858,18
531428,18
531428,10749
531428,36
746333,35
746333,28
746333,10751
617762,18
617762,36
617762,35
617762,10749
663260,9648
663260,53
663260,18
630240,18
630240,53
630240,27
793998,18
108,18
955569,27
955569,53
110,18
110,9648
110,10749
109,35
109,18
109,9648
809488,99
892527,12
892527,35
892527,10751
749004,18
749004,14
749004,10751
757999,35
757999,18
827887,53
827887,18
655082,10749
655082,18
601188,18
852438,27
852438,35
719463,18
895659,18
826218,35
477044,18
477044,10749
660000,18
660000,10749
660000,36
735726,35
735726,18
833417,18
833417,53
477018,9648
477018,53
750253,53
750253,80
750253,18
754067,12
754067,10751
754067,18
712134,18
712134,10749
762079,27
762079,53
762079,18
1600,18
778810,16
778810,12
778810,10751
778810,35
833428,18
833428,10749
833428,35
485162,18
147,18
695089,18
695089,12
695089,10752
695089,36
10452,18
10452,36
10452,10749
774343,18
774343,10749
914203,18
269,18
269,80
659988,18
659988,53
526811,10749
526811,18
712128,18
712128,10752
1628,18
1628,10749
712178,18
660955,35
152584,10749
152584,18
1716,18
1716,10749
1716,10752
582881,16
582881,18
757341,10749
757341,35
809733,35
809733,10749
747779,10749
747779,18
781453,18
781453,10749
781453,35
664506,18
8072,18
8072,878
8072,9648
736500,35
845140,35
845140,18
1626,18
4710,18
4710,10749
594691,18
594691,53
810677,18
11298,27
749107,18
589985,35
589985,18
582886,35
47792,18
51735,18
179890,9648
179890,53
179890,80
179890,18
47795,18
764810,35
764810,18
764810,10751
766798,18
755437,35
755437,10751
668640,35
668640,18
542917,18
542917,53
954748,35
954748,10751
768726,16
768726,35
768726,12
768726,10751
946706,9648
946706,53
772148,53
772148,27
4203,35
4203,18
4043,18
4043,10749
4043,53
4043,35
496331,28
496331,12
496331,14
786064,18
821494,18
925786,18
925786,27
925786,9648
859933,18
859933,36
655363,27
655363,9648
655363,53
574078,10749
574078,18
792775,35
792775,28
792775,53
49964,18
49964,10751
30020,18
47104,18
83761,18
672208,18
43423,18
669401,18
888602,18
888602,53
519141,18
519141,10749
819876,878
819876,27
554761,18
740963,35
740963,18
522406,53
522406,9648
778855,16
778855,12
778855,35
778855,10751
778855,14
635302,16
635302,28
635302,14
635302,53
810693,16
810693,28
810693,14
955666,16
955666,35
553600,16
553600,28
553600,878
795564,16
876792,16
876792,14
876792,12
876797,18
876797,10749
129,16
129,10751
129,14
877840,16
877840,10751
8392,14
8392,16
8392,10751
916192,16
916192,18
916192,10749
916192,14
610150,16
610150,878
610150,28
782054,16
782054,878
782054,12
782054,10751
758866,18
10515,12
10515,14
10515,16
10515,28
10515,10751
566466,16
566466,35
820067,16
820067,35
820067,10749
977871,10749
977871,18
956564,80
956564,9648
829920,16
829920,28
829920,12
829920,14
925492,80
925492,10770
925492,16
925492,9648
820530,16
820530,18
820530,35
820530,10749
795811,18
795811,10749
824202,80
824202,9648
783675,16
783675,35
783675,18
642538,16
642538,18
642538,10402
642538,14
642538,36
824362,18
824362,10749
741335,16
741335,18
741335,878
808667,53
808667,9648
808667,80
983866,28
896499,16
896499,18
896499,10749
854006,27
854006,18
854006,9648
698215,18
978039,16
695932,10749
695932,18
966709,16
966709,35
1081640,16
899743,35
899743,14
899743,18
874476,53
874476,9648
874476,18
874476,80
264718,27
853731,18
726894,36
726894,18
726894,28
930432,35
120811,16
120811,10751
120811,12
120811,35
120811,10402
915295,9648
915295,53
794719,53
794719,18
959439,27
76826,18
633844,16
633844,18
633844,12
633844,14
792678,53
792678,9648
792678,878
781816,16
781816,18
781816,10751
781816,35
514880,10751
514880,35
514880,18
846993,16
846993,12
846993,18
996499,10749
996499,18
798544,16
798544,18
798544,9648
798544,14
901410,18
901410,9648
901410,53
853821,10749
853821,35
853821,18
996666,35
996666,14
912632,10749
912632,35
912632,18
958487,18
958487,878
487850,18
487850,10749
831920,35
831920,18
831920,28
831920,10749
1037696,18
1037696,10402
844225,18
844225,9648
938133,27
3176,18
3176,53
3176,28
963131,18
42095,35
42095,18
11830,35
749927,10751
749927,18
863857,35
863857,18
849786,18
354759,18
464768,16
464768,28
464768,12
77248,16
804593,35
956450,18
354759,18
742396,9648
742396,53
742396,18
958017,53
958017,10751
958017,18
735409,18
735409,9648
927594,18
987573,18
794721,18
961266,18
756198,10749
149871,16
149871,18
149871,14
810587,18
15080,16
15080,18
15080,10749
848298,18
848298,53
848298,80
961381,28
760758,16
760758,18
760758,10751
760758,14
15283,12
15283,16
15283,14
847335,18
46361,35
809695,99
952438,18
952438,35
954094,18
744714,18
461078,16
461078,18
461078,14
960312,53
960312,18
54186,18
54186,53
54186,9648
993782,10749
810674,18
810674,10749
859798,18
859798,10749
859798,10751
890326,35
93013,12
93013,16
93013,18
93013,10749
16198,16
16198,35
16198,10751
130023,9648
130023,35
130023,18
130023,14
845611,35
845611,28
845611,80
995387,53
995387,14
1011873,27
112903,35
112903,18
112903,10749
18148,18
1003706,18
146126,35
146126,28
782648,53
598,18
598,80
680813,99
680813,16
783740,14
783740,10749
783740,12
864370,27
793392,18
793392,10402
839294,10749
839294,18
601434,10402
1005555,18
1005555,36
852355,18
943737,18
943737,80
931894,27
918035,27
804725,9648
804725,10749
804725,878
804725,14
925725,16
925725,14
878987,18
1007962,80
1007962,9648
1007962,18
917717,27
1025086,10749
1025086,18
975812,10751
205464,28
205464,80
205464,18
876648,10749
876648,18
957112,18
957112,878
957112,10751
957112,14
933785,10749
933785,18
846517,10749
764425,99
1006694,18
1006694,99
937356,99
899460,18
796155,18
796155,10749
796155,53
880156,18
880156,80
232468,16
232468,35
232468,14
942953,18
942953,80
942953,53
769802,18
769802,10751
975575,18
860887,10749
984997,99
1005979,99
987422,99
931885,18
890538,18
740823,16
740823,18
740823,14
946267,99
939287,80
939287,18
767246,16
767246,18
891566,99
936286,53
936286,80
936286,18
1026182,16
1017006,99
927480,99
810020,18
899387,18
829584,18
868682,99
893252,18
985569,99
960450,99
660001,27
816752,99
1003994,9648
1003994,53
874781,99
302528,18
302528,53
302528,9648
877246,18
900843,99
1026182,16
1009987,99
814174,18
1153451,99
1009977,99
1025309,99
1050665,18
1200506,99
24614,28
24614,12
24614,14
27101,35
27101,10749
975681,18
1032330,99
1039769,28
137686,99
137686,99
1035872,10402
1035872,18
798092,10770
798092,80
741329,80
741329,53
900062,18
939939,99
375281,99
316569,18
74107,18
74107,10752
484574,18
278445,36
278445,18
256133,18
262831,18
262831,35
356701,10749
356701,18
262828,18
660002,18
27062,18
27062,10749
758891,18
758891,35
758891,14
497834,28
497834,18
712164,18
712164,35
638032,18
638032,36
827689,10749
827689,28
827689,35
827689,18
537867,18
923192,28
923192,35
903125,35
903125,36
627087,18
499556,18
436792,53
436792,28
919570,18
496243,35
496243,53
496243,18
955555,28
955555,80
955555,35
955555,53
955555,18
729854,53
729854,878
729854,12
729854,28
1063453,10402
1063453,99
844386,27
844386,9648
1057001,28
1057001,53
1057001,18
753091,18
753091,12
753091,878
1148154,10402
1148154,99
606400,28
606400,53
606400,18
919207,18
919207,36
919207,53
919207,80
919207,10752
581395,18
581395,53
1137172,99
1137172,10402
813079,53
813079,9648
813079,80
617882,18
617882,10749
1052433,10749
1052433,35
977155,9648
977155,27
977155,53
1168166,27
581394,18
1028684,80
1028684,18
166271,27
166271,9648
166271,53
783110,80
783110,28
941045,18
941045,35
987540,27
656156,28
656156,53
656156,18
957154,27
957154,14
714651,18
714651,80
848198,28
848198,80
964592,27
964592,9648
964592,53
848145,18
715253,28
715253,53
715253,80
936243,18
952476,53
952476,80
995063,35
995063,28
610249,10749
610249,35
610249,18
610249,10751
640327,80
640327,53
640327,18
901121,35
901121,18
901121,36
773910,35
773910,18
773910,14
41245,18
979688,16
979688,10751
979688,12
979688,14
670,18
670,53
670,9648
670,28
1106528,10749
51550,9648
1166425,99
978202,35
978202,10749
4550,18
4550,53
923344,18
923344,53
30018,80
30018,18
30018,9648
636283,16
1189165,16
1189165,10751
1189165,12
1189165,10402
1189165,878
4689,28
4689,18
4689,53
817485,18
1106732,99
1106732,10402
42190,18
42190,10749
956759,18
956759,35
1076443,99
1076443,10402
831480,27
1156807,99
1156807,10402
1002470,18
682109,99
165213,53
165213,80
165213,18
242452,36
242452,18
797787,10749
797787,18
1077647,18
22536,18
22536,27
22536,53
62439,35
62439,18
62439,10749
62439,10751
717908,18
717908,35
637920,18
128246,10749
128246,14
973778,18
973778,9648
973778,53
938250,53
938250,18
938250,35
1075010,10402
1075010,18
958279,18
958279,10749
582,18
582,53
910365,36
910365,10752
910365,18
925341,10751
925341,36
925341,18
928709,10749
928709,18
928709,35
748787,36
748787,18
748787,10752
748787,53
976893,18
842424,10402
842424,18
842424,10749
912726,36
912726,18
912726,80
912726,10402
586813,18
586813,35
9343,18
9343,12
1033176,35
1033176,18
1061648,18
1017063,27
1017063,53
396194,99
396194,10402
396194,36
11010,35
11010,18
11010,10749
803700,18
693349,36
693349,18
852758,53
852758,80
743173,10749
743173,35
743173,18
1091360,99
795254,53
795254,18
795254,10749
1090024,53
1090024,18
794234,27
794234,9648
794234,53
794246,18
794246,35
788977,53
1058078,27
1015936,27
915939,99
584242,18
584242,10749
1029178,53
1029178,28
1029178,80
782936,9648
782936,53
782936,27
916405,18
888321,18
888321,36
997777,18
997777,36
997777,10749
1073449,27
1057919,18
1030991,99
959558,27
959558,9648
959558,53
296271,27
296271,14
296271,878
296271,53
835362,99
993234,18
1027982,18
1027982,80
759524,14
759524,18
759524,27
973587,18
973587,36
1015079,27
1077693,18
1077693,27
1005141,18
1005141,35
1058616,99
1058616,10752
853084,99
977177,27
977177,53
977177,9648
709631,27
1113119,35
1113119,18
1113119,27
976125,18
976125,10749
1113085,27
1113085,10749
1113085,18
1113085,9648
1031388,27
1031388,53
842607,28
842607,35
842607,53
937753,10749
937753,35
937753,14
1076011,18
1076011,9648
952127,53
952127,9648
952127,27
977179,10749
977179,18
804868,99
788734,35
788734,18
823598,80
823598,18
1093485,28
1093485,80
1093485,53
990140,28
531379,80
531379,18
531379,53
957863,18
741602,53
741602,80
741602,28
990326,80
990326,9648
990326,35
969050,9648
969050,53
1172012,18
1172012,28
1172012,53
824742,18
902533,80
902533,9648
1029168,18
1099217,18
1099217,9648
957861,18
1002317,14
1002317,18
1027944,18
1027944,10751
1005259,35
1005259,80
898009,10749
898009,35
999056,28
999056,80
999056,18
1002318,18
72445,18
1147689,27
1063554,10402
1063554,18
1177518,35
1177518,27
988900,80
988900,27
882569,10752
882569,28
882569,53
1008042,27
965150,18
11948,18
11948,36
11948,10752
980078,27
980078,53
676710,16
676710,12
676710,35
676710,10751
676710,14
11416,12
11416,18
11416,28
11416,36
560008,18
560008,36
11012,18
11012,10749
1104840,99
1104840,10402
261832,18
953233,10749
953233,35
591538,18
591538,10752
4348,18
4348,10749
89455,18
89455,10749
87827,12
87827,18
787791,18
787791,10749
48231,18
48231,53
10435,18
11889,18
11889,10749
46992,18
46992,10402
3635,18
3635,10749
71,18
71,35
71,10402
971699,18
28468,18
28468,10749
935,35
935,10752
575264,28
575264,12
385687,28
385687,80
385687,53
502356,16
502356,10751
502356,12
502356,14
502356,35
603692,28
603692,53
603692,80
872585,18
872585,36
346698,35
346698,12
667538,878
667538,12
667538,28
447365,878
447365,12
447365,28
298618,12
298618,28
298618,878
572802,28
572802,12
572802,14
569094,16
569094,28
569094,12
569094,878
976573,16
976573,35
976573,10751
976573,14
976573,10749
493529,12
493529,14
493529,35
609681,878
609681,12
609681,28
787699,35
787699,10751
787699,14
695721,18
695721,878
695721,28
695721,12
695721,53
695721,10752
926393,28
926393,53
926393,80
980489,12
980489,28
980489,18
968051,27
447277,12
447277,10751
447277,14
447277,10749
335977,12
335977,28
893723,16
893723,10751
893723,28
893723,878
893723,35
893723,18
893723,12
536554,878
536554,27
753342,36
753342,10752
753342,10749
739405,28
739405,53
739405,35
739405,12
670292,28
670292,12
670292,878
565770,28
565770,878
565770,12
594767,35
594767,28
594767,14
646389,28
646389,12
646389,53
299054,28
299054,12
299054,53
945729,9648
945729,53
945729,80
951491,27
951491,9648
951491,53
614479,27
614479,53
466420,80
466420,36
466420,18
45464,18
45464,14
45464,10749
1050035,9648
1050035,53
1050035,18
713704,27
713704,53
507089,27
507089,9648
507089,53
616747,35
616747,18
616747,14
758323,27
758323,53
937278,35
937278,18
785084,18
890771,53
890771,18
890771,27
762430,53
762430,28
762430,12
678512,28
678512,18
897087,28
897087,35
884605,35
884605,10749
615777,18
615777,35
717930,28
717930,53
700391,28
700391,12
700391,878
532408,27
532408,53
532408,9648
614930,16
614930,35
614930,28
614930,878
666277,18
666277,10749
649609,35
649609,27
649609,28
155,18
155,28
155,80
155,53
768362,18
768362,9648
768362,53
901362,16
901362,10751
901362,10402
901362,14
901362,35
934433,27
934433,80
934433,53
1040148,16
1040148,10751
1040148,14
1040148,35
891699,28
891699,53
747188,35
747188,18
1071215,27
1071215,9648
1071215,53
792293,36
792293,35
792293,18
912908,35
912908,12
631842,27
631842,9648
631842,53
817758,10402
817758,18
365620,36
365620,18
758009,28
758009,35
758009,10749
536437,9648
536437,53
536437,878
536437,28
674324,18
674324,35
621587,35
621587,18
823482,35
823482,14
804150,53
804150,35
804150,80
605886,53
605886,80
605886,18
609768,27
609768,53
844409,18
876969,28
876969,12
876969,53
1015303,27
804095,18
977013,27
977013,53
977013,9648
798286,35
798286,12
798286,14
864168,35
917007,27
839369,18
806368,18
829051,35
1004685,99
798362,53
798362,80
798362,9648
1024773,27
1024773,9648
942199,878
942199,53
1030987,53
1030987,28
899524,18
899524,36
899524,10752
1043565,9648
1043565,53
1043565,80
1074034,10752
1074034,28
1074034,53
989473,9648
989473,53
1004663,99
1113278,27
1113278,35
823147,18
1035806,28
1035806,80
1035806,53
814757,18
814757,10749
13689,18
1018,53
1018,18
1018,9648
1156255,28
1156255,53
1156255,9648
176,27
176,9648
176,80
553147,35
641,80
641,18
765,27
765,35
765,14
131634,28
131634,12
131634,878
769850,10402
769850,18
769850,10749
1040892,27
1040892,35
1040892,53
927263,99
1058923,10402
894169,28
894169,80
853387,27
12254,35
12254,18
12254,10749
12254,10770
101299,12
101299,28
101299,878
7859,18
581,12
581,18
581,37
5279,18
5279,9648
5279,53
1989,18
1989,10749
84892,18
70160,878
70160,12
70160,14
1089,28
1089,53
1089,80
68924,18
245891,28
245891,53
245,18
245,35
245,10749
579496,18
579496,36
849242,18
898230,12
898230,16
898230,10751
898230,14
923579,16
923579,35
923579,10751
923579,14
589759,16
589759,10751
589759,14
586352,16
586352,35
586352,12
586352,14
586352,10749
586352,10751
576925,16
576925,12
576925,10751
901358,18
901358,36
901358,10749
901358,53
1653,18
611854,10752
611854,18
611854,36
944401,28
944401,18
944401,80
194,35
194,10749
11845,10749
11845,18
11845,14
811596,18
811596,53
921452,18
921452,36
921452,10749
960139,18
960139,35
960139,14
975762,18
85033,18
85033,10749
659959,10749
659959,18
745608,35
785980,36
785980,18
771077,35
771077,18
925714,53
925714,18
943134,12
943134,18
943134,878
429191,18
786977,53
786977,18
925102,80
925102,9648
925102,18
958219,18
478860,18
944306,53
1070449,99
962543,18
962543,35
865498,35
977337,12
977337,10751
977337,18
977337,14
925943,18
925943,80
893366,16
893366,10751
200995,10749
200995,18
960275,10402
960275,18
960275,35
958179,18
958179,36
958179,10402
889699,80
889699,18
889699,53
852432,27
852432,14
852432,18
892515,35
892515,80
892515,18
892515,10749
678299,16
678299,18
678299,878
1005409,99
803694,18
803694,35
918044,18
657198,35
657198,10402
952701,18
898673,10749
898673,18
843093,18
843093,10749
848685,53
848685,18
803688,18
881693,35
881693,18
848958,18
848958,35
788030,35
788030,18
892530,18
892530,35
964681,99
964681,18
925459,18
925459,53
820697,18
820697,14
820697,10749
926889,18
740937,18
740937,36
1000058,18
15383,10752
15383,36
15383,53
803688,18
40650,18
40650,10752
1629,18
1629,35
5544,18
5544,36
5544,10749
85927,18
85927,10749
131836,18
926889,18
967874,10752
967874,18
967874,36
147,18
1600,18
110,18
110,9648
110,10749
109,35
109,18
109,9648
997659,18
997659,53
1008005,27
1026563,18
1026563,27
1053587,80
1053587,53
1053587,18
804251,18
1077684,18
1077684,14
8222,18
8222,35
8222,80
1091044,35
1091044,10749
1064801,18
1064801,53
963765,18
963765,37
963765,10749
1933,27
1933,9648
1933,53
994128,27
994128,53
994128,14
1078920,18
913991,18
634120,18
634120,12
634120,35
872556,18
1121962,27
1018518,27
960206,18
1005299,18
1008043,18
1008043,53
974521,18
517731,18
962558,18
782044,18
782044,53
949000,99
949000,16
949000,36
46738,18
46738,10752
46738,9648
986088,878
986088,53
986088,9648
1008038,18
9613,18
9613,9648
9613,53
866611,18
916224,16
916224,18
916224,12
916224,14
508883,16
508883,12
508883,14
508883,10751
508883,18
1059572,16
1059572,35
1059572,28
1059572,12
1059572,10751
1059572,14
1059572,878
1030587,16
1030587,12
1030587,878
1030587,10751
942881,16
942881,18
942881,9648
942881,14
887870,16
887870,18
887870,10402
149,16
149,878
149,28
1056803,16
1056803,18
1056803,14
283566,16
283566,28
283566,878
283566,18
572154,16
572154,10749
572154,18
572154,14
604605,16
604605,10749
604605,878
604605,18
1086591,16
1086591,18
1086591,14
813477,28
813477,18
813477,878
813477,12
813477,14
872976,16
872976,12
872976,14
16859,16
16859,10751
16859,14
1064669,9648
1064669,18
915403,16
915403,28
915403,878
1056133,16
1056133,35
1056133,28
1083862,16
1083862,28
1083862,27
874745,16
874745,10749
874745,878
1064662,18
1064662,10749
874743,16
874743,10749
874743,878
473888,99
473888,10402
31512,35
31512,18
31512,10402
1037348,18
1037348,10749
1037348,14
1124341,10749
1124341,18
1119211,16
1119211,18
1119211,10751
5879,18
5879,10749
1069813,9648
1069813,28
1069813,12
1069813,18
1114205,27
1114205,9648
1114205,878
1108306,16
1108306,18
1108306,10402
961256,18
961256,53
961257,18
961257,14
961257,10749
991190,16
991190,18
1027273,18
1027273,10749
1002780,28
1002780,878
1002780,12
1002780,18
1029475,10749
1029475,35
1029475,18
1029486,18
1029486,35
936490,18
698201,28
698201,18
698201,80
1030205,36
1030205,18
961418,14
869886,18
869886,53
869886,9648
22970,27
22970,9648
37797,16
37797,18
37797,10751
1029621,18
1029621,53
348869,18
1068602,16
1068602,28
1068602,878
1119114,35
1106904,16
1106904,18
1106904,10751
928730,18
940417,27
940417,9648
940417,35
1129646,18
1129646,35
819163,18
819163,10751
1068607,16
1068607,28
1068607,878
1062844,18
18872,18
961295,27
800151,99
800151,10402
1024298,18
961410,18
971602,18
971602,10751
2517,18
1029479,9648
950863,16
950863,878
950863,12
1029484,10749
1029484,18
746257,36
746257,18
1120459,10749
1115167,18
1034660,18
1034660,14
1034660,35
25050,18
25050,10751
37585,12
37585,16
37585,18
37585,10751
37585,9648
37585,14
1017441,35
1017441,878
1017441,27
1017441,18
961267,18
11845,10749
11845,18
11845,14
1156189,10402
1156189,99
828948,18
38405,27
38405,14
38405,35
160642,10751
160642,16
160642,12
11845,10749
11845,18
11845,14
1064872,18
1035647,18
1076535,18
1019661,18
1019661,9648
1019661,80
804032,18
1067298,18
1067298,10749
968146,18
968146,878
1040496,35
1040496,878
42341,80
42341,18
42341,9648
4935,14
4935,16
4935,12
994741,18
994741,10749
846716,18
846716,10749
879008,18
879008,10749
57118,18
57118,10751
57118,35
57118,10749
81296,35
81296,18
204702,80
204702,18
204702,9648
872667,18
760765,16
760765,18
760765,35
42011,35
42011,80
1009447,18
164207,18
164207,35
164207,53
969441,10402
969441,10749
969441,18
110283,35
110283,80
1134409,10749
33431,10749
33431,18
33431,53
41962,35
41962,9648
41962,53
41962,18
128,12
128,14
128,16
12429,16
12429,14
12429,10751
1026301,18
1159247,99
1159247,10402
83183,18
83183,35
83205,18
83205,35
1021860,16
1021860,35
85032,18
85032,27
962571,10749
962571,18
958291,18
580175,35
580175,18
958234,18
983883,35
983883,9648
983883,28
983883,27
1016392,35
1016392,10749
1016392,80
1046090,80
1046090,18
1046090,53
999087,27
1026559,35
1026559,10751
993092,35
993092,10751
993092,18
977209,27
1012267,28
1012267,53
1012267,12
1054087,18
1022862,10751
1022862,18
1047003,80
1047003,18
1047003,9648
1047003,53
1040284,18
1006763,18
1006763,9648
1006763,80
1006763,53
49982,18
49982,36
956288,18
991898,28
991898,80
991898,18
1006012,18
1080494,10749
1080494,28
996108,18
734732,53
734732,878
734732,27
1005996,18
1022108,35
1168337,99
1021768,99
1036397,18
975810,18
1006024,18
1077310,10749
1077310,35
1084783,99
1096018,99
1168336,99
1029179,99
1006683,18
1007976,10749
1007976,18
662400,18
1167792,99
1088428,10751
1088428,18
272122,18
975817,10751
975817,18
1124911,99
1170696,16
1170696,878
1121326,18
1209560,99
1155680,18
899464,10751
899464,14
1093453,18
1093453,9648
1093453,53
1093453,80
1125053,99
1117283,99
1153794,99
1130343,99
1165736,99
1121017,99
56616,18
56616,35
1331693,18
1331693,10751
1331693,36
1177667,16
1007944,80
1016255,99
1008742,28
1008742,14
438210,10749
87953,18
87953,10749
931102,28
931102,35
931102,18
1022830,10749
1019619,18
1019619,10751
862855,28
862855,12
862855,18
824738,80
824738,18
824738,9648
824738,53
824738,10749
820099,12
820099,9648
820099,28
820099,35
11599,18
11599,10749
682152,18
682152,53
665733,18
1111750,18
838209,9648
838209,27
838209,53
745881,27
745881,53
1017163,28
1017163,80
1017163,18
1017163,53
1017163,35
1317874,99
1317874,10402
1314450,99
1314450,16
1147710,28
1147710,53
1147710,80
1307028,10402
1307028,99
726139,53
726139,28
726139,27
726139,878
965094,35
1315707,99
1315707,10402
1229421,10402
1229421,99
1169340,27
1169340,14
1169340,9648
921436,28
921436,18
626412,28
626412,14
626412,12
995926,28
995926,80
865910,80
865910,53
41531,10749
41531,18
1361488,99
1361488,10402
743815,53
743815,9648
736720,35
736720,27
1007127,80
1007127,18
660355,27
660355,9648
696047,35
696047,80
1375053,10402
1375053,99
1262209,10402
1262209,99
936245,9648
936245,53
661681,18
661681,14
638483,99
638483,10402
1154154,10749
1154154,18
644714,28
644714,80
644714,18
717088,10749
717088,35
987538,27
838206,28
838206,53
660360,28
660360,36
660360,18
660360,10752
876127,18
876127,35
1338226,99
1338226,10402
1063814,28
1063814,12
1063814,35
1063814,80
1300157,27
1300157,9648
1300157,53
973628,18
799710,28
799710,80
1234114,10749
1234114,18
783111,18
1314446,27
1314446,9648
1091051,35
1091051,18
746349,53
746349,35
1005533,10749
1005533,35
15859,18
15859,10749
1117291,16
1117291,10749
717712,27
717712,35
1146410,18
1252163,99
1252163,10402
40167,18
40167,10402
976581,18
976581,53
976581,10749
978592,9648
978592,53
978592,80
978592,18
998022,18
888768,35
888768,18
900379,18
900379,10749
900379,35
936117,36
936117,18
936117,10752
982202,18
982202,10752
982202,36
1061855,16
1061855,12
1061855,35
1061855,10751
951051,99
623184,18
623184,10749
978580,18
978580,36
958186,18
958186,35
772450,27
29264,35
29264,18
29264,14
730256,18
986855,18
837335,18
837335,14
837335,35
700819,18
700819,35
700819,14
937746,12
937746,18
1026227,18
1026227,35
1026227,10752
1026227,36
801112,18
801112,36
1023962,18
838876,35
838876,10749
838876,80
838876,18
571468,12
571468,14
571468,18
1043997,18
1070535,9648
1070535,27
1070535,53
3423,18
3423,10749
998625,18
1280832,27
1280832,35
1280832,18
1287250,18
1287250,35
1287250,10751
1238576,35
1238576,18
1027073,28
1027073,53
1050904,35
1050904,28
1078810,35
1078810,18
1309123,27
1202618,27
1210973,10749
1210973,18
1222274,27
1222274,53
906467,18
906467,10749
906467,14
1327383,27
1327383,53
989589,18
989589,37
951048,18
1090031,99
1090031,36
1134433,27
1134433,53
1103621,18
1247019,27
1247019,53
1247019,28
1244361,27
1244361,28
1244361,53
1167366,10749
1167366,18
1167366,878
1241429,27
1181045,27
1102510,27
1226170,27
1226170,35
1288175,27
1288175,35
1322616,27
1100705,27
1257388,10749
1257388,35
1257388,27
1143959,27
1143959,53
1093215,18
1093215,35
1290213,35
1290213,27
1113142,27
1113142,18
1113142,53
1052160,18
1052160,10749
1052160,28
1290206,18
1290206,53
17111,27
17111,9648
17111,53
1224589,27
1072493,28
1072493,35
1072493,27
1072582,35
1072582,10749
1113071,35
1113071,28
1208994,99
68477,27
68477,53
923667,28
923667,80
923667,53
1226141,18
991197,28
991197,35
991197,80
1128650,28
1128650,18
1128650,80
1128650,53
989909,28
989909,18
942074,18
1063863,27
844,18
844,878
844,10749
1136690,10749
1136690,35
1050491,27
993156,18
1095805,18
1095805,28
674813,10749
674813,18
740467,18
1020784,80
1020784,28
1187970,35
1187970,10749
998137,18
998137,10402
1184505,10749
1184505,18
1098275,99
1157680,18
991193,80
18329,18
18329,10749
1178574,80
1178574,18
1117166,18
1100901,18
600354,18
467244,18
467244,36
467244,10752
804616,53
804616,27
655,18
567811,16
567811,35
567811,10751
567811,14
785429,16
785429,12
785429,10751
714675,18
1010600,27
1010600,53
1079485,27
1079485,53
571,27
571,53
1215918,53
1215918,18
1215918,9648
1215918,27
1215918,80
970348,18
1274238,99
1274238,10402
879689,18
879689,53
879689,27
879689,35
879689,9648
269509,16
269509,35
269509,10751
269509,14
1274237,10402
20539,18
20539,36
896639,99
896639,18
896639,36
935906,35
935906,18
1130053,27
1130053,14
1375774,10402
1075175,18
800301,10749
800301,35
76406,99
171372,35
171372,18
171372,9648
1022789,16
1022789,12
1022789,35
1022789,10751
475557,80
475557,53
475557,18
533535,28
533535,35
533535,878
693134,878
693134,12
519182,16
519182,10751
519182,35
519182,878
912649,28
912649,878
912649,12
945961,27
945961,878
1241982,16
1241982,12
1241982,10751
1241982,35
653346,878
653346,12
653346,28
718821,28
718821,53
573435,28
573435,35
573435,80
573435,53
573435,12
889737,18
889737,80
889737,53
558449,28
558449,12
558449,18
866398,80
866398,28
866398,53
786892,28
786892,878
786892,12
762441,27
762441,878
762441,53
1184918,16
1184918,878
1184918,10751
402431,18
402431,10749
402431,14
792307,878
792307,10749
792307,35
845781,28
845781,14
845781,35
762509,12
762509,10751
762509,16
157336,12
157336,18
157336,878
1011985,16
1011985,10751
1011985,28
1011985,35
1167271,28
1167271,12
1167271,53
746036,28
746036,35
746036,10749
698687,16
698687,878
698687,12
698687,10751
933260,27
933260,878
929590,10752
929590,28
929590,18
634492,28
634492,14
940551,16
940551,12
940551,35
940551,10751
748783,16
748783,35
748783,10751
748783,12
539972,28
539972,12
539972,53
1032823,80
1032823,27
1032823,9648
1032823,53
917496,35
917496,14
917496,27
1226578,80
1226578,27
1226578,53
969492,28
969492,10752
969492,53
1100782,27
1100782,9648
639720,35
639720,14
639720,10751
939243,28
939243,878
939243,35
939243,10751
967847,14
967847,12
967847,35
799583,28
799583,35
799583,10752
618588,12
618588,18
1114513,27
1114513,53
1088514,18
437342,27
1072790,10749
1072790,35
1041613,27
1041613,9648
1041613,53
1125311,27
1125311,9648
720321,28
720321,878
720321,9648
720321,53
365177,28
365177,878
365177,35
957452,28
957452,14
957452,27
1111873,27
1111873,53
1086747,14
1086747,27
1086747,9648
956842,10749
956842,35
1034541,27
1034541,53
1138194,27
1138194,53
839033,16
839033,14
839033,12
839033,10751
839033,28
1079091,18
1079091,10749
974635,35
974635,10749
974635,80
978796,27
978796,53
937287,10749
937287,18
840705,9648
840705,53
840705,27
927107,28
927107,53
1087822,14
1087822,27
1087822,28
508947,16
508947,10751
508947,35
508947,14
814889,27
814889,18
628922,53
628922,18
1064213,18
1064213,35
1064213,10749
560016,28
560016,53
840430,35
840430,18
882059,80
882059,53
882059,28
1064028,878
1064028,53
972614,28
972614,80
972614,53
5492,28
5492,53
5492,80
944194,36
944194,18
944194,10752
1087388,27
1087388,878
1087388,53
646683,27
646683,53
802219,10402
802219,36
802219,18
1081012,28
1081012,53
974250,35
974250,9648
974250,80
76,18
76,10749
80,18
80,10749
975056,36
975056,18
1008409,80
1008409,18
1020006,18
1020006,10749
676685,12
676685,16
676685,35
676685,10751
1026436,53
1026436,35
1026436,18
870360,16
870360,35
870360,878
245842,14
245842,12
245842,10751
1162322,99
1162322,18
663712,27
663712,53
916738,99
1019939,35
1019939,12
1019939,28
1075815,99
1075815,10402
1165466,27
1165466,53
1165466,28
913673,27
913673,53
420634,27
420634,53
1000780,18
86829,18
86829,10402
283161,16
470,18
470,80
470,53
398818,10749
398818,18
1443,18
1051896,28
1051896,27
1051896,53
1051896,878
1079810,18
1079810,10751
1246014,27
1246014,9648
1219522,18
1219522,27
1137196,18
864101,878
864101,18
864101,12
864101,10751
1112357,16
1112357,12
1112357,10751
958161,12
958161,36
958161,18
1211728,27
734002,16
734002,36
734002,18
1048516,53
1048516,10749
1017066,18
1017066,10749
12652,18
12652,10749
4593,35
42454,18
3427,80
3427,10749
5558,35
649,18
649,10749
5781,35
5781,18
5781,10749
838240,16
838240,18
838240,35
838240,878
915935,53
915935,9648
915935,80
964960,10749
964960,18
976576,10749
976576,18
960033,18
960033,9648
914206,18
914206,878
914206,10749
661935,18
661935,10749
995746,18
995746,10749
824016,35
824016,18
970398,99
970398,36
995408,35
995408,18
1004555,18
1004555,10749
888003,35
888003,18
965791,35
1216452,35
1004840,35
1004840,10749
1004840,10402
934506,35
934506,18
961082,18
989238,35
989238,18
1045770,35
1045770,14
995808,35
995808,80
423,18
423,10752
970867,16
108,18
626,27
85033,18
85033,10749
676727,16
676727,18
676727,10751
676727,36
37335,18
37335,10402
42726,18
42726,10749
429191,18
1024541,18
1024541,36
1235926,53
1235926,27
1235926,14
99,35
99,18
997294,18
997294,9648
1276210,27
1276210,9648
1053600,18
64,18
64,10749
219,35
219,18
219,10749
1088851,18
267,18
267,10749
267,53
8088,18
8088,10749
8088,53
927547,18
1176166,27
1176166,9648
1176166,53
1128936,27
1128936,53
1148817,80
1148817,27
1148817,18
1148817,9648
1148817,53
1264429,27
1264429,53
1126128,28
1126128,80
1126128,53
987419,18
1234591,18
1234591,35
1234591,10749
988402,10749
988402,35
988402,14
988402,27
850028,53
850028,18
850028,10749
912520,10749
912520,35
912520,18
912480,18
912480,80
912480,53
923387,18
989496,18
989232,35
989232,10749
989232,18
989232,14
1012201,16
1012201,35
1221404,16
1221404,12
1221404,35
1221404,10751
1244492,16
1244492,18
1148677,16
1148677,10402
1148677,35
1148677,18
1148677,10751
1148677,14
1148677,12
1104844,16
1104844,28
1104844,18
1146972,16
1146972,878
1146972,28
1146972,18
904759,16
904759,35
904759,9648
904759,14
904759,27
1148588,16
1148588,10751
1276108,18
1276108,53
1276108,80
1276108,9648
1070507,35
1070507,18
1070507,10402
1223178,16
1223178,18
1223178,35
1223178,14
1357633,28
1357633,12
1357633,14
1357633,16
1129610,16
1129610,35
1129610,10402
15370,12
15370,14
15370,16
15370,18
15370,10751
632632,16
632632,18
632632,10402
632632,10749
47002,18
47002,10749
38142,16
38142,10749
38142,18
1120846,18
1120846,10749
1120846,9648
357405,16
357405,28
357405,35
1216623,16
1216623,18
1216623,10402
1201210,14
1201210,36
1201210,9648
1188456,53
1188456,9648
1156125,18
198375,16
198375,18
198375,10749
1044555,53
1044555,80
1117609,16
1117609,14
1137142,18
1137142,53
1137142,80
1276849,18
1276849,35
1276849,9648
1130899,27
1130899,9648
1267822,18
1211650,16
1211650,35
1211650,10402
21712,16
21712,10749
21712,35
21712,18
21712,14
1268198,18
1268198,35
12924,16
12924,12
12924,18
12924,10749
12924,878
1163269,18
1231785,80
1231785,9648
261124,18
1214499,99
1025301,9648
1025301,35
1025301,18
1122715,28
1122715,18
1122715,878
1086011,18
79707,16
79707,12
79707,14
79707,10751
1101181,9648
1264344,99
1019421,18
1283793,18
37910,16
37910,878
37910,10749
1273597,18
1188019,18
1188019,10751
1302106,28
1302106,35
1302106,10749
1152908,10749
1140221,35
1140221,18
1140221,10751
1062910,18
68606,18
68606,10749
1229076,9648
1153325,10752
1153325,10749
1153325,36
1244244,18
1244244,80
1244244,53
1293338,18
1103432,16
1103432,28
1103432,878
1186850,99
1186850,10770
1101734,18
1101734,35
1101734,10751
1094482,18
1094482,10749
1276633,18
1276633,9648
1254532,18
1254532,28
1145026,80
1145026,9648
81,12
81,16
81,14
1210309,10402
921,10749
921,18
921,36
1167863,18
726657,28
726657,36
726657,9648
726657,14
1155235,36
1155235,18
1015464,18
1255316,18
1255316,9648
1276242,18
1276242,14
1276242,10752
1265800,27
1072742,18
1240834,18
1240834,10749
1240834,35
1240834,14
11621,10751
11621,35
11621,16
11621,12
1002535,10749
1002535,18
1333100,16
1333100,28
1333100,12
1333100,14
969784,99
1211716,16
1211716,35
1250407,35
1250407,18
68837,18
482150,16
482150,18
482150,10402
890526,9648
890526,18
890526,80
1078280,18
1275240,18
478376,35
478376,10749
202885,18
110852,35
110852,18
118785,18
117129,35
117129,18
966238,35
966238,18
253235,35
253235,18
253235,10749
501657,10749
501657,18
1278652,35
1278652,10770
1126361,18
1009087,18
1009087,9648
1074174,18
1074174,10749
1032767,18
1009082,18
980026,28
980026,18
980026,36
1031050,99
1085218,53
1085218,28
1079202,35
1108450,18
1188258,10749
1188258,18
1006724,27
1006724,35
1006724,53
1166073,28
1166073,35
1261250,10749
1261250,35
1261250,18
926188,27
926188,53
1027588,18
1029244,18
1102857,18
1102857,27
1102857,53
1270769,27
1270769,9648
1270769,53
1283068,10749
1283068,35
1377013,99
1007980,35
1007980,18
1078374,10749
1078374,14
1078374,18
996871,18
1162931,18
1084740,18
1214266,18
1015623,18
937855,99
1088709,99
1006732,18
11553,18
11553,10749
1236428,99
1248407,35
1248407,14
1083971,18
1395259,99
1297616,99
1019828,80
1019828,53
1235022,14
1318638,99
1226599,18
1226599,35
1255586,99
1308707,99
1085574,18
1085574,14
1239035,18
1341782,99
1311577,99
948184,80
948184,9648
948184,53
948184,18
1305515,99
1239038,18
1233209,14
662402,10749
662402,18
25538,18
25538,35
256930,18
256930,36
1006739,99
78450,18
78450,80
1223386,80
1223386,14
1401562,99
1006664,18
1330874,18
1330874,10751
1247973,99
45996,18
45996,10749
1265692,99
78450,18
78450,80
49982,18
49982,36
940247,18
940247,9648
940247,53
1203439,99
1247973,99
949709,28
949709,80
950019,28
950019,80
878607,18
783121,80
783121,28
783121,12
783121,53
957996,18
1290839,35
1108211,9648
1108211,80
1108211,53
1155257,80
1155257,9648
1155257,18
1181642,80
1181642,18
1181642,9648
438030,18
1109237,35
1109237,18
1287986,18
1267665,18
1267665,80
1267665,53
1008393,18
714650,18
714650,35
1208997,28
1208997,35
1182047,36
1182047,18
1333099,12
1333099,18
1333099,14
812037,18
971968,36
971968,18
1164355,27
1164355,53
1234593,18
1235424,16
1136558,27
1136558,53
1216443,18
1303162,28
1303162,12
1303162,35
1303162,14
1279788,16
1279788,28
1279788,12
1279788,18
1279788,35
1234779,35
1234779,10749
117646,18
117646,10749
1241476,10751
1241476,18
612696,35
612696,18
103875,80
103875,18
428481,35
