tw_id,reference_year,tw_release_days,reference_year_amount,reference_year_tickets
21945,2022-01-01,71.0,45065924,184178
22241,2022-01-01,57.0,19925286,82725
23147,2022-01-01,37.0,18565875,78936
22479,2022-01-01,55.0,18394205,75250
21736,2022-01-01,56.0,16890288,70736
21615,2022-01-01,63.0,14595323,59700
21222,2022-01-01,64.0,10985137,46397
21858,2022-01-01,47.0,9396972,38589
22473,2022-01-01,35.0,8631370,36581
22113,2022-01-01,80.0,8274617,35097
22239,2022-01-01,82.0,8129335,31630
21763,2022-01-01,69.0,7031402,28366
20398,2022-01-01,34.0,6374008,27087
22925,2022-01-01,40.0,6046995,25334
20981,2022-01-01,28.0,3078150,5961
23015,2022-01-01,27.0,2859530,12369
18813,2022-01-01,47.0,97300,1319
20553,2022-01-01,33.0,2697970,3489
22004,2022-01-01,35.0,2632400,11104
23248,2022-01-01,23.0,2467555,10463
23206,2022-01-01,12.0,2304050,4848
23216,2022-01-01,30.0,2260326,9913
21779,2022-01-01,35.0,2200799,8984
21823,2022-01-01,26.0,2185586,9147
20110,2022-01-01,28.0,40210,764
9051,2022-01-01,2.0,21730,99
20335,2022-01-01,27.0,1157216,4835
23214,2022-01-01,23.0,1839041,7626
23362,2022-01-01,9.0,1695300,7083
20402,2022-01-01,21.0,1627590,6888
22653,2022-01-01,37.0,1487675,6367
22221,2022-01-01,21.0,1372877,5766
21160,2022-01-01,35.0,1286488,5428
22628,2022-01-01,28.0,1154509,4881
18829,2022-01-01,39.0,851816,3584
20749,2022-01-01,28.0,828666,3543
20942,2022-01-01,60.0,729431,3464
21164,2022-01-01,26.0,707122,3034
23390,2022-01-01,9.0,487909,2093
23199,2022-01-01,23.0,487290,2137
23364,2022-01-01,9.0,427653,1952
20633,2022-01-01,70.0,377235,1675
20778,2022-01-01,17.0,347827,1532
22818,2022-01-01,21.0,333872,1476
20661,2022-01-01,45.0,286822,1327
20473,2022-01-01,55.0,187511,839
18817,2022-01-01,12.0,46740,226
20994,2022-01-01,14.0,104313,426
18794,2022-01-01,21.0,96045,406
20555,2022-01-01,24.0,67159,327
23146,2022-01-01,22.0,62440,252
20801,2022-01-01,15.0,52615,245
22754,2022-01-01,3.0,5970,47
23154,2022-01-01,11.0,55508,233
19991,2022-01-01,3.0,47770,243
19811,2022-01-01,1.0,15630,81
22858,2022-01-01,35.0,169870,798
21384,2022-01-01,30.0,96874,493
22111,2022-01-01,17.0,79962,381
18924,2022-01-01,28.0,1209573,5290
21265,2022-01-01,44.0,889361,3166
21031,2022-01-01,61.0,580693,2681
22172,2022-01-01,27.0,545017,2403
20589,2022-01-01,30.0,486654,2192
21857,2022-01-01,30.0,389055,1733
21664,2022-01-01,26.0,373187,1722
21214,2022-01-01,37.0,366227,1663
20534,2022-01-01,24.0,357999,1644
22432,2022-01-01,14.0,169954,809
20223,2022-01-01,70.0,162434,1060
22515,2022-01-01,20.0,148507,696
20134,2022-01-01,15.0,115918,540
21746,2022-01-01,14.0,99238,452
21236,2022-01-01,32.0,89968,471
20103,2022-01-01,20.0,52255,256
18291,2022-01-01,14.0,51775,220
19920,2022-01-01,15.0,38930,183
23290,2022-01-01,1.0,12945,62
22270,2022-01-01,39.0,149154,785
19372,2022-01-01,26.0,11775,56
21998,2022-01-01,50.0,365064,2014
20313,2022-01-01,31.0,207999,991
20872,2022-01-01,20.0,201584,947
21789,2022-01-01,18.0,149164,696
21263,2022-01-01,41.0,141789,811
21352,2022-01-01,19.0,75097,316
20239,2022-01-01,25.0,48345,239
22877,2022-01-01,16.0,81848,358
21045,2022-01-01,36.0,286305,1235
22739,2022-01-01,23.0,206312,972
22523,2022-01-01,16.0,42997,207
21919,2022-01-01,14.0,122233,418
20556,2022-01-01,19.0,236988,1084
21659,2022-01-01,23.0,419234,1888
22648,2022-01-01,33.0,2273555,9864
20460,2022-01-01,30.0,1982619,8981
20975,2022-01-01,34.0,1665825,7022
20929,2022-01-01,28.0,1087690,4541
22309,2022-01-01,23.0,168500,714
19408,2022-01-01,28.0,15345,279
22895,2022-01-01,21.0,88852,414
20336,2022-01-01,26.0,273749,1305
19627,2022-01-01,22.0,244878,1105
21740,2022-01-01,28.0,94855,440
21626,2022-01-01,14.0,67853,328
18629,2022-01-01,2.0,37300,165
21223,2022-01-01,36.0,549075,2378
22198,2022-01-01,3.0,51530,220
20265,2022-01-01,53.0,1057813,4245
21115,2022-01-01,38.0,1770800,7532
21436,2022-01-01,35.0,1525453,6292
20654,2022-01-01,20.0,1320373,5653
23289,2022-01-01,14.0,556482,2321
21210,2022-01-01,39.0,529394,2314
23085,2022-01-01,23.0,495989,2203
21066,2022-01-01,36.0,410490,1600
20314,2022-01-01,36.0,308866,1332
20413,2022-01-01,23.0,126806,563
22110,2022-01-01,14.0,107917,463
20365,2022-01-01,130.0,6199335,25791
21974,2022-01-01,27.0,378998,1645
22265,2022-01-01,18.0,246306,1031
19764,2022-01-01,14.0,71180,337
20672,2022-01-01,3.0,43830,220
19859,2022-01-01,47.0,75810,918
19159,2022-01-01,26.0,92025,886
20822,2022-01-01,87.0,4410999,19846
16476,2022-01-01,1.0,22000,100
21732,2022-01-01,65.0,3636734,14494
7331,2022-01-01,65.0,3162382,12554
20716,2022-01-01,70.0,3036557,11386
18149,2022-01-01,23.0,125985,555
9993,2022-01-01,24.0,226993,943
20763,2022-01-01,38.0,955175,4156
22420,2022-01-01,49.0,1069383,4301
22876,2022-01-01,10.0,1056777,4601
20565,2022-01-01,47.0,972595,4386
20343,2022-01-01,63.0,939296,4577
20702,2022-01-01,35.0,682100,2736
20741,2022-01-01,34.0,526532,2291
21747,2022-01-01,46.0,504321,2171
10916,2022-01-01,34.0,489144,2082
22182,2022-01-01,63.0,456510,1906
21786,2022-01-01,44.0,369674,1641
22631,2022-01-01,17.0,345803,1573
21047,2022-01-01,27.0,303724,1288
20697,2022-01-01,27.0,287028,1226
21801,2022-01-01,22.0,261247,887
23391,2022-01-01,4.0,170009,701
21812,2022-01-01,18.0,99692,413
21517,2022-01-01,19.0,82398,354
22231,2022-01-01,16.0,80202,361
23317,2022-01-01,3.0,70614,291
22434,2022-01-01,14.0,69773,302
22085,2022-01-01,14.0,67090,291
21978,2022-01-01,4.0,48220,209
22435,2022-01-01,19.0,46582,210
20671,2022-01-01,3.0,44020,225
21123,2022-01-01,14.0,33942,148
20673,2022-01-01,2.0,31480,159
23367,2022-01-01,2.0,23461,103
23349,2022-01-01,2.0,16628,76
23339,2022-01-01,1.0,12770,58
20410,2022-01-01,7.0,5470,25
22758,2022-01-01,3.0,22290,147
22755,2022-01-01,3.0,8760,65
20515,2022-01-01,96.0,27719793,111265
15965,2022-01-01,1.0,3210,14
21389,2022-01-01,37.0,3332467,13867
7689,2022-01-01,35.0,911526,3585
22525,2022-01-01,24.0,2004686,8438
21017,2022-01-01,83.0,911199,4588
20802,2022-01-01,70.0,755164,3587
22117,2022-01-01,35.0,716392,3100
21312,2022-01-01,22.0,587880,847
20693,2022-01-01,21.0,575423,2567
22611,2022-01-01,25.0,494263,2089
19272,2022-01-01,14.0,25810,215
21758,2022-01-01,47.0,421787,1708
21906,2022-01-01,38.0,364501,1502
20076,2022-01-01,27.0,82735,400
21268,2022-01-01,20.0,316200,471
18530,2022-01-01,4.0,1160,6
23342,2022-01-01,4.0,237720,329
14480,2022-01-01,3.0,1290,5
21515,2022-01-01,19.0,202260,313
22260,2022-01-01,26.0,201400,888
22407,2022-01-01,26.0,165972,710
14021,2022-01-01,18.0,137605,621
20827,2022-01-01,18.0,101235,449
20418,2022-01-01,12.0,83520,120
20519,2022-01-01,13.0,78330,118
11227,2022-01-01,1.0,800,4
23320,2022-01-01,2.0,59369,273
21869,2022-01-01,23.0,50972,258
20337,2022-01-01,11.0,48400,71
22880,2022-01-01,23.0,28641,136
20291,2022-01-01,4.0,8730,44
20293,2022-01-01,4.0,8265,42
20292,2022-01-01,4.0,7530,38
20290,2022-01-01,4.0,6695,34
21117,2022-01-01,222.0,734571164,2682750
20189,2022-01-01,154.0,92888576,368737
23322,2022-01-01,18.0,426983292,1308325
21161,2022-01-01,136.0,334165457,1278551
19885,2022-01-01,69.0,387467,4893
23049,2022-01-01,53.0,249328389,923471
21054,2022-01-01,145.0,244509640,931021
21741,2022-01-01,114.0,225303582,862955
20277,2022-01-01,132.0,120566059,481083
19639,2022-01-01,43.0,202200,2918
19182,2022-01-01,78.0,653116,3668
19468,2022-01-01,44.0,372403,4745
19150,2022-01-01,42.0,220252,2178
22676,2022-01-01,72.0,148174405,574003
20810,2022-01-01,165.0,147398447,598580
20587,2022-01-01,130.0,137431475,525133
20863,2022-01-01,136.0,124391432,478543
21777,2022-01-01,147.0,117574496,455820
20539,2022-01-01,102.0,75710509,307127
18984,2022-01-01,28.0,26942,220
20828,2022-01-01,142.0,67898723,275475
20215,2022-01-01,97.0,10754640,45360
20484,2022-01-01,84.0,51057582,201654
19984,2022-01-01,42.0,164880,1953
20786,2022-01-01,110.0,48157458,193421
18891,2022-01-01,2.0,1210,11
21422,2022-01-01,133.0,42101042,170787
20470,2022-01-01,113.0,35388421,141914
20050,2022-01-01,104.0,1230238,7781
22373,2022-01-01,93.0,25190305,100738
20210,2022-01-01,107.0,24053615,101320
20748,2022-01-01,104.0,23218083,96582
21742,2022-01-01,1.0,22170373,84108
20580,2022-01-01,77.0,20903211,85095
21821,2022-01-01,94.0,18770340,76126
20212,2022-01-01,93.0,18423169,72540
20635,2022-01-01,151.0,17550325,74275
18983,2022-01-01,20.0,26400,528
22355,2022-01-01,73.0,17123334,69407
20820,2022-01-01,109.0,15259948,65214
22663,2022-01-01,30.0,15257079,60336
18759,2022-01-01,14.0,13060,87
22416,2022-01-01,21.0,13708809,37664
21896,2022-01-01,78.0,13276893,51401
21837,2022-01-01,79.0,12544161,53057
18014,2022-01-01,1.0,0,0
18846,2022-01-01,43.0,42580,289
19955,2022-01-01,80.0,8186436,36424
20403,2022-01-01,95.0,10420223,41801
21582,2022-01-01,109.0,9848144,39374
19688,2022-01-01,98.0,1436873,6796
18925,2022-01-01,41.0,101725,1539
22337,2022-01-01,49.0,9040655,36891
18816,2022-01-01,4.0,3850,35
23155,2022-01-01,32.0,8765220,36580
20582,2022-01-01,93.0,8557235,37412
18866,2022-01-01,13.0,19161,161
19161,2022-01-01,15.0,10560,66
22879,2022-01-01,48.0,8210829,34070
20241,2022-01-01,77.0,7987082,33050
20925,2022-01-01,56.0,7777148,33119
7858,2022-01-01,59.0,674764,2581
20104,2022-01-01,32.0,777013,1652
18958,2022-01-01,14.0,15960,104
18824,2022-01-01,7.0,14680,162
23153,2022-01-01,30.0,7091561,29294
20294,2022-01-01,30.0,6978444,29045
19817,2022-01-01,64.0,122560,1672
23138,2022-01-01,37.0,6387538,26922
20240,2022-01-01,59.0,6357698,26770
19964,2022-01-01,40.0,84525,931
19786,2022-01-01,55.0,196749,1438
21867,2022-01-01,66.0,5393035,22876
22530,2022-01-01,41.0,5355551,20838
19308,2022-01-01,6.0,4310,83
18430,2022-01-01,14.0,19840,124
20137,2022-01-01,74.0,3305591,14663
22195,2022-01-01,94.0,4668546,19952
19919,2022-01-01,48.0,79408,768
22245,2022-01-01,65.0,4388293,18509
20982,2022-01-01,76.0,4246625,19183
22652,2022-01-01,44.0,4218526,17089
19783,2022-01-01,15.0,15002,56
23144,2022-01-01,3.0,4158873,16872
22924,2022-01-01,38.0,3991237,15734
22115,2022-01-01,47.0,3909305,16100
22476,2022-01-01,43.0,3783932,15442
19657,2022-01-01,35.0,45425,559
19539,2022-01-01,57.0,129901,1308
22242,2022-01-01,69.0,3669524,15045
20362,2022-01-01,71.0,3539338,14745
21942,2022-01-01,57.0,3494845,15327
22328,2022-01-01,43.0,3472928,7741
21719,2022-01-01,74.0,3428702,14890
20459,2022-01-01,76.0,2923194,12444
22116,2022-01-01,64.0,2889454,12383
21930,2022-01-01,45.0,2522604,10612
9023,2022-01-01,39.0,1059994,4104
20394,2022-01-01,49.0,2007625,8205
22397,2022-01-01,35.0,1978031,8143
20356,2022-01-01,37.0,1908583,8346
22308,2022-01-01,54.0,1552761,6642
9986,2022-01-01,10.0,141135,626
20770,2022-01-01,56.0,1528691,7103
23321,2022-01-01,5.0,1477019,6248
22222,2022-01-01,35.0,1439492,5018
23084,2022-01-01,27.0,1434575,6106
19659,2022-01-01,80.0,1379097,6170
22651,2022-01-01,26.0,1356110,5702
20659,2022-01-01,15.0,1287057,5698
17499,2022-01-01,1.0,0,0
20660,2022-01-01,77.0,1167839,5447
20235,2022-01-01,49.0,966813,4580
22679,2022-01-01,27.0,921637,4146
20363,2022-01-01,22.0,915242,3989
22963,2022-01-01,31.0,832606,3636
21033,2022-01-01,24.0,825183,3348
20528,2022-01-01,49.0,772839,3425
6252,2022-01-01,25.0,230452,948
23128,2022-01-01,28.0,711344,2972
20554,2022-01-01,18.0,654088,3108
20472,2022-01-01,21.0,636410,2853
18735,2022-01-01,34.0,590773,2414
19690,2022-01-01,20.0,534950,2373
18693,2022-01-01,86.0,521145,3090
19241,2022-01-01,23.0,481770,2144
23286,2022-01-01,18.0,459743,2001
20848,2022-01-01,26.0,428306,1963
20143,2022-01-01,73.0,415119,1833
21306,2022-01-01,24.0,399338,1636
21388,2022-01-01,49.0,391134,1850
20211,2022-01-01,21.0,380927,1716
20713,2022-01-01,71.0,378003,2116
20861,2022-01-01,21.0,371355,1560
18707,2022-01-01,32.0,364889,1376
20681,2022-01-01,70.0,362265,2046
23311,2022-01-01,9.0,326448,1424
20561,2022-01-01,14.0,321906,1390
21802,2022-01-01,15.0,320209,1390
19475,2022-01-01,35.0,36710,348
20458,2022-01-01,56.0,259262,1247
19601,2022-01-01,34.0,31565,286
20736,2022-01-01,14.0,226695,947
19921,2022-01-01,29.0,209451,910
21116,2022-01-01,63.0,192439,1062
20930,2022-01-01,15.0,192361,858
20809,2022-01-01,14.0,180390,802
20560,2022-01-01,18.0,176815,739
21180,2022-01-01,43.0,164563,975
20735,2022-01-01,26.0,143340,636
20217,2022-01-01,14.0,129734,563
20992,2022-01-01,17.0,129587,584
20761,2022-01-01,16.0,120470,524
21172,2022-01-01,71.0,117730,913
23014,2022-01-01,1.0,114400,500
22714,2022-01-01,14.0,101413,453
20486,2022-01-01,18.0,91649,395
19318,2022-01-01,14.0,90972,460
19383,2022-01-01,41.0,37270,400
20384,2022-01-01,14.0,66947,288
20192,2022-01-01,4.0,4660,18
22959,2022-01-01,14.0,52980,244
21035,2022-01-01,15.0,34575,317
20605,2022-01-01,10.0,26510,123
21038,2022-01-01,12.0,23590,216
20714,2022-01-01,10.0,19865,96
21040,2022-01-01,10.0,16050,148
21039,2022-01-01,10.0,13165,168
17975,2022-01-01,12.0,11270,48
14586,2022-01-01,3.0,11130,78
21041,2022-01-01,6.0,6110,56
21036,2022-01-01,6.0,4090,36
21037,2022-01-01,9.0,3595,37
23288,2022-01-01,3.0,1000,9
23287,2022-01-01,2.0,540,6
23217,2022-01-01,14.0,125763,622
1691,2022-01-01,9.0,44150,194
18745,2022-01-01,48.0,1408299,5895
20692,2022-01-01,20.0,1142788,5095
19136,2022-01-01,57.0,898754,4034
21173,2022-01-01,49.0,424760,1963
18792,2022-01-01,21.0,21760,142
22404,2022-01-01,35.0,164744,824
22524,2022-01-01,22.0,150830,702
20568,2022-01-01,13.0,149808,656
5643,2022-01-01,3.0,30570,153
5666,2022-01-01,3.0,25200,124
21155,2022-01-01,5.0,4762,20
21221,2022-01-01,28.0,534074,2206
20414,2022-01-01,62.0,450008,2086
21380,2022-01-01,50.0,276983,1329
21163,2022-01-01,20.0,166495,694
21706,2022-01-01,30.0,133062,636
21536,2022-01-01,17.0,130153,586
21528,2022-01-01,93.0,1016821,4699
20457,2022-01-01,43.0,683808,3090
21888,2022-01-01,37.0,239756,1263
21365,2022-01-01,3.0,41460,232
21363,2022-01-01,3.0,40860,232
15103,2022-01-01,4.0,3480,16
21920,2022-01-01,28.0,2444063,10331
19696,2022-01-01,50.0,121703,1236
20184,2022-01-01,42.0,1256002,5366
19894,2022-01-01,55.0,934305,4426
21995,2022-01-01,53.0,924281,4082
2813,2022-01-01,2.0,29215,135
22349,2022-01-01,26.0,843038,3515
2815,2022-01-01,2.0,30620,143
2814,2022-01-01,2.0,29150,136
20489,2022-01-01,24.0,614463,2672
22243,2022-01-01,49.0,588892,2607
20943,2022-01-01,43.0,477658,2050
20873,2022-01-01,56.0,472026,2300
22183,2022-01-01,63.0,460111,2479
21809,2022-01-01,28.0,415965,1857
20530,2022-01-01,14.0,398670,1763
21717,2022-01-01,70.0,397574,2141
21019,2022-01-01,69.0,394890,1834
21514,2022-01-01,18.0,388850,1646
20454,2022-01-01,21.0,379255,1759
21863,2022-01-01,52.0,359178,1684
3350,2022-01-01,13.0,113191,458
20300,2022-01-01,29.0,276978,1255
20485,2022-01-01,36.0,318617,1479
20364,2022-01-01,44.0,290913,1421
21046,2022-01-01,61.0,287634,1731
19858,2022-01-01,28.0,269112,1080
19952,2022-01-01,15.0,266625,1235
20399,2022-01-01,81.0,256407,1397
21866,2022-01-01,24.0,226883,1045
21810,2022-01-01,14.0,220189,932
2224,2022-01-01,1.0,16245,78
21796,2022-01-01,16.0,213731,915
21311,2022-01-01,23.0,198253,974
22356,2022-01-01,39.0,197370,935
10963,2022-01-01,6.0,19250,82
4575,2022-01-01,11.0,23365,114
21824,2022-01-01,20.0,181656,856
21862,2022-01-01,18.0,171559,737
22741,2022-01-01,20.0,169241,797
23265,2022-01-01,15.0,140970,687
6630,2022-01-01,3.0,47800,236
21440,2022-01-01,53.0,135375,889
20395,2022-01-01,21.0,130275,583
19093,2022-01-01,14.0,17760,111
20136,2022-01-01,15.0,97015,456
10331,2022-01-01,2.0,31480,158
19731,2022-01-01,3.0,5520,53
20406,2022-01-01,19.0,117089,539
20963,2022-01-01,22.0,110909,456
20169,2022-01-01,18.0,106610,517
20124,2022-01-01,17.0,104758,456
20862,2022-01-01,27.0,102502,487
20177,2022-01-01,56.0,97655,575
23375,2022-01-01,2.0,89198,395
20712,2022-01-01,19.0,73699,327
22650,2022-01-01,25.0,71704,347
4469,2022-01-01,3.0,46840,231
22740,2022-01-01,19.0,64785,277
19224,2022-01-01,3.0,46400,230
22173,2022-01-01,29.0,52035,274
22756,2022-01-01,5.0,51280,291
23275,2022-01-01,3.0,47160,238
23274,2022-01-01,3.0,46280,229
23386,2022-01-01,3.0,46080,230
20451,2022-01-01,14.0,39114,175
21993,2022-01-01,24.0,31479,159
20803,2022-01-01,7.0,31110,130
22901,2022-01-01,11.0,30304,149
17254,2022-01-01,2.0,28020,158
21355,2022-01-01,2.0,27300,158
21356,2022-01-01,2.0,26740,156
938,2022-01-01,1.0,17760,74
21660,2022-01-01,12.0,7780,39
20928,2022-01-01,7.0,5085,22
21360,2022-01-01,3.0,39660,221
21366,2022-01-01,3.0,40700,234
21359,2022-01-01,3.0,41100,231
21364,2022-01-01,3.0,41340,235
21361,2022-01-01,3.0,41860,238
21362,2022-01-01,3.0,41340,233
19922,2022-01-01,46.0,88460,680
21357,2022-01-01,3.0,41760,234
21358,2022-01-01,3.0,41280,232
20579,2022-01-01,29.0,615697,2689
20596,2022-01-01,62.0,591809,2567
20289,2022-01-01,66.0,518421,2388
19857,2022-01-01,13.0,445519,1902
23122,2022-01-01,20.0,246877,1112
23198,2022-01-01,9.0,178610,745
22893,2022-01-01,23.0,167306,696
19205,2022-01-01,7.0,10560,66
18538,2022-01-01,20.0,94052,444
18469,2022-01-01,19.0,81085,388
18737,2022-01-01,20.0,71470,342
20527,2022-01-01,14.0,70252,354
18761,2022-01-01,18.0,53335,260
20941,2022-01-01,7.0,13030,68
23188,2022-01-01,28.0,1072209,3876
21709,2022-01-01,79.0,371605,2224
20903,2022-01-01,25.0,124765,613
23338,2022-01-01,9.0,4649630,18857
21307,2022-01-01,23.0,130877,623
20652,2022-01-01,26.0,306307,1250
20962,2022-01-01,35.0,183693,855
20952,2022-01-01,11.0,40980,195
20191,2022-01-01,21.0,43720,588
20728,2022-01-01,34.0,316110,1494
21021,2022-01-01,31.0,276866,1276
20804,2022-01-01,30.0,245143,1162
20758,2022-01-01,31.0,236773,1113
20632,2022-01-01,28.0,215696,980
21032,2022-01-01,28.0,194736,893
22196,2022-01-01,27.0,184539,885
4035,2022-01-01,4.0,9900,66
20740,2022-01-01,96.0,4077883,18383
20201,2022-01-01,36.0,1045174,4587
21838,2022-01-01,28.0,948838,4000
19092,2022-01-01,14.0,17600,110
20386,2022-01-01,17.0,64490,301
20683,2022-01-01,21.0,49128,213
22307,2022-01-01,42.0,1130682,4827
17368,2022-01-01,2.0,84460,187
20591,2022-01-01,196.0,232320958,893940
21991,2022-01-01,107.0,175286007,660332
21383,2022-01-01,185.0,121075840,482219
19722,2022-01-01,49.0,1635607,3980
22751,2022-01-01,59.0,33261962,129299
21864,2022-01-01,122.0,31937273,130371
17110,2022-01-01,22.0,46830,131
13730,2022-01-01,1.0,9600,48
19157,2022-01-01,39.0,71390,280
23197,2022-01-01,24.0,19300162,76712
21385,2022-01-01,92.0,18860482,75408
20610,2022-01-01,59.0,16258900,65584
19389,2022-01-01,13.0,197710,425
21718,2022-01-01,151.0,15075451,61505
9977,2022-01-01,1.0,28820,131
23148,2022-01-01,30.0,11745636,47342
22194,2022-01-01,89.0,11318159,42813
20879,2022-01-01,88.0,11235779,46609
21625,2022-01-01,60.0,10801444,45504
22232,2022-01-01,85.0,10096897,39402
16420,2022-01-01,27.0,435261,1819
20279,2022-01-01,111.0,9309011,36999
22878,2022-01-01,37.0,8802123,35219
22020,2022-01-01,66.0,7627850,30072
19787,2022-01-01,80.0,356160,999
23365,2022-01-01,9.0,7372453,28973
21928,2022-01-01,56.0,7366694,27614
21973,2022-01-01,85.0,7341179,29186
22962,2022-01-01,51.0,6946254,27732
22380,2022-01-01,67.0,6379782,25412
20405,2022-01-01,119.0,5946205,26151
20057,2022-01-01,10.0,13230,55
20264,2022-01-01,46.0,4458051,18738
17129,2022-01-01,27.0,14430,32
16758,2022-01-01,20.0,208311,881
20105,2022-01-01,36.0,306795,1359
19895,2022-01-01,13.0,14115,58
19687,2022-01-01,101.0,888435,3733
21310,2022-01-01,50.0,3643625,14772
22788,2022-01-01,40.0,3126373,14193
19000,2022-01-01,27.0,52355,114
13292,2022-01-01,1.0,0,0
19766,2022-01-01,15.0,33450,418
23463,2022-01-01,1.0,2617138,7347
20415,2022-01-01,35.0,2604189,11049
23115,2022-01-01,44.0,2556505,10149
22230,2022-01-01,70.0,2536636,10216
20535,2022-01-01,53.0,2166882,8788
21065,2022-01-01,44.0,2120777,8769
20355,2022-01-01,46.0,1859284,7476
20762,2022-01-01,37.0,1828627,7485
20186,2022-01-01,2.0,11615,55
22512,2022-01-01,42.0,1537279,6174
20669,2022-01-01,36.0,1506461,6066
21237,2022-01-01,34.0,1403868,5924
21941,2022-01-01,65.0,1395111,6348
21790,2022-01-01,34.0,1367306,5535
22003,2022-01-01,33.0,1316875,5314
18774,2022-01-01,1.0,39600,180
23249,2022-01-01,16.0,1174114,4717
20780,2022-01-01,36.0,1167619,4857
22408,2022-01-01,31.0,1141683,4482
22167,2022-01-01,30.0,1100049,4482
18319,2022-01-01,4.0,6540,33
20744,2022-01-01,34.0,1037543,4543
20684,2022-01-01,75.0,1036440,4799
22114,2022-01-01,30.0,1035351,4109
20170,2022-01-01,27.0,71900,454
19852,2022-01-01,27.0,920379,3819
20766,2022-01-01,21.0,911465,4145
20715,2022-01-01,23.0,858838,3649
20631,2022-01-01,34.0,856896,3769
22511,2022-01-01,40.0,851769,3604
22229,2022-01-01,27.0,835671,3324
20229,2022-01-01,13.0,21553,86
21058,2022-01-01,56.0,812697,3361
20541,2022-01-01,46.0,809514,3568
22005,2022-01-01,20.0,805215,3262
21537,2022-01-01,45.0,779624,3013
22378,2022-01-01,27.0,769183,3156
19264,2022-01-01,33.0,758265,3114
19896,2022-01-01,14.0,12540,85
22174,2022-01-01,28.0,714492,3038
20993,2022-01-01,36.0,703841,2991
14034,2022-01-01,1.0,26400,120
21441,2022-01-01,32.0,660354,2618
22197,2022-01-01,32.0,636686,2705
20374,2022-01-01,27.0,618187,2720
20520,2022-01-01,27.0,583511,2327
21627,2022-01-01,34.0,575930,2474
20047,2022-01-01,1.0,27500,125
21933,2022-01-01,25.0,570570,2487
22960,2022-01-01,29.0,567908,2229
21710,2022-01-01,85.0,493877,2249
21929,2022-01-01,34.0,466241,2156
9952,2022-01-01,22.0,139673,594
21589,2022-01-01,26.0,434584,1831
21707,2022-01-01,18.0,430902,1822
20301,2022-01-01,55.0,430639,1938
22350,2022-01-01,22.0,425987,1774
22801,2022-01-01,31.0,416826,1788
22431,2022-01-01,31.0,415126,1830
23040,2022-01-01,31.0,414940,1885
22504,2022-01-01,55.0,413244,1678
23041,2022-01-01,24.0,407943,1811
22228,2022-01-01,37.0,399753,1783
20918,2022-01-01,39.0,391818,1755
22474,2022-01-01,28.0,375585,1564
18228,2022-01-01,16.0,84503,314
18705,2022-01-01,2.0,2820,15
20529,2022-01-01,47.0,330399,1411
22961,2022-01-01,24.0,322524,1270
20552,2022-01-01,21.0,321264,1347
23363,2022-01-01,2.0,313569,1250
23384,2022-01-01,2.0,312036,1319
22508,2022-01-01,22.0,311449,1406
18231,2022-01-01,16.0,69206,283
20125,2022-01-01,7.0,9160,36
23401,2022-01-01,2.0,254997,1116
20101,2022-01-01,28.0,27440,176
23187,2022-01-01,23.0,248533,1163
23107,2022-01-01,42.0,242050,1081
20779,2022-01-01,26.0,223321,965
20983,2022-01-01,37.0,213748,1015
23192,2022-01-01,9.0,208026,911
20919,2022-01-01,54.0,205564,1085
20653,2022-01-01,42.0,201486,810
21386,2022-01-01,42.0,195089,790
21354,2022-01-01,21.0,193251,824
21382,2022-01-01,23.0,189169,800
20696,2022-01-01,14.0,188440,745
19788,2022-01-01,20.0,128472,540
21315,2022-01-01,35.0,183929,930
20936,2022-01-01,42.0,174672,722
21393,2022-01-01,16.0,169321,749
22503,2022-01-01,15.0,166983,791
21350,2022-01-01,22.0,166077,678
20865,2022-01-01,19.0,151995,665
21020,2022-01-01,42.0,150809,622
20295,2022-01-01,21.0,142711,647
23264,2022-01-01,9.0,141998,609
20193,2022-01-01,6.0,24240,114
22532,2022-01-01,14.0,138359,644
20951,2022-01-01,18.0,125959,611
19061,2022-01-01,1.0,21560,98
22882,2022-01-01,16.0,123991,534
22244,2022-01-01,16.0,123814,540
21624,2022-01-01,31.0,116816,578
23114,2022-01-01,5.0,116370,214
18685,2022-01-01,24.0,114109,508
20699,2022-01-01,18.0,113381,503
18812,2022-01-01,1.0,44000,200
22421,2022-01-01,14.0,106410,465
22902,2022-01-01,21.0,105727,447
22802,2022-01-01,17.0,102390,491
22533,2022-01-01,30.0,100527,452
19954,2022-01-01,3.0,4475,18
20726,2022-01-01,2.0,95450,397
20759,2022-01-01,21.0,87440,373
20727,2022-01-01,2.0,86760,362
20823,2022-01-01,39.0,82727,343
23262,2022-01-01,8.0,71549,322
21780,2022-01-01,12.0,69579,306
22423,2022-01-01,16.0,64673,268
20824,2022-01-01,17.0,61706,271
18704,2022-01-01,18.0,61463,263
20609,2022-01-01,11.0,61246,273
22881,2022-01-01,15.0,61243,284
21994,2022-01-01,17.0,56520,298
23416,2022-01-01,3.0,54354,276
19908,2022-01-01,15.0,51243,223
21381,2022-01-01,14.0,46884,232
20533,2022-01-01,1.0,38940,177
23222,2022-01-01,2.0,32967,144
6711,2022-01-01,2.0,21280,104
20675,2022-01-01,2.0,16550,85
23186,2022-01-01,14.0,15630,69
23218,2022-01-01,7.0,5625,27
20707,2022-01-01,3.0,2595,15
22738,2022-01-01,26.0,92051,447
23193,2022-01-01,1.0,11115,55
20729,2022-01-01,56.0,1013756,4377
18749,2022-01-01,27.0,47560,374
3401,2022-01-01,4.0,9740,66
19269,2022-01-01,125.0,28991006,121830
20646,2022-01-01,120.0,171754843,721528
18190,2022-01-01,47.0,132440,1159
20477,2022-01-01,167.0,73937829,309340
12489,2022-01-01,1.0,70200,260
22531,2022-01-01,72.0,37701451,166401
19183,2022-01-01,70.0,506424,3244
20670,2022-01-01,141.0,32553195,139178
21822,2022-01-01,95.0,29706996,121139
20725,2022-01-01,98.0,27732078,121166
23355,2022-01-01,6.0,26462686,106226
20175,2022-01-01,136.0,22614491,95158
19357,2022-01-01,87.0,2069031,9750
22671,2022-01-01,61.0,16397288,69700
20312,2022-01-01,54.0,5469485,22388
22659,2022-01-01,79.0,15707206,67828
21785,2022-01-01,82.0,13377446,60483
20921,2022-01-01,73.0,9163289,37726
19729,2022-01-01,76.0,3042926,13030
22082,2022-01-01,91.0,7857368,34115
20354,2022-01-01,79.0,7591904,31799
19630,2022-01-01,81.0,5507315,23664
15629,2022-01-01,1.0,22950,85
20817,2022-01-01,66.0,4834434,22026
21165,2022-01-01,47.0,4536398,19490
22268,2022-01-01,60.0,3999736,16782
21119,2022-01-01,44.0,3878689,17849
19319,2022-01-01,29.0,33280,215
19608,2022-01-01,96.0,3723457,17163
19065,2022-01-01,8.0,185140,827
19662,2022-01-01,70.0,3234992,17644
10375,2022-01-01,95.0,3065886,15266
22660,2022-01-01,43.0,2913660,12792
19402,2022-01-01,46.0,35253,327
20005,2022-01-01,35.0,998975,4751
21915,2022-01-01,63.0,2505612,11429
21233,2022-01-01,48.0,2244623,10149
20711,2022-01-01,22.0,1917168,9020
20531,2022-01-01,38.0,1913309,8047
20176,2022-01-01,49.0,1695750,7284
14496,2022-01-01,34.0,318574,1323
17116,2022-01-01,31.0,1666470,7139
20052,2022-01-01,1.0,67100,305
17799,2022-01-01,49.0,1358697,6137
20643,2022-01-01,29.0,1473791,6528
19064,2022-01-01,1.0,0,0
18755,2022-01-01,1.0,12600,60
20521,2022-01-01,34.0,1437067,6212
21174,2022-01-01,45.0,1351685,6716
19400,2022-01-01,1.0,38940,177
22108,2022-01-01,49.0,1338652,6321
21825,2022-01-01,43.0,1328119,5765
19320,2022-01-01,32.0,1285544,5604
20203,2022-01-01,77.0,1266220,5449
14720,2022-01-01,1.0,23940,133
22084,2022-01-01,40.0,1062636,5253
20051,2022-01-01,35.0,1013475,4510
18424,2022-01-01,39.0,946200,4172
16508,2022-01-01,34.0,459063,2481
19957,2022-01-01,30.0,785267,3881
20805,2022-01-01,36.0,763901,3348
21080,2022-01-01,44.0,720016,3310
18306,2022-01-01,6.0,2345,10
19987,2022-01-01,61.0,629323,2950
19122,2022-01-01,11.0,30245,138
20920,2022-01-01,52.0,558070,2650
21179,2022-01-01,40.0,518556,2272
17831,2022-01-01,6.0,410,2
20053,2022-01-01,55.0,473663,2211
17487,2022-01-01,20.0,453169,2043
18796,2022-01-01,3.0,38870,169
22372,2022-01-01,40.0,392656,1548
22011,2022-01-01,11.0,389100,1359
21748,2022-01-01,28.0,362030,2268
21200,2022-01-01,10.0,360309,1618
21239,2022-01-01,29.0,337310,2110
21921,2022-01-01,28.0,335120,2116
18531,2022-01-01,2.0,16580,64
22327,2022-01-01,28.0,303680,1900
20922,2022-01-01,35.0,302620,1893
23139,2022-01-01,4.0,288800,1169
22475,2022-01-01,9.0,268790,1263
21731,2022-01-01,14.0,217993,895
19624,2022-01-01,1.0,300,1
21690,2022-01-01,16.0,209355,1321
22908,2022-01-01,2.0,202500,915
22673,2022-01-01,3.0,181490,665
22710,2022-01-01,28.0,175962,848
22448,2022-01-01,2.0,149210,503
21171,2022-01-01,5.0,112879,401
20375,2022-01-01,64.0,60417,271
23394,2022-01-01,1.0,43500,174
20867,2022-01-01,14.0,39280,177
21087,2022-01-01,1.0,32140,119
21949,2022-01-01,3.0,31930,122
1585,2022-01-01,2.0,20875,87
20674,2022-01-01,2.0,20400,106
21943,2022-01-01,2.0,12615,55
21914,2022-01-01,2.0,11840,52
1394,2022-01-01,2.0,11590,62
1593,2022-01-01,2.0,11070,44
22080,2022-01-01,2.0,10931,43
20262,2022-01-01,2.0,10450,55
21887,2022-01-01,2.0,10261,41
21932,2022-01-01,10.0,9760,40
20853,2022-01-01,4.0,9000,60
22179,2022-01-01,2.0,8640,37
21908,2022-01-01,2.0,8445,36
1586,2022-01-01,2.0,7730,29
18618,2022-01-01,2.0,7535,42
1626,2022-01-01,2.0,5140,22
22759,2022-01-01,2.0,4830,38
5511,2022-01-01,1.0,4530,32
502,2022-01-01,1.0,3020,30
1608,2022-01-01,2.0,2945,11
22215,2022-01-01,1.0,2790,23
20270,2022-01-01,3.0,1725,10
20263,2022-01-01,3.0,1710,10
20319,2022-01-01,35.0,980173,4096
20054,2022-01-01,6.0,9710,42
20986,2022-01-01,35.0,570003,2447
21616,2022-01-01,50.0,377940,1794
22630,2022-01-01,28.0,257968,1035
20396,2022-01-01,19.0,162103,728
20747,2022-01-01,14.0,149712,645
22926,2022-01-01,13.0,56940,254
20154,2022-01-01,14.0,43176,184
22791,2022-01-01,1.0,14300,65
23190,2022-01-01,6.0,3430,15
21423,2022-01-01,7.0,2470,11
16189,2022-01-01,52.0,142225,592
11237,2022-01-01,1.0,29850,117
6215,2022-01-01,,29850,117
22707,2023-01-01,22.0,235763,1076
13290,2023-01-01,2.0,460,2
24516,2023-01-01,59.0,23535997,97750
25092,2023-01-01,56.0,19631552,77891
23147,2023-01-01,12.0,139042,598
23589,2023-01-01,11.0,10012935,15553
22239,2023-01-01,10.0,153105,485
26037,2023-01-01,59.0,7731428,30682
24714,2023-01-01,53.0,7668235,31857
21763,2023-01-01,17.0,106733,458
25160,2023-01-01,53.0,7103028,27637
26045,2023-01-01,36.0,6500095,13187
23615,2023-01-01,27.0,6429930,27190
26405,2023-01-01,17.0,5957840,23957
25311,2023-01-01,43.0,5892709,24078
25179,2023-01-01,42.0,5329025,11106
25642,2023-01-01,7.0,4090195,8606
25407,2023-01-01,42.0,3327444,13579
23960,2023-01-01,47.0,3052133,12410
26219,2023-01-01,36.0,2544103,10548
23796,2023-01-01,28.0,2529756,10198
23248,2023-01-01,15.0,56715,252
26381,2023-01-01,17.0,2465643,9937
25736,2023-01-01,42.0,2421497,9876
25351,2023-01-01,28.0,2412650,5211
26026,2023-01-01,35.0,2404910,10228
25638,2023-01-01,40.0,2340275,9510
23216,2023-01-01,6.0,4020,18
25024,2023-01-01,32.0,2261209,9390
25803,2023-01-01,35.0,2252369,9523
25588,2023-01-01,36.0,2202138,9240
25322,2023-01-01,35.0,2188721,9047
23362,2023-01-01,19.0,325630,1372
23383,2023-01-01,26.0,1918039,8064
23214,2023-01-01,23.0,57005,240
26260,2023-01-01,31.0,1850710,7575
23486,2023-01-01,24.0,1814975,7673
25494,2023-01-01,42.0,1748526,6999
26353,2023-01-01,24.0,1717163,6939
26350,2023-01-01,11.0,1676900,3207
23549,2023-01-01,27.0,1590120,2892
23587,2023-01-01,59.0,1578998,7095
24206,2023-01-01,32.0,1529973,6480
25710,2023-01-01,26.0,1106953,4565
24037,2023-01-01,26.0,1065042,4683
23786,2023-01-01,32.0,992165,4188
23856,2023-01-01,19.0,975190,4179
25829,2023-01-01,28.0,917284,3900
23586,2023-01-01,19.0,874170,3698
18516,2023-01-01,3.0,35605,144
23390,2023-01-01,33.0,233347,1000
23547,2023-01-01,32.0,717105,3063
7777,2023-01-01,29.0,110077,492
25425,2023-01-01,37.0,623739,2405
23507,2023-01-01,21.0,598525,2557
23882,2023-01-01,8.0,582900,1241
25212,2023-01-01,37.0,576007,2551
23364,2023-01-01,19.0,116305,526
8031,2023-01-01,26.0,91698,414
23199,2023-01-01,23.0,16750,286
24201,2023-01-01,28.0,453930,1946
16076,2023-01-01,2.0,1000,5
25148,2023-01-01,32.0,349112,1489
26496,2023-01-01,3.0,348279,1420
8074,2023-01-01,23.0,66964,291
23508,2023-01-01,20.0,295198,1315
24639,2023-01-01,2.0,274375,592
19240,2023-01-01,28.0,244364,1001
25242,2023-01-01,22.0,198152,888
24640,2023-01-01,2.0,184200,399
23366,2023-01-01,14.0,164581,676
25268,2023-01-01,2.0,164025,351
24542,2023-01-01,17.0,123098,573
25167,2023-01-01,20.0,113615,504
25361,2023-01-01,21.0,108025,469
25318,2023-01-01,22.0,102090,460
23645,2023-01-01,20.0,90232,409
24842,2023-01-01,19.0,86847,390
24492,2023-01-01,21.0,71688,320
23146,2023-01-01,3.0,2220,9
24312,2023-01-01,13.0,58108,267
23474,2023-01-01,14.0,53524,236
25592,2023-01-01,14.0,51682,220
25535,2023-01-01,13.0,30906,144
26212,2023-01-01,15.0,184362,827
26127,2023-01-01,10.0,77613,357
26208,2023-01-01,14.0,83701,390
23887,2023-01-01,22.0,355169,1642
21265,2023-01-01,2.0,28110,113
18110,2023-01-01,2.0,390,2
22172,2023-01-01,19.0,8030,146
24552,2023-01-01,30.0,504417,2202
25631,2023-01-01,20.0,197382,897
23290,2023-01-01,18.0,161127,745
23511,2023-01-01,25.0,157060,748
23825,2023-01-01,13.0,129075,591
25771,2023-01-01,2.0,78320,347
25284,2023-01-01,21.0,78062,358
24010,2023-01-01,15.0,59486,272
23489,2023-01-01,9.0,33962,158
20204,2023-01-01,2.0,27360,137
26389,2023-01-01,2.0,18710,91
26345,2023-01-01,2.0,14680,73
22270,2023-01-01,19.0,8470,154
26362,2023-01-01,2.0,12240,63
25305,2023-01-01,41.0,332902,1541
24951,2023-01-01,15.0,104654,438
24351,2023-01-01,33.0,2272395,9139
23727,2023-01-01,56.0,1591869,6536
18356,2023-01-01,2.0,1570,7
24638,2023-01-01,25.0,532518,2514
24255,2023-01-01,29.0,513492,2314
25397,2023-01-01,20.0,259344,1192
24883,2023-01-01,17.0,215875,980
23487,2023-01-01,14.0,152548,709
25285,2023-01-01,17.0,126913,556
24927,2023-01-01,16.0,113996,551
25537,2023-01-01,15.0,95126,451
23345,2023-01-01,43.0,87685,448
24107,2023-01-01,14.0,78358,329
23946,2023-01-01,14.0,77430,314
23565,2023-01-01,26.0,466616,2207
25827,2023-01-01,25.0,244591,1013
26481,2023-01-01,10.0,105813,435
24729,2023-01-01,34.0,310709,1377
15271,2023-01-01,1.0,1215,7
21919,2023-01-01,2.0,1660,9
24786,2023-01-01,14.0,52101,213
23721,2023-01-01,20.0,1692718,6778
23888,2023-01-01,47.0,647823,2919
23516,2023-01-01,31.0,393197,1806
25163,2023-01-01,21.0,197492,972
21659,2023-01-01,4.0,660,3
24417,2023-01-01,26.0,973022,3863
24074,2023-01-01,22.0,653753,2622
25862,2023-01-01,16.0,56044,272
25360,2023-01-01,14.0,37200,183
24551,2023-01-01,18.0,636815,2603
18785,2023-01-01,1.0,3520,22
24105,2023-01-01,81.0,918886,4771
24348,2023-01-01,39.0,354810,1613
23221,2023-01-01,14.0,157636,735
26140,2023-01-01,34.0,87389802,345807
18318,2023-01-01,14.0,59635,253
25182,2023-01-01,44.0,1416085,6027
23605,2023-01-01,23.0,372810,1929
23640,2023-01-01,22.0,311050,1508
24061,2023-01-01,14.0,240274,971
25414,2023-01-01,21.0,92932,405
23604,2023-01-01,9.0,28630,139
23630,2023-01-01,7.0,18370,88
22198,2023-01-01,29.0,169593,1013
25359,2023-01-01,16.0,121438,576
25990,2023-01-01,11.0,71604,308
25630,2023-01-01,10.0,20614,92
24311,2023-01-01,77.0,15051397,60472
3142,2023-01-01,28.0,3866313,15680
26441,2023-01-01,10.0,3872713,15692
24733,2023-01-01,30.0,2744233,10843
24915,2023-01-01,31.0,1511090,6204
26126,2023-01-01,43.0,1061471,4437
24833,2023-01-01,28.0,1030698,4192
26022,2023-01-01,23.0,496907,2206
23576,2023-01-01,19.0,458246,1777
26501,2023-01-01,3.0,194022,802
24309,2023-01-01,14.0,102831,428
25777,2023-01-01,4.0,85409,362
24384,2023-01-01,24.0,79108,346
20365,2023-01-01,2.0,1900,9
21974,2023-01-01,2.0,410,2
24350,2023-01-01,27.0,315806,1454
24840,2023-01-01,17.0,227695,1024
26471,2023-01-01,2.0,9020977,35532
24981,2023-01-01,89.0,7949663,32978
23440,2023-01-01,71.0,6205454,26703
23688,2023-01-01,73.0,3681196,16292
21732,2023-01-01,2.0,3445,16
7331,2023-01-01,4.0,45365,190
20716,2023-01-01,2.0,6120,28
18149,2023-01-01,2.0,3940,18
26033,2023-01-01,27.0,2415794,10074
24730,2023-01-01,31.0,2367842,9839
23702,2023-01-01,71.0,1903566,8291
23635,2023-01-01,87.0,1450228,6208
22876,2023-01-01,34.0,215476,959
20565,2023-01-01,3.0,40580,241
20702,2023-01-01,2.0,2905,14
24731,2023-01-01,27.0,805950,3384
23391,2023-01-01,33.0,431362,1733
26077,2023-01-01,30.0,531737,2325
23964,2023-01-01,34.0,529322,2340
20741,2023-01-01,2.0,475,3
25150,2023-01-01,42.0,517213,2481
23927,2023-01-01,42.0,493647,2216
10916,2023-01-01,3.0,3840,18
26234,2023-01-01,37.0,404499,1648
22631,2023-01-01,5.0,18040,76
21801,2023-01-01,2.0,6415,33
23965,2023-01-01,31.0,256711,1083
23623,2023-01-01,6.0,197000,788
23317,2023-01-01,14.0,126382,553
23873,2023-01-01,32.0,191342,838
24595,2023-01-01,15.0,162178,679
23385,2023-01-01,18.0,152339,651
26510,2023-01-01,1.0,145965,300
23679,2023-01-01,5.0,140000,560
23339,2023-01-01,41.0,103859,455
23367,2023-01-01,13.0,81992,358
21812,2023-01-01,1.0,1020,5
23349,2023-01-01,13.0,68526,305
23439,2023-01-01,15.0,70487,320
25984,2023-01-01,21.0,46092,175
26034,2023-01-01,14.0,43595,193
26397,2023-01-01,10.0,11798,49
24916,2023-01-01,9.0,8690,36
24106,2023-01-01,59.0,15740576,65367
15965,2023-01-01,21.0,164258,567
25045,2023-01-01,70.0,7147023,28669
23548,2023-01-01,84.0,5365709,22399
16474,2023-01-01,29.0,247393,891
22525,2023-01-01,77.0,335955,1804
23665,2023-01-01,48.0,1454186,6150
25102,2023-01-01,39.0,1442697,6206
16906,2023-01-01,2.0,1230,8
17878,2023-01-01,3.0,10865,36
16101,2023-01-01,2.0,460,4
24703,2023-01-01,45.0,964442,4314
17916,2023-01-01,1.0,74880,246
22611,2023-01-01,16.0,109524,471
24717,2023-01-01,28.0,408100,1788
23342,2023-01-01,1.0,153800,213
24111,2023-01-01,3.0,363875,627
23320,2023-01-01,18.0,214804,959
15757,2023-01-01,6.0,143320,221
20445,2023-01-01,13.0,235630,448
15653,2023-01-01,7.0,127180,199
24716,2023-01-01,8.0,212600,325
25637,2023-01-01,21.0,186546,836
23207,2023-01-01,8.0,185960,275
23699,2023-01-01,21.0,166765,750
14021,2023-01-01,4.0,16342,56
25080,2023-01-01,7.0,142520,219
25773,2023-01-01,3.0,133740,202
23885,2023-01-01,14.0,91539,401
26265,2023-01-01,2.0,82160,123
24062,2023-01-01,17.0,76834,367
25046,2023-01-01,13.0,72265,333
26277,2023-01-01,2.0,69960,106
24940,2023-01-01,13.0,58103,292
24090,2023-01-01,19.0,54278,273
25188,2023-01-01,12.0,52890,264
25894,2023-01-01,2.0,50960,81
25893,2023-01-01,13.0,46001,204
26216,2023-01-01,12.0,33410,146
26148,2023-01-01,1.0,29260,133
24734,2023-01-01,1.0,24655,107
26361,2023-01-01,2.0,29600,150
23322,2023-01-01,160.0,320072117,930975
21117,2023-01-01,68.0,1108168,3264
24868,2023-01-01,155.0,436604877,1543936
24337,2023-01-01,143.0,355167929,1336923
23924,2023-01-01,160.0,295460684,1171686
23049,2023-01-01,82.0,1588384,8945
23894,2023-01-01,91.0,227143631,849294
24917,2023-01-01,143.0,223605638,714839
24938,2023-01-01,163.0,184069330,710825
24532,2023-01-01,136.0,150572665,577639
22676,2023-01-01,49.0,313615,3663
20810,2023-01-01,16.0,12360,114
24128,2023-01-01,129.0,145357025,552729
24540,2023-01-01,113.0,135385600,512747
26399,2023-01-01,12.0,134225031,489208
23646,2023-01-01,118.0,128296867,483047
25027,2023-01-01,113.0,120816915,455573
21777,2023-01-01,34.0,127830,1041
24499,2023-01-01,136.0,107572653,396587
24784,2023-01-01,165.0,100392930,404525
23736,2023-01-01,140.0,95188533,366815
26066,2023-01-01,54.0,91487752,349622
26269,2023-01-01,27.0,80905064,301326
20828,2023-01-01,79.0,6869853,25008
26218,2023-01-01,46.0,65986984,234785
25279,2023-01-01,95.0,65489599,256396
24998,2023-01-01,109.0,58408460,214130
25278,2023-01-01,78.0,54959680,207867
5887,2023-01-01,115.0,49400294,197181
24787,2023-01-01,120.0,48402769,177853
25460,2023-01-01,94.0,48029806,197045
23393,2023-01-01,77.0,44012812,175571
26210,2023-01-01,38.0,43794020,155500
23564,2023-01-01,43.0,41669072,170208
25524,2023-01-01,67.0,34525987,127546
25090,2023-01-01,101.0,32393156,126532
23772,2023-01-01,77.0,31023318,122651
26090,2023-01-01,35.0,30198563,56504
23590,2023-01-01,38.0,28590845,117237
25428,2023-01-01,54.0,27851392,110907
25408,2023-01-01,73.0,27236143,104850
25536,2023-01-01,57.0,25657399,101214
22373,2023-01-01,12.0,5335,97
24857,2023-01-01,81.0,25069520,100640
23144,2023-01-01,113.0,18942498,79294
25816,2023-01-01,70.0,19322417,66369
26318,2023-01-01,4.0,18879208,74077
616,2023-01-01,85.0,18688919,75880
22355,2023-01-01,32.0,52487,746
24064,2023-01-01,71.0,17050768,68641
22663,2023-01-01,59.0,705076,3415
25709,2023-01-01,59.0,14292313,55354
23647,2023-01-01,1.0,12956725,48717
21837,2023-01-01,12.0,7630,70
25892,2023-01-01,63.0,12069809,47624
25060,2023-01-01,92.0,11835385,47540
24097,2023-01-01,96.0,11746811,48868
23399,2023-01-01,109.0,11308817,48123
23889,2023-01-01,98.0,10924378,44358
23614,2023-01-01,94.0,10699271,43096
24286,2023-01-01,41.0,10392161,43948
25186,2023-01-01,46.0,10233773,42228
25429,2023-01-01,78.0,10128199,41637
21582,2023-01-01,11.0,33765,135
25933,2023-01-01,35.0,9871026,41658
24866,2023-01-01,109.0,9690917,39364
23517,2023-01-01,101.0,9657911,36725
23641,2023-01-01,14.0,9588418,26190
24414,2023-01-01,35.0,9363119,39945
23155,2023-01-01,54.0,207931,2026
23855,2023-01-01,96.0,8921710,37854
24416,2023-01-01,56.0,8808222,35439
25061,2023-01-01,49.0,8697784,36142
25044,2023-01-01,73.0,8309019,33046
16636,2023-01-01,12.0,578250,1646
7858,2023-01-01,1.0,17215,73
23959,2023-01-01,91.0,7452689,30665
16091,2023-01-01,12.0,743303,2093
23153,2023-01-01,43.0,124579,1093
23014,2023-01-01,57.0,7000018,29155
23138,2023-01-01,54.0,361857,2264
23629,2023-01-01,69.0,6712193,28225
26241,2023-01-01,32.0,6457287,26636
23794,2023-01-01,61.0,6000513,24793
23705,2023-01-01,67.0,5516345,22170
22530,2023-01-01,25.0,59512,648
24782,2023-01-01,65.0,5205615,21598
26278,2023-01-01,29.0,5018429,21573
18430,2023-01-01,2.0,525,4
24493,2023-01-01,72.0,4710727,19087
22195,2023-01-01,12.0,7267,63
26075,2023-01-01,42.0,4446212,18139
22652,2023-01-01,19.0,8745,159
22924,2023-01-01,55.0,127305,1102
25493,2023-01-01,72.0,3879335,16001
23321,2023-01-01,62.0,2367237,10778
22476,2023-01-01,20.0,22800,307
24597,2023-01-01,52.0,3734103,15065
22242,2023-01-01,12.0,4340,37
23588,2023-01-01,49.0,3435888,14476
23400,2023-01-01,79.0,3405866,14134
26513,2023-01-01,3.0,3278636,12703
23426,2023-01-01,31.0,3218465,13758
24496,2023-01-01,35.0,3201144,13361
22649,2023-01-01,70.0,3025647,13017
26229,2023-01-01,38.0,2728956,11358
26305,2023-01-01,25.0,2679846,10975
23613,2023-01-01,56.0,2571002,11420
24189,2023-01-01,28.0,2367420,10432
25800,2023-01-01,27.0,2328879,9483
24467,2023-01-01,52.0,2287853,10103
23711,2023-01-01,22.0,2201229,9735
26450,2023-01-01,8.0,2086473,3950
24870,2023-01-01,21.0,1786263,7104
23536,2023-01-01,63.0,1781034,7438
24970,2023-01-01,20.0,1694840,7036
25393,2023-01-01,24.0,1675820,7436
24046,2023-01-01,37.0,1653627,6186
25141,2023-01-01,42.0,1518954,6162
23651,2023-01-01,20.0,1483770,6009
23084,2023-01-01,20.0,9845,179
25211,2023-01-01,41.0,1321079,4948
26192,2023-01-01,34.0,1157213,4780
22709,2023-01-01,53.0,1034087,4998
24637,2023-01-01,27.0,1018738,4475
25985,2023-01-01,27.0,983747,4304
26267,2023-01-01,27.0,946303,4134
25349,2023-01-01,42.0,895691,3700
24252,2023-01-01,23.0,848374,3529
6252,2023-01-01,3.0,83555,364
25340,2023-01-01,35.0,770320,3187
23311,2023-01-01,75.0,357960,2040
26339,2023-01-01,10.0,673228,2944
23284,2023-01-01,42.0,667279,2871
23771,2023-01-01,18.0,515189,2162
23752,2023-01-01,28.0,511363,2236
24259,2023-01-01,73.0,442112,2370
23687,2023-01-01,26.0,421806,1890
26038,2023-01-01,29.0,412375,1795
23861,2023-01-01,29.0,387720,1827
23661,2023-01-01,20.0,309112,1307
22678,2023-01-01,21.0,298261,1350
23947,2023-01-01,27.0,294758,1317
9159,2023-01-01,21.0,121888,521
24034,2023-01-01,24.0,230224,933
25321,2023-01-01,58.0,226218,1505
25178,2023-01-01,28.0,224694,913
24662,2023-01-01,20.0,220551,954
23713,2023-01-01,24.0,210402,856
23787,2023-01-01,23.0,179200,750
25772,2023-01-01,24.0,142656,645
23839,2023-01-01,7.0,139400,210
23234,2023-01-01,9.0,139030,208
25993,2023-01-01,19.0,130633,541
23437,2023-01-01,14.0,129485,619
23572,2023-01-01,1.0,127675,272
23415,2023-01-01,13.0,121219,528
26213,2023-01-01,15.0,118765,453
23797,2023-01-01,8.0,87880,139
25729,2023-01-01,20.0,87160,360
8985,2023-01-01,3.0,39600,197
24881,2023-01-01,15.0,75576,354
25086,2023-01-01,17.0,73302,307
24841,2023-01-01,14.0,70826,340
25801,2023-01-01,22.0,69172,288
25187,2023-01-01,15.0,65903,285
26324,2023-01-01,16.0,61721,263
24661,2023-01-01,18.0,60951,262
20138,2023-01-01,19.0,59661,269
25070,2023-01-01,9.0,51774,238
23892,2023-01-01,14.0,47981,205
24377,2023-01-01,14.0,47782,219
23652,2023-01-01,15.0,46019,204
21035,2023-01-01,11.0,2680,22
25175,2023-01-01,1.0,37210,131
21038,2023-01-01,13.0,2640,21
21040,2023-01-01,12.0,3720,33
21039,2023-01-01,10.0,1675,20
21041,2023-01-01,11.0,2280,20
21036,2023-01-01,11.0,2360,21
23288,2023-01-01,16.0,5240,46
21037,2023-01-01,11.0,1440,13
23287,2023-01-01,19.0,2595,30
24256,2023-01-01,14.0,78315,367
1691,2023-01-01,5.0,28385,114
25040,2023-01-01,67.0,2676029,12081
24880,2023-01-01,38.0,2197414,9523
23704,2023-01-01,64.0,2156432,9284
25344,2023-01-01,37.0,1131494,4723
23838,2023-01-01,31.0,747802,3562
23462,2023-01-01,25.0,281075,1378
22524,2023-01-01,33.0,85188,712
18826,2023-01-01,3.0,2770,15
20457,2023-01-01,8.0,1700,7
24253,2023-01-01,17.0,148229,681
25343,2023-01-01,4.0,36870,189
24490,2023-01-01,3.0,28770,172
15103,2023-01-01,2.0,36930,154
26257,2023-01-01,4.0,3049079,12027
6210,2023-01-01,2.0,53560,227
23376,2023-01-01,49.0,996449,4281
21995,2023-01-01,22.0,27264,176
2813,2023-01-01,4.0,1290,6
24073,2023-01-01,25.0,882812,3814
25764,2023-01-01,43.0,820718,3525
23859,2023-01-01,37.0,804070,3390
2815,2023-01-01,2.0,280,1
2814,2023-01-01,3.0,1186,6
24284,2023-01-01,83.0,667730,3495
5183,2023-01-01,1.0,37900,161
17412,2023-01-01,2.0,870,4
23550,2023-01-01,24.0,604006,2529
20943,2023-01-01,1.0,3845,20
24095,2023-01-01,70.0,466353,2162
23837,2023-01-01,32.0,409399,1898
23712,2023-01-01,25.0,359700,1225
25828,2023-01-01,14.0,357516,1544
23375,2023-01-01,25.0,265791,1211
7310,2023-01-01,1.0,4470,19
24117,2023-01-01,51.0,342246,1774
23933,2023-01-01,25.0,330024,1569
25413,2023-01-01,26.0,319322,1476
15218,2023-01-01,3.0,4917,16
24522,2023-01-01,30.0,305589,1363
25461,2023-01-01,28.0,263531,1251
23827,2023-01-01,22.0,237766,1036
2224,2023-01-01,3.0,16960,78
23420,2023-01-01,21.0,229361,1010
25042,2023-01-01,24.0,224071,983
23945,2023-01-01,33.0,219153,1009
23872,2023-01-01,28.0,213948,944
26368,2023-01-01,17.0,202104,736
23666,2023-01-01,27.0,194642,910
25352,2023-01-01,26.0,189363,920
23857,2023-01-01,15.0,184785,834
24063,2023-01-01,31.0,183432,842
23546,2023-01-01,17.0,175261,831
23660,2023-01-01,22.0,168533,766
23265,2023-01-01,36.0,25230,249
26247,2023-01-01,14.0,156968,686
24573,2023-01-01,22.0,152161,716
25423,2023-01-01,22.0,145742,667
23792,2023-01-01,20.0,137147,660
23493,2023-01-01,19.0,129555,601
26382,2023-01-01,3.0,122779,529
22715,2023-01-01,16.0,113556,530
25983,2023-01-01,4.0,113468,488
20963,2023-01-01,2.0,590,3
25323,2023-01-01,17.0,105429,496
22740,2023-01-01,42.0,36199,550
25745,2023-01-01,10.0,100740,476
25118,2023-01-01,17.0,99248,415
23904,2023-01-01,18.0,97009,472
23785,2023-01-01,19.0,96847,469
26266,2023-01-01,10.0,92555,420
24313,2023-01-01,22.0,91035,447
23392,2023-01-01,8.0,81703,350
23932,2023-01-01,14.0,81517,379
24072,2023-01-01,12.0,78577,364
23285,2023-01-01,19.0,68284,281
24871,2023-01-01,10.0,50124,218
25246,2023-01-01,20.0,49536,230
4395,2023-01-01,4.0,47990,237
7634,2023-01-01,4.0,42300,207
25763,2023-01-01,18.0,39890,186
7635,2023-01-01,4.0,37780,189
24032,2023-01-01,3.0,33520,165
24488,2023-01-01,3.0,32620,188
25342,2023-01-01,3.0,28350,142
19736,2023-01-01,2.0,27340,160
24485,2023-01-01,2.0,26420,159
24484,2023-01-01,2.0,26300,140
24486,2023-01-01,2.0,25380,150
26367,2023-01-01,3.0,18920,96
24483,2023-01-01,2.0,18360,108
23897,2023-01-01,9.0,15800,84
23957,2023-01-01,2.0,7630,38
18751,2023-01-01,5.0,1460,7
18814,2023-01-01,2.0,1120,5
18815,2023-01-01,2.0,930,4
18848,2023-01-01,2.0,480,2
25591,2023-01-01,25.0,248866,1097
23858,2023-01-01,35.0,2271013,8996
24498,2023-01-01,21.0,704338,2833
25130,2023-01-01,21.0,356760,1575
23754,2023-01-01,23.0,315513,1527
26214,2023-01-01,24.0,277728,1218
23198,2023-01-01,14.0,44448,203
16868,2023-01-01,4.0,10176,35
26092,2023-01-01,17.0,101777,478
25101,2023-01-01,14.0,92552,380
26349,2023-01-01,17.0,92290,613
24213,2023-01-01,18.0,72528,330
24051,2023-01-01,20.0,68867,304
24859,2023-01-01,12.0,58069,286
23560,2023-01-01,14.0,48333,213
23188,2023-01-01,52.0,124456,1373
23828,2023-01-01,30.0,335456,1418
24494,2023-01-01,25.0,233822,1107
20903,2023-01-01,7.0,2340,13
26150,2023-01-01,32.0,8783295,35591
23338,2023-01-01,41.0,2671631,10942
24260,2023-01-01,40.0,2200671,9031
24867,2023-01-01,30.0,286660,1296
20728,2023-01-01,4.0,1920,9
21021,2023-01-01,4.0,1330,6
20804,2023-01-01,4.0,1340,6
20758,2023-01-01,4.0,950,4
21032,2023-01-01,3.0,670,3
23354,2023-01-01,20.0,174409,848
25177,2023-01-01,17.0,155183,729
24497,2023-01-01,21.0,153413,711
24515,2023-01-01,21.0,98120,464
24045,2023-01-01,18.0,97454,447
23488,2023-01-01,50.0,260774,1752
20740,2023-01-01,2.0,81600,390
23566,2023-01-01,45.0,933195,4293
24138,2023-01-01,45.0,896000,3924
25168,2023-01-01,33.0,215092,1005
23963,2023-01-01,53.0,166248,980
24349,2023-01-01,23.0,128132,565
23213,2023-01-01,5.0,97840,468
24474,2023-01-01,2.0,27560,162
26377,2023-01-01,10.0,16125,72
23352,2023-01-01,16.0,92365,434
24491,2023-01-01,3.0,41020,239
23463,2023-01-01,359.0,455688450,1792431
23742,2023-01-01,203.0,252513286,967571
24529,2023-01-01,147.0,183723188,717580
25730,2023-01-01,87.0,180187978,692570
21991,2023-01-01,1.0,162330,391
21383,2023-01-01,5.0,6380,116
23662,2023-01-01,64.0,66576885,264961
24939,2023-01-01,124.0,52922781,212075
24925,2023-01-01,91.0,42284847,175629
22751,2023-01-01,12.0,249097,973
23956,2023-01-01,111.0,24273333,96407
13730,2023-01-01,3.0,75860,334
23197,2023-01-01,52.0,2009704,7938
20610,2023-01-01,2.0,48160,198
24544,2023-01-01,130.0,16179333,62865
21718,2023-01-01,110.0,60655,233
23537,2023-01-01,81.0,15052564,62938
23365,2023-01-01,62.0,7072277,27373
23836,2023-01-01,98.0,14283171,57005
16264,2023-01-01,2.0,5335,25
23148,2023-01-01,45.0,806096,3256
22194,2023-01-01,12.0,9440,79
24969,2023-01-01,57.0,9819440,33840
16420,2023-01-01,1.0,19640,83
23473,2023-01-01,68.0,9480164,26587
14011,2023-01-01,2.0,288544,1409
14811,2023-01-01,1.0,6820,31
22878,2023-01-01,33.0,117844,391
26383,2023-01-01,17.0,7584023,26139
22962,2023-01-01,8.0,17779,75
22380,2023-01-01,12.0,15502,238
24431,2023-01-01,48.0,6057416,22149
25895,2023-01-01,18.0,5882489,22576
23783,2023-01-01,56.0,4798895,19470
23353,2023-01-01,234.0,4769583,19134
25400,2023-01-01,86.0,4577705,16847
26122,2023-01-01,51.0,3941026,15445
24914,2023-01-01,62.0,3874984,15581
23115,2023-01-01,34.0,1162887,4147
25350,2023-01-01,83.0,3634514,13643
24087,2023-01-01,71.0,3436014,13216
25776,2023-01-01,41.0,3401708,13792
24781,2023-01-01,34.0,3126265,12002
23638,2023-01-01,42.0,2878719,11514
23948,2023-01-01,51.0,2757677,10975
23637,2023-01-01,42.0,2725083,10871
8693,2023-01-01,23.0,161957,672
18297,2023-01-01,1.0,11100,51
24118,2023-01-01,113.0,2277406,9164
24575,2023-01-01,54.0,2254493,8632
25324,2023-01-01,42.0,2207010,8875
26242,2023-01-01,25.0,2009659,7998
24335,2023-01-01,64.0,1969703,6803
17242,2023-01-01,1.0,14000,80
23923,2023-01-01,46.0,1920757,7028
25398,2023-01-01,43.0,1902501,7707
25105,2023-01-01,27.0,1824350,7501
25341,2023-01-01,28.0,1775419,4688
25304,2023-01-01,36.0,1708254,4498
23363,2023-01-01,45.0,1373000,5649
24096,2023-01-01,35.0,1645554,5955
25815,2023-01-01,35.0,1611196,6521
25029,2023-01-01,40.0,1608220,6540
21941,2023-01-01,2.0,53550,223
23935,2023-01-01,32.0,1444853,6125
21790,2023-01-01,1.0,1150,4
23249,2023-01-01,15.0,117892,488
25934,2023-01-01,29.0,1289218,5014
24308,2023-01-01,48.0,1265709,5258
23663,2023-01-01,52.0,1263047,5270
23962,2023-01-01,28.0,1244191,4987
25412,2023-01-01,58.0,1220773,5125
22408,2023-01-01,1.0,1150,4
18319,2023-01-01,22.0,74910,309
22167,2023-01-01,1.0,1150,4
24372,2023-01-01,43.0,1081911,4505
24317,2023-01-01,41.0,1029700,4498
24033,2023-01-01,27.0,1016017,4501
19242,2023-01-01,1.0,6820,31
22511,2023-01-01,2.0,575,3
25117,2023-01-01,24.0,848428,3698
23384,2023-01-01,24.0,513765,2124
25245,2023-01-01,31.0,789188,3171
25267,2023-01-01,28.0,748402,3205
23341,2023-01-01,36.0,702568,3193
20374,2023-01-01,22.0,82080,340
25761,2023-01-01,21.0,660352,2687
24089,2023-01-01,29.0,658101,2597
25072,2023-01-01,25.0,654363,2788
24835,2023-01-01,33.0,652290,2914
23401,2023-01-01,32.0,382620,1602
24715,2023-01-01,21.0,608772,2480
26313,2023-01-01,10.0,602588,2586
21992,2023-01-01,3.0,599405,1751
26454,2023-01-01,10.0,594479,2440
20047,2023-01-01,1.0,9600,48
26478,2023-01-01,6.0,563229,2400
24341,2023-01-01,29.0,561503,2421
24212,2023-01-01,19.0,543802,2333
26253,2023-01-01,21.0,536607,2089
24913,2023-01-01,37.0,519200,2267
25320,2023-01-01,77.0,491000,2179
21929,2023-01-01,14.0,10274,87
23041,2023-01-01,10.0,62720,294
23040,2023-01-01,11.0,49670,237
24112,2023-01-01,63.0,451060,2196
24789,2023-01-01,14.0,440076,1814
18705,2023-01-01,14.0,93480,410
25039,2023-01-01,46.0,434759,1949
8749,2023-01-01,14.0,33800,145
22801,2023-01-01,1.0,1840,8
26227,2023-01-01,24.0,416240,1796
24050,2023-01-01,19.0,407801,1728
26226,2023-01-01,24.0,401824,1734
24086,2023-01-01,37.0,398633,1651
23224,2023-01-01,27.0,388633,1831
23438,2023-01-01,42.0,384313,1709
23603,2023-01-01,49.0,380622,1710
8878,2023-01-01,4.0,17280,76
24468,2023-01-01,21.0,370832,1557
23700,2023-01-01,25.0,369397,1543
25079,2023-01-01,24.0,368106,1481
25106,2023-01-01,18.0,365601,1434
18637,2023-01-01,1.0,6820,31
26139,2023-01-01,12.0,308660,1238
26279,2023-01-01,31.0,296445,1304
8747,2023-01-01,4.0,17210,77
25317,2023-01-01,19.0,292278,1332
24972,2023-01-01,14.0,275068,1080
8873,2023-01-01,4.0,10680,47
26398,2023-01-01,10.0,264166,1113
24954,2023-01-01,23.0,256868,1148
25078,2023-01-01,14.0,251921,983
25632,2023-01-01,28.0,251270,1111
23416,2023-01-01,31.0,194612,867
23192,2023-01-01,8.0,39465,167
25131,2023-01-01,22.0,247388,1141
25059,2023-01-01,28.0,247115,1118
25023,2023-01-01,14.0,235727,899
26515,2023-01-01,1.0,226500,379
23826,2023-01-01,24.0,220194,988
25043,2023-01-01,13.0,218546,859
24728,2023-01-01,15.0,216424,976
25129,2023-01-01,26.0,214263,958
23492,2023-01-01,21.0,213260,865
25127,2023-01-01,21.0,193946,780
25062,2023-01-01,14.0,186834,850
25071,2023-01-01,23.0,180715,812
23114,2023-01-01,2.0,61530,114
24753,2023-01-01,35.0,175752,806
23264,2023-01-01,10.0,31935,146
24109,2023-01-01,23.0,171322,784
25011,2023-01-01,14.0,169777,681
24876,2023-01-01,19.0,168001,699
25041,2023-01-01,14.0,164302,727
23145,2023-01-01,17.0,155288,641
25243,2023-01-01,17.0,154119,652
23222,2023-01-01,22.0,110687,523
24514,2023-01-01,17.0,137482,637
25313,2023-01-01,19.0,136309,594
25241,2023-01-01,19.0,135554,548
23554,2023-01-01,15.0,132042,631
23602,2023-01-01,2.0,120380,208
24834,2023-01-01,14.0,115551,514
5513,2023-01-01,3.0,42120,239
23312,2023-01-01,14.0,111808,489
23235,2023-01-01,13.0,95579,441
24060,2023-01-01,16.0,93734,427
23262,2023-01-01,12.0,20700,106
24992,2023-01-01,9.0,86835,413
25176,2023-01-01,14.0,82592,344
23123,2023-01-01,8.0,78610,366
24108,2023-01-01,20.0,70347,304
24993,2023-01-01,7.0,66860,324
23639,2023-01-01,18.0,63966,308
24994,2023-01-01,11.0,62745,300
23121,2023-01-01,14.0,59851,255
25099,2023-01-01,6.0,54400,270
26193,2023-01-01,14.0,54292,220
24432,2023-01-01,12.0,51950,232
24418,2023-01-01,16.0,51831,237
26360,2023-01-01,3.0,48040,239
26359,2023-01-01,3.0,46440,231
24991,2023-01-01,5.0,45650,226
25100,2023-01-01,7.0,45595,225
14475,2023-01-01,3.0,41730,240
24755,2023-01-01,13.0,38610,165
26492,2023-01-01,1.0,38600,65
26545,2023-01-01,1.0,38300,64
26364,2023-01-01,3.0,36080,180
24200,2023-01-01,17.0,35883,166
26365,2023-01-01,3.0,35280,172
25244,2023-01-01,3.0,35000,68
24996,2023-01-01,3.0,31960,159
24995,2023-01-01,3.0,31300,154
26363,2023-01-01,3.0,29760,147
23784,2023-01-01,14.0,28852,125
24310,2023-01-01,13.0,28366,126
24480,2023-01-01,2.0,28160,160
24479,2023-01-01,2.0,27460,160
24482,2023-01-01,2.0,27410,156
24481,2023-01-01,2.0,27340,158
26366,2023-01-01,3.0,26000,127
24478,2023-01-01,2.0,23940,137
24477,2023-01-01,2.0,19980,119
26352,2023-01-01,10.0,16318,80
24999,2023-01-01,7.0,7536,34
24754,2023-01-01,1.0,6820,31
24094,2023-01-01,33.0,305966,1423
24088,2023-01-01,16.0,73260,348
23193,2023-01-01,26.0,227262,1007
18107,2023-01-01,2.0,3470,17
26121,2023-01-01,14.0,44447,218
23535,2023-01-01,172.0,363843645,1474856
23355,2023-01-01,95.0,105751942,427787
25104,2023-01-01,115.0,80854432,325936
24818,2023-01-01,125.0,70644893,286867
25590,2023-01-01,87.0,46646342,184472
25306,2023-01-01,83.0,41981342,166250
22531,2023-01-01,60.0,2379914,10774
23843,2023-01-01,126.0,39566545,169123
25116,2023-01-01,84.0,39064451,158410
23409,2023-01-01,80.0,38852363,166144
24035,2023-01-01,80.0,36238319,147587
24066,2023-01-01,111.0,32416747,129740
25994,2023-01-01,63.0,26035569,104690
23506,2023-01-01,87.0,24082922,102185
25586,2023-01-01,71.0,18574182,74828
24014,2023-01-01,98.0,17328145,73320
24663,2023-01-01,96.0,16857980,68743
14895,2023-01-01,94.0,16514987,66381
22671,2023-01-01,29.0,41594,545
22659,2023-01-01,46.0,40593,548
23671,2023-01-01,123.0,15465978,68609
23408,2023-01-01,59.0,14272252,59947
25063,2023-01-01,55.0,13578533,56142
21785,2023-01-01,34.0,49524,325
25149,2023-01-01,74.0,13382251,55296
23419,2023-01-01,117.0,13204559,58152
23926,2023-01-01,51.0,12567621,53488
16901,2023-01-01,11.0,43201,194
25422,2023-01-01,26.0,11060980,44992
20921,2023-01-01,1.0,7220,33
25222,2023-01-01,85.0,8686644,35721
23394,2023-01-01,47.0,7905840,32831
26076,2023-01-01,29.0,7875245,33247
22082,2023-01-01,19.0,12225,175
24370,2023-01-01,89.0,6585723,28039
25335,2023-01-01,80.0,6050062,25392
21165,2023-01-01,34.0,502762,2100
20817,2023-01-01,5.0,7470,31
22268,2023-01-01,14.0,8970,74
21119,2023-01-01,34.0,72960,605
23831,2023-01-01,43.0,3264579,14081
23961,2023-01-01,59.0,2832792,11622
24054,2023-01-01,84.0,2824196,11909
23795,2023-01-01,59.0,2754388,13122
24023,2023-01-01,73.0,2693257,11832
25818,2023-01-01,43.0,1923931,8513
23729,2023-01-01,69.0,1892752,8183
18550,2023-01-01,31.0,1789668,7969
20176,2023-01-01,1.0,13200,60
24239,2023-01-01,44.0,1733633,6948
15447,2023-01-01,58.0,1713104,7520
20052,2023-01-01,1.0,17160,78
21174,2023-01-01,1.0,6000,30
21825,2023-01-01,14.0,5640,48
25334,2023-01-01,62.0,1309263,5799
23139,2023-01-01,38.0,860527,3698
25728,2023-01-01,43.0,1144779,4707
24009,2023-01-01,37.0,1081289,4746
18424,2023-01-01,16.0,30561,193
24053,2023-01-01,24.0,958177,4312
22673,2023-01-01,38.0,631274,2783
25103,2023-01-01,45.0,803515,3816
23611,2023-01-01,35.0,699601,2890
24257,2023-01-01,21.0,668222,2854
26220,2023-01-01,5.0,656720,2804
25312,2023-01-01,18.0,546226,2379
21373,2023-01-01,18.0,442300,1939
21200,2023-01-01,8.0,74985,330
23835,2023-01-01,14.0,422880,1852
25897,2023-01-01,17.0,413650,1879
24036,2023-01-01,25.0,399180,2699
24012,2023-01-01,23.0,359215,2448
24011,2023-01-01,25.0,351720,2399
22475,2023-01-01,4.0,79540,327
24013,2023-01-01,22.0,343195,2348
24044,2023-01-01,25.0,342820,2344
24059,2023-01-01,26.0,337620,2119
21839,2023-01-01,23.0,335766,1499
21690,2023-01-01,81.0,31270,196
22710,2023-01-01,1.0,32560,140
13900,2023-01-01,10.0,132740,573
21171,2023-01-01,2.0,10220,40
25737,2023-01-01,15.0,119020,541
24214,2023-01-01,2.0,78430,341
23934,2023-01-01,2.0,64900,295
25587,2023-01-01,2.0,37600,140
24752,2023-01-01,1.0,30000,129
12236,2023-01-01,1.0,2340,11
15876,2023-01-01,1.0,19800,90
22615,2023-01-01,2.0,14145,96
22613,2023-01-01,2.0,13350,90
22687,2023-01-01,2.0,10875,74
22614,2023-01-01,2.0,9385,64
26511,2023-01-01,2.0,5645,28
12575,2023-01-01,1.0,2150,10
20319,2023-01-01,2.0,4104,14
24277,2023-01-01,29.0,839385,3515
23465,2023-01-01,44.0,416781,1798
25213,2023-01-01,21.0,173425,642
25415,2023-01-01,23.0,164691,684
24240,2023-01-01,4.0,156730,691
26428,2023-01-01,17.0,139758,606
24221,2023-01-01,40.0,138288,850
24132,2023-01-01,9.0,10100,44
16189,2023-01-01,1.0,920,7
11237,2023-01-01,1.0,37420,146
16612,2023-01-01,2.0,38920,162
23886,2023-01-01,48.0,252068,1455
26314,2023-01-01,3.0,101716,454
29157,2024-01-01,15.0,150663,730
26856,2024-01-01,122.0,112241985,430468
19169,2024-01-01,8.0,1530,7
27237,2024-01-01,63.0,40263276,158538
28309,2024-01-01,40.0,33420810,53874
28784,2024-01-01,77.0,28451179,109512
27809,2024-01-01,104.0,16869399,68083
28112,2024-01-01,12.0,16542684,27032
28010,2024-01-01,48.0,12439948,49589
28349,2024-01-01,50.0,11942363,47924
28533,2024-01-01,8.0,8441235,15784
28477,2024-01-01,28.0,8413333,17967
26037,2024-01-01,9.0,6106,25
27053,2024-01-01,42.0,7408853,29806
26405,2024-01-01,53.0,778622,3150
28164,2024-01-01,43.0,6383731,25206
25179,2024-01-01,10.0,551970,1072
26696,2024-01-01,44.0,5505827,22391
20981,2024-01-01,7.0,2057425,3443
28929,2024-01-01,49.0,5012564,20987
27048,2024-01-01,16.0,3716680,6487
28479,2024-01-01,27.0,3529376,13696
27722,2024-01-01,21.0,3281820,13630
29439,2024-01-01,26.0,2931230,11094
29715,2024-01-01,5.0,2930490,6011
27606,2024-01-01,42.0,2765555,11207
27933,2024-01-01,28.0,2754000,11252
29406,2024-01-01,40.0,2734786,5891
26381,2024-01-01,25.0,170805,666
23796,2024-01-01,5.0,640,3
27222,2024-01-01,35.0,2514659,10124
29470,2024-01-01,28.0,2484470,10121
26661,2024-01-01,36.0,2432513,9933
25736,2024-01-01,3.0,985,5
29501,2024-01-01,30.0,2345325,4856
27236,2024-01-01,6.0,2283245,3853
29553,2024-01-01,15.0,2279574,4170
25588,2024-01-01,21.0,15840,88
29630,2024-01-01,19.0,2009629,8009
26562,2024-01-01,36.0,1942902,7943
28880,2024-01-01,3.0,1893170,3566
26260,2024-01-01,6.0,5015,20
29608,2024-01-01,6.0,1769870,2895
26353,2024-01-01,18.0,13535,56
14880,2024-01-01,1.0,0,0
24206,2024-01-01,5.0,10665,49
29235,2024-01-01,49.0,1509140,6016
19640,2024-01-01,1.0,560,2
27534,2024-01-01,41.0,1473829,5851
26786,2024-01-01,27.0,1467522,3077
28506,2024-01-01,19.0,1445399,5669
27876,2024-01-01,22.0,1302026,5486
26596,2024-01-01,27.0,1282539,5005
26776,2024-01-01,29.0,980493,4071
28918,2024-01-01,5.0,894535,1523
28490,2024-01-01,21.0,866719,3549
28047,2024-01-01,23.0,830905,3344
29099,2024-01-01,26.0,820847,3355
26950,2024-01-01,21.0,814643,3400
28384,2024-01-01,24.0,811860,1596
28638,2024-01-01,27.0,658671,2600
26496,2024-01-01,40.0,309775,1313
29007,2024-01-01,33.0,642920,2746
29249,2024-01-01,29.0,539463,2218
28760,2024-01-01,12.0,529989,2121
28475,2024-01-01,29.0,511992,2267
28086,2024-01-01,21.0,493071,2041
27417,2024-01-01,22.0,401982,1814
28271,2024-01-01,27.0,381382,1469
19243,2024-01-01,2.0,1540,9
26911,2024-01-01,19.0,257728,1037
28270,2024-01-01,27.0,192267,762
26509,2024-01-01,21.0,171443,670
26806,2024-01-01,30.0,165814,720
27763,2024-01-01,21.0,160649,716
29371,2024-01-01,18.0,118614,525
29656,2024-01-01,5.0,45715,94
26618,2024-01-01,15.0,27480,127
29085,2024-01-01,17.0,92664,385
27070,2024-01-01,28.0,5098398,21493
26127,2024-01-01,7.0,20355,91
25771,2024-01-01,154.0,10144183,41101
28000,2024-01-01,35.0,1123759,4640
18110,2024-01-01,4.0,1700,7
26705,2024-01-01,64.0,557794,2664
27821,2024-01-01,61.0,542487,2687
27833,2024-01-01,32.0,471261,2010
25861,2024-01-01,42.0,388043,1759
26477,2024-01-01,66.0,364893,1714
26571,2024-01-01,36.0,347769,1524
28526,2024-01-01,27.0,347519,1460
25631,2024-01-01,15.0,9260,74
23290,2024-01-01,4.0,0,0
26307,2024-01-01,23.0,121400,509
17414,2024-01-01,1.0,0,0
26427,2024-01-01,16.0,58269,273
27553,2024-01-01,1.0,13800,80
26956,2024-01-01,20.0,113817,527
28987,2024-01-01,14.0,85801,341
27552,2024-01-01,3.0,35290,215
27554,2024-01-01,2.0,27670,160
28456,2024-01-01,25.0,251719,1134
27233,2024-01-01,24.0,153850,701
29617,2024-01-01,3.0,28260,139
24351,2024-01-01,5.0,1410,5
26917,2024-01-01,51.0,577932,2797
24638,2024-01-01,1.0,570,3
27360,2024-01-01,37.0,451113,2023
27229,2024-01-01,40.0,392099,1799
28179,2024-01-01,29.0,370868,1732
27511,2024-01-01,42.0,308241,1466
28212,2024-01-01,28.0,306719,1386
26619,2024-01-01,24.0,304485,1418
25397,2024-01-01,1.0,18480,77
26730,2024-01-01,17.0,132700,575
26873,2024-01-01,21.0,98810,429
27548,2024-01-01,3.0,34030,203
26756,2024-01-01,28.0,583323,2390
26481,2024-01-01,18.0,9894,41
28674,2024-01-01,4.0,34930,176
28158,2024-01-01,38.0,177672,827
28302,2024-01-01,56.0,2637841,10929
28219,2024-01-01,96.0,2224643,9386
27047,2024-01-01,57.0,1181873,5444
23721,2024-01-01,4.0,0,0
23888,2024-01-01,1.0,11135,47
29155,2024-01-01,5.0,102280,462
29084,2024-01-01,15.0,37756,160
26803,2024-01-01,14.0,97336,440
27549,2024-01-01,3.0,16420,109
28829,2024-01-01,17.0,88603,383
28461,2024-01-01,50.0,10601784,41635
26817,2024-01-01,34.0,7582114,29905
27768,2024-01-01,44.0,7092408,28694
27030,2024-01-01,37.0,6773424,26925
27836,2024-01-01,43.0,5008699,20277
29718,2024-01-01,5.0,2538547,10147
29086,2024-01-01,14.0,215586,856
27989,2024-01-01,1.0,20230,106
25081,2024-01-01,1.0,22205,117
29011,2024-01-01,38.0,615969,2819
26140,2024-01-01,80.0,13824056,54437
25182,2024-01-01,42.0,109785,953
25990,2024-01-01,24.0,44140,214
26543,2024-01-01,109.0,24867620,96334
27654,2024-01-01,134.0,15423337,62345
29096,2024-01-01,62.0,13334188,51803
28569,2024-01-01,42.0,5793281,22585
28280,2024-01-01,64.0,5312751,20181
27521,2024-01-01,38.0,5279949,21162
26441,2024-01-01,32.0,1206477,5084
20265,2024-01-01,1.0,19800,90
27372,2024-01-01,35.0,2713192,10962
26990,2024-01-01,28.0,2681889,10431
28279,2024-01-01,30.0,2078675,8099
27784,2024-01-01,19.0,1662576,6638
29717,2024-01-01,5.0,1565411,6351
29428,2024-01-01,37.0,1563157,6016
26631,2024-01-01,64.0,1444516,6068
28301,2024-01-01,64.0,1240051,5044
28647,2024-01-01,28.0,1064248,4287
26647,2024-01-01,26.0,995634,4055
29610,2024-01-01,19.0,967784,3960
28269,2024-01-01,20.0,948310,3746
27736,2024-01-01,26.0,763048,3175
29063,2024-01-01,29.0,676051,2693
26501,2024-01-01,19.0,317416,1362
18137,2024-01-01,9.0,3060,14
28508,2024-01-01,28.0,458841,1804
20314,2024-01-01,4.0,33090,149
27108,2024-01-01,25.0,281395,1131
28485,2024-01-01,21.0,197219,729
25777,2024-01-01,28.0,70556,315
26752,2024-01-01,14.0,106497,433
20365,2024-01-01,1.0,9370,40
18053,2024-01-01,1.0,4160,26
28082,2024-01-01,34.0,241739,1208
27645,2024-01-01,21.0,169483,743
27550,2024-01-01,3.0,20900,132
27383,2024-01-01,142.0,48412719,187503
26471,2024-01-01,60.0,26153402,102202
26510,2024-01-01,137.0,33203870,133990
29190,2024-01-01,56.0,18415165,71900
29429,2024-01-01,39.0,16382112,63132
26612,2024-01-01,94.0,12547039,51785
29635,2024-01-01,10.0,9800171,39468
27822,2024-01-01,84.0,7290989,29497
27002,2024-01-01,44.0,4436704,17777
21732,2024-01-01,28.0,341700,1450
20716,2024-01-01,3.0,80525,336
26033,2024-01-01,88.0,508443,2196
18149,2024-01-01,2.0,41975,177
26743,2024-01-01,36.0,2078602,8216
23519,2024-01-01,37.0,1675709,6594
29012,2024-01-01,35.0,1613444,6491
28167,2024-01-01,24.0,1514225,5939
23635,2024-01-01,1.0,0,0
16139,2024-01-01,2.0,33765,147
22420,2024-01-01,2.0,0,0
26919,2024-01-01,46.0,982652,3701
28509,2024-01-01,49.0,965873,4103
17126,2024-01-01,2.0,17940,85
26077,2024-01-01,42.0,42455,506
19986,2024-01-01,2.0,345,2
26567,2024-01-01,58.0,525736,2563
26761,2024-01-01,26.0,503861,2142
26893,2024-01-01,24.0,387930,1625
26762,2024-01-01,34.0,325716,1448
23965,2024-01-01,1.0,0,0
26690,2024-01-01,30.0,237464,977
29466,2024-01-01,19.0,173336,761
26614,2024-01-01,21.0,138684,595
26764,2024-01-01,28.0,86327,374
18620,2024-01-01,3.0,82595,335
23439,2024-01-01,1.0,390,2
29672,2024-01-01,1.0,50500,202
27484,2024-01-01,8.0,48795,231
27506,2024-01-01,14.0,21256,82
26397,2024-01-01,11.0,806,3
18456,2024-01-01,1.0,28600,130
23548,2024-01-01,2.0,59505,247
26779,2024-01-01,57.0,3187111,12622
27764,2024-01-01,21.0,3146532,12949
2858,2024-01-01,74.0,2488678,10081
28176,2024-01-01,50.0,2578563,10634
28213,2024-01-01,68.0,1507138,6491
27512,2024-01-01,39.0,957038,4140
27446,2024-01-01,21.0,789454,3012
27437,2024-01-01,42.0,666695,2797
27820,2024-01-01,23.0,512868,2031
27651,2024-01-01,12.0,448500,632
27813,2024-01-01,63.0,437831,2291
26804,2024-01-01,65.0,417482,1987
24717,2024-01-01,7.0,4055,15
28745,2024-01-01,34.0,366468,1518
26885,2024-01-01,35.0,348709,1484
25773,2024-01-01,8.0,210530,303
26750,2024-01-01,22.0,325502,1368
26265,2024-01-01,7.0,236160,345
26148,2024-01-01,23.0,286661,1311
27841,2024-01-01,9.0,315040,446
27998,2024-01-01,10.0,291600,413
26277,2024-01-01,7.0,219340,321
28917,2024-01-01,29.0,260047,932
27951,2024-01-01,13.0,241580,343
28108,2024-01-01,21.0,233927,1093
26320,2024-01-01,26.0,224895,1031
25894,2024-01-01,9.0,148020,224
28828,2024-01-01,15.0,165273,686
29574,2024-01-01,3.0,148250,250
24734,2024-01-01,11.0,94551,417
26932,2024-01-01,22.0,107457,492
27786,2024-01-01,10.0,64326,294
17581,2024-01-01,2.0,31910,160
26881,2024-01-01,9.0,16923,62
26882,2024-01-01,2.0,9200,33
18040,2024-01-01,3.0,7170,34
21117,2024-01-01,27.0,797635,2072
27655,2024-01-01,201.0,513568643,1925226
24868,2024-01-01,12.0,106160,281
14082,2024-01-01,7.0,699582,2004
28065,2024-01-01,146.0,301308249,1061117
23049,2024-01-01,1.0,0,0
26945,2024-01-01,162.0,246559764,883544
26768,2024-01-01,173.0,234156556,724827
24917,2024-01-01,94.0,1259835,4253
26399,2024-01-01,135.0,65537284,246122
24938,2024-01-01,15.0,89823,374
27834,2024-01-01,148.0,177607201,673652
19182,2024-01-01,9.0,2158501,5761
20810,2024-01-01,1.0,76820,334
28977,2024-01-01,70.0,124042094,447819
24499,2024-01-01,7.0,114917,425
28195,2024-01-01,119.0,105960162,357287
29376,2024-01-01,35.0,103382452,387625
26269,2024-01-01,146.0,21523820,84501
24784,2024-01-01,1.0,990,9
27384,2024-01-01,131.0,99571012,372434
26066,2024-01-01,60.0,300529,3243
27947,2024-01-01,126.0,87544478,305702
27607,2024-01-01,109.0,80694101,297157
28565,2024-01-01,76.0,78583170,274995
26218,2024-01-01,30.0,546033,1946
25279,2024-01-01,25.0,55992,689
29206,2024-01-01,49.0,59953851,217890
26581,2024-01-01,72.0,59578082,229374
24998,2024-01-01,19.0,52465,381
25278,2024-01-01,45.0,59746,560
27481,2024-01-01,107.0,54591514,192478
27870,2024-01-01,100.0,54282044,197871
28528,2024-01-01,83.0,53794767,205992
29401,2024-01-01,41.0,53420378,176557
26243,2024-01-01,164.0,53031688,200598
26318,2024-01-01,153.0,32025544,130150
29094,2024-01-01,55.0,49097081,183637
29594,2024-01-01,13.0,48611184,172459
17104,2024-01-01,27.0,38027989,99031
26968,2024-01-01,145.0,48360145,192678
25460,2024-01-01,53.0,281110,1344
28404,2024-01-01,69.0,45014156,169851
26678,2024-01-01,99.0,44762553,167158
26210,2024-01-01,73.0,653677,4533
27163,2024-01-01,99.0,40287225,148289
28393,2024-01-01,98.0,35333267,133487
25524,2024-01-01,26.0,161125,1452
26090,2024-01-01,17.0,1312850,2603
25408,2024-01-01,32.0,95082,1052
25536,2024-01-01,6.0,2620,12
28877,2024-01-01,73.0,22984537,85536
27343,2024-01-01,65.0,22573750,87538
26738,2024-01-01,106.0,21057728,79882
26338,2024-01-01,101.0,19747287,79489
25816,2024-01-01,63.0,293605,2356
27490,2024-01-01,76.0,17384263,70067
29584,2024-01-01,19.0,14461250,54377
25709,2024-01-01,11.0,4620,84
28109,2024-01-01,93.0,12573735,48890
28390,2024-01-01,76.0,12572466,45551
25892,2024-01-01,22.0,48634,554
27952,2024-01-01,64.0,11801688,44961
26759,2024-01-01,44.0,11644999,47720
28892,2024-01-01,49.0,11318711,42100
27387,2024-01-01,85.0,11187977,44140
29633,2024-01-01,5.0,10441992,39548
25429,2024-01-01,1.0,27300,130
26940,2024-01-01,83.0,10071783,41986
25933,2024-01-01,1.0,-1,-1
27045,2024-01-01,48.0,9555672,37924
25061,2024-01-01,34.0,40675,519
26513,2024-01-01,33.0,4164255,16432
26842,2024-01-01,57.0,7280331,30281
26241,2024-01-01,41.0,150036,821
27914,2024-01-01,69.0,6165449,24451
29087,2024-01-01,33.0,5427054,21766
26989,2024-01-01,87.0,5232071,20984
26565,2024-01-01,79.0,5221181,21042
26959,2024-01-01,35.0,5117637,20781
26926,2024-01-01,44.0,5035146,20710
26278,2024-01-01,6.0,1330,6
27155,2024-01-01,29.0,5014002,21348
28198,2024-01-01,33.0,5013413,20586
28403,2024-01-01,36.0,5009124,21133
24493,2024-01-01,14.0,7560,42
27153,2024-01-01,77.0,4679497,18662
27625,2024-01-01,51.0,4503067,18119
26075,2024-01-01,41.0,32005,416
27877,2024-01-01,81.0,4322466,17776
29083,2024-01-01,42.0,4108961,16113
29513,2024-01-01,33.0,3952987,15656
29526,2024-01-01,7.0,3933367,14423
25493,2024-01-01,11.0,6105,111
28197,2024-01-01,73.0,3865511,15423
27623,2024-01-01,40.0,3703245,14804
28839,2024-01-01,29.0,3693833,14151
16078,2024-01-01,41.0,1376687,5561
27173,2024-01-01,92.0,3266941,13146
28233,2024-01-01,56.0,3056276,12722
26229,2024-01-01,44.0,60426,714
26305,2024-01-01,19.0,63520,248
26508,2024-01-01,80.0,2689296,12528
28782,2024-01-01,27.0,2641648,10866
26716,2024-01-01,44.0,2346674,9580
24467,2024-01-01,1.0,9600,48
28738,2024-01-01,29.0,2282464,9249
25393,2024-01-01,27.0,382365,1710
27810,2024-01-01,21.0,1819003,7787
29082,2024-01-01,26.0,1804849,7324
27114,2024-01-01,57.0,1772623,7812
26775,2024-01-01,78.0,1653690,7564
27447,2024-01-01,21.0,1639339,7098
28534,2024-01-01,27.0,1607066,6602
22222,2024-01-01,12.0,133310,366
25141,2024-01-01,2.0,815,4
27522,2024-01-01,28.0,1467353,6174
28654,2024-01-01,28.0,1425780,6083
28919,2024-01-01,53.0,1329580,5419
25211,2024-01-01,1.0,5360,24
26687,2024-01-01,36.0,1296508,4651
26624,2024-01-01,40.0,1289814,5523
27172,2024-01-01,30.0,1257722,5120
28455,2024-01-01,21.0,1175907,4840
25985,2024-01-01,3.0,93070,377
26796,2024-01-01,63.0,946349,4280
29188,2024-01-01,35.0,847025,3590
28551,2024-01-01,22.0,814627,3338
26339,2024-01-01,38.0,139031,599
17496,2024-01-01,1.0,36480,155
23311,2024-01-01,1.0,830,4
17486,2024-01-01,1.0,27470,118
26836,2024-01-01,46.0,664693,3206
27946,2024-01-01,52.0,659054,2781
26625,2024-01-01,33.0,630041,2693
28083,2024-01-01,38.0,617006,2629
26805,2024-01-01,26.0,564933,2354
27546,2024-01-01,1.0,555525,1328
28527,2024-01-01,54.0,538910,2271
28827,2024-01-01,29.0,411653,1734
26958,2024-01-01,28.0,372035,1628
29166,2024-01-01,22.0,362284,1487
28928,2024-01-01,21.0,346637,1351
27840,2024-01-01,49.0,326069,1315
28214,2024-01-01,35.0,324024,1378
9159,2024-01-01,1.0,640,3
27001,2024-01-01,37.0,283941,1236
25321,2024-01-01,17.0,20620,153
27785,2024-01-01,16.0,217481,899
28783,2024-01-01,25.0,195330,819
23787,2024-01-01,8.0,2150,9
29065,2024-01-01,30.0,110891,468
20486,2024-01-01,1.0,6865,33
26324,2024-01-01,2.0,1345,7
28507,2024-01-01,14.0,59766,243
28761,2024-01-01,15.0,56486,259
26554,2024-01-01,15.0,56390,241
26777,2024-01-01,16.0,55984,238
21035,2024-01-01,2.0,600,5
21038,2024-01-01,2.0,720,6
29619,2024-01-01,2.0,26830,132
21040,2024-01-01,3.0,480,6
21039,2024-01-01,3.0,390,4
22118,2024-01-01,1.0,12905,58
29250,2024-01-01,1.0,11010,50
28626,2024-01-01,12.0,10870,51
21041,2024-01-01,3.0,120,1
28878,2024-01-01,13.0,8260,38
21036,2024-01-01,2.0,440,4
23288,2024-01-01,3.0,640,7
21037,2024-01-01,3.0,0,0
29525,2024-01-01,9.0,4470,22
23287,2024-01-01,3.0,0,0
27769,2024-01-01,21.0,1387374,5403
28639,2024-01-01,12.0,273280,1032
26387,2024-01-01,72.0,385685,2170
27932,2024-01-01,37.0,2869013,11610
28177,2024-01-01,33.0,799977,3446
26403,2024-01-01,34.0,775309,3439
26384,2024-01-01,21.0,81260,368
26760,2024-01-01,40.0,2042771,8037
27944,2024-01-01,23.0,301693,1429
24253,2024-01-01,41.0,59734,480
26691,2024-01-01,16.0,131897,604
27046,2024-01-01,18.0,130702,594
28669,2024-01-01,4.0,29740,151
27558,2024-01-01,1.0,13750,80
28671,2024-01-01,4.0,33850,174
28673,2024-01-01,4.0,28520,145
27555,2024-01-01,2.0,27780,160
27559,2024-01-01,3.0,18740,114
27556,2024-01-01,1.0,13280,80
29620,2024-01-01,3.0,28430,140
27560,2024-01-01,2.0,27800,160
3955,2024-01-01,3.0,57530,244
6581,2024-01-01,3.0,25860,133
26430,2024-01-01,312.0,16742228,66172
26257,2024-01-01,110.0,4986401,20866
26686,2024-01-01,133.0,5949489,23412
15103,2024-01-01,4.0,96025,405
26656,2024-01-01,45.0,1331631,5706
19894,2024-01-01,1.0,4375,20
21995,2024-01-01,1.0,3895,18
25764,2024-01-01,22.0,30937,206
27416,2024-01-01,29.0,632490,2767
29471,2024-01-01,30.0,563254,2475
25828,2024-01-01,36.0,133855,1338
29527,2024-01-01,19.0,465589,1986
28069,2024-01-01,24.0,431540,1890
27603,2024-01-01,28.0,373463,1679
26382,2024-01-01,31.0,232164,1048
26941,2024-01-01,49.0,276695,1283
28501,2024-01-01,28.0,273159,1118
18268,2024-01-01,1.0,6110,30
25461,2024-01-01,3.0,3865,20
26368,2024-01-01,18.0,62660,212
27964,2024-01-01,20.0,262084,1256
21866,2024-01-01,1.0,2475,11
23872,2024-01-01,1.0,3830,15
27483,2024-01-01,17.0,214661,1020
27492,2024-01-01,28.0,208284,1067
26692,2024-01-01,24.0,198594,916
25352,2024-01-01,1.0,5600,35
26967,2024-01-01,25.0,190753,905
25983,2024-01-01,29.0,70797,307
25323,2024-01-01,22.0,68970,567
27643,2024-01-01,15.0,156634,714
26351,2024-01-01,39.0,150020,702
29427,2024-01-01,22.0,143106,595
29593,2024-01-01,6.0,138917,630
27949,2024-01-01,18.0,137924,628
28503,2024-01-01,17.0,130683,604
28310,2024-01-01,20.0,129075,613
28776,2024-01-01,12.0,126883,548
20136,2024-01-01,3.0,0,0
26957,2024-01-01,32.0,112584,551
26266,2024-01-01,11.0,16860,75
29189,2024-01-01,23.0,106993,453
27463,2024-01-01,17.0,101213,487
26669,2024-01-01,11.0,79967,341
25763,2024-01-01,1.0,13640,62
26317,2024-01-01,15.0,46663,210
18898,2024-01-01,4.0,33845,163
18815,2024-01-01,4.0,32660,158
18848,2024-01-01,3.0,30240,145
18814,2024-01-01,5.0,25760,121
21399,2024-01-01,2.0,26060,155
19204,2024-01-01,2.0,19620,86
27156,2024-01-01,19.0,18296,77
29484,2024-01-01,1.0,12090,51
29481,2024-01-01,1.0,7425,34
18751,2024-01-01,4.0,1560,6
24254,2024-01-01,1.0,230,1
14845,2024-01-01,1.0,-1,-1
13268,2024-01-01,3.0,46270,238
27557,2024-01-01,2.0,26850,160
27770,2024-01-01,29.0,622893,2806
29605,2024-01-01,12.0,528074,2214
18169,2024-01-01,4.0,28765,137
26149,2024-01-01,21.0,241390,1007
29064,2024-01-01,21.0,188153,802
26794,2024-01-01,17.0,185440,851
16947,2024-01-01,2.0,575,3
16808,2024-01-01,7.0,23465,112
28045,2024-01-01,16.0,164932,794
18305,2024-01-01,4.0,17850,85
16990,2024-01-01,4.0,15050,74
25101,2024-01-01,14.0,12240,68
18538,2024-01-01,2.0,1080,5
26349,2024-01-01,4.0,2720,19
29563,2024-01-01,17.0,84665,413
24213,2024-01-01,4.0,0,0
26731,2024-01-01,14.0,38835,184
12431,2024-01-01,2.0,19340,117
27551,2024-01-01,3.0,18390,119
29093,2024-01-01,26.0,1135291,4744
29372,2024-01-01,5.0,265206,1213
29652,2024-01-01,5.0,27354,129
26150,2024-01-01,25.0,208892,827
23338,2024-01-01,4.0,2890,13
27547,2024-01-01,50.0,6807221,26652
27495,2024-01-01,53.0,6603291,26256
28653,2024-01-01,53.0,5717297,22649
27997,2024-01-01,20.0,854685,3267
27235,2024-01-01,50.0,430298,2318
26431,2024-01-01,35.0,90488,406
29616,2024-01-01,3.0,26490,123
29238,2024-01-01,29.0,284246,1327
25177,2024-01-01,14.0,67800,564
27633,2024-01-01,77.0,1445616,6306
20201,2024-01-01,1.0,210,1
24138,2024-01-01,4.0,1190,5
27647,2024-01-01,40.0,429724,1775
26763,2024-01-01,21.0,321168,1359
27485,2024-01-01,49.0,308772,1399
27735,2024-01-01,18.0,214867,879
26147,2024-01-01,31.0,139416,679
27891,2024-01-01,20.0,112544,487
27158,2024-01-01,27.0,112101,500
23463,2024-01-01,47.0,1279364,5088
27007,2024-01-01,220.0,268488738,935923
27668,2024-01-01,154.0,218901016,819606
25730,2024-01-01,138.0,2320492,8684
26572,2024-01-01,120.0,123251287,473051
28240,2024-01-01,125.0,69916042,277214
28046,2024-01-01,153.0,54354514,202405
26668,2024-01-01,84.0,48973878,185221
27950,2024-01-01,112.0,43216872,175688
24925,2024-01-01,2.0,19140,66
27959,2024-01-01,79.0,34780331,124914
26492,2024-01-01,107.0,33372457,129355
27054,2024-01-01,73.0,30334425,95297
26918,2024-01-01,89.0,30299998,118593
28491,2024-01-01,73.0,30252085,101254
23602,2024-01-01,123.0,25541901,99437
13730,2024-01-01,7.0,397966,1460
26666,2024-01-01,122.0,20040426,77277
16420,2024-01-01,79.0,10367220,37153
28478,2024-01-01,75.0,18086922,68716
20610,2024-01-01,16.0,277432,1010
24544,2024-01-01,1.0,72840,168
15670,2024-01-01,3.0,0,0
29097,2024-01-01,59.0,15940773,57037
9977,2024-01-01,16.0,191492,746
26927,2024-01-01,67.0,9673074,36122
26383,2024-01-01,58.0,2044004,7184
20279,2024-01-01,2.0,530,2
22878,2024-01-01,15.0,193207,755
26478,2024-01-01,89.0,8491319,35567
19787,2024-01-01,7.0,1111860,2185
27600,2024-01-01,116.0,8436686,32495
29645,2024-01-01,12.0,7733353,30352
26553,2024-01-01,137.0,7623684,29372
28087,2024-01-01,56.0,7216381,21077
29592,2024-01-01,20.0,6884860,24933
27965,2024-01-01,58.0,6643072,23749
25400,2024-01-01,62.0,1892341,6427
17129,2024-01-01,22.0,1775688,3623
27157,2024-01-01,45.0,5706038,22751
28735,2024-01-01,58.0,5525703,20062
19000,2024-01-01,38.0,2520665,5184
25350,2024-01-01,59.0,1555087,5305
17498,2024-01-01,4.0,67987,250
23783,2024-01-01,15.0,125914,499
28752,2024-01-01,32.0,4265619,11212
23115,2024-01-01,4.0,422975,1349
26741,2024-01-01,71.0,4115958,10980
28160,2024-01-01,59.0,4101454,16072
28564,2024-01-01,53.0,4026254,15481
26122,2024-01-01,2.0,3300,13
19687,2024-01-01,4.0,1170,5
3033,2024-01-01,12.0,547960,2103
27667,2024-01-01,53.0,3633392,14469
28111,2024-01-01,49.0,3571301,14121
26515,2024-01-01,52.0,2972079,11306
27734,2024-01-01,24.0,3068476,10643
28838,2024-01-01,44.0,2668145,10019
28826,2024-01-01,34.0,2662453,9985
25324,2024-01-01,9.0,431460,1660
26502,2024-01-01,58.0,2517226,10397
26630,2024-01-01,26.0,2508847,5551
28637,2024-01-01,42.0,2394280,9008
26697,2024-01-01,36.0,2242547,6709
29009,2024-01-01,41.0,2209744,8819
20535,2024-01-01,2.0,1295,7
26578,2024-01-01,44.0,2138161,8642
26242,2024-01-01,28.0,119532,477
28777,2024-01-01,34.0,2090680,8433
25398,2024-01-01,28.0,26690,163
28392,2024-01-01,40.0,1907772,7502
23363,2024-01-01,1.0,10920,41
26552,2024-01-01,56.0,1537011,6390
28063,2024-01-01,35.0,1480393,5821
27301,2024-01-01,68.0,1366149,5866
18774,2024-01-01,1.0,28600,130
25991,2024-01-01,49.0,1204682,4802
29564,2024-01-01,13.0,1196818,4354
26778,2024-01-01,74.0,1186240,5029
26313,2024-01-01,59.0,580382,2273
27938,2024-01-01,48.0,1126822,4265
29517,2024-01-01,27.0,1093864,4547
29643,2024-01-01,19.0,1066716,3733
20170,2024-01-01,4.0,67987,238
27501,2024-01-01,43.0,1016082,3699
27958,2024-01-01,37.0,942810,3507
29390,2024-01-01,26.0,933400,3735
28476,2024-01-01,48.0,929405,4014
28159,2024-01-01,22.0,926630,3478
19852,2024-01-01,8.0,4310,19
19510,2024-01-01,1.0,30130,131
28753,2024-01-01,38.0,910475,3671
28377,2024-01-01,34.0,887957,3568
27812,2024-01-01,21.0,876557,3482
28570,2024-01-01,41.0,873064,3502
25245,2024-01-01,1.0,74980,326
27648,2024-01-01,48.0,754668,3286
27666,2024-01-01,34.0,737972,2970
27375,2024-01-01,29.0,734428,2766
26454,2024-01-01,22.0,111961,455
28778,2024-01-01,19.0,704285,2981
25761,2024-01-01,42.0,33795,419
19094,2024-01-01,2.0,85860,354
24835,2024-01-01,4.0,2060,9
28378,2024-01-01,33.0,652797,2368
27491,2024-01-01,34.0,625164,2706
27159,2024-01-01,2.0,617389,625
27379,2024-01-01,36.0,616325,2646
20047,2024-01-01,1.0,5970,27
27811,2024-01-01,33.0,588964,2373
27641,2024-01-01,32.0,578475,2126
26579,2024-01-01,50.0,568339,2400
27014,2024-01-01,60.0,562589,2529
26949,2024-01-01,36.0,554960,2372
26253,2024-01-01,25.0,12512,84
29187,2024-01-01,27.0,521464,1971
24913,2024-01-01,4.0,636,3
29465,2024-01-01,5.0,508384,2007
29052,2024-01-01,7.0,489030,1626
27228,2024-01-01,23.0,488333,1861
27646,2024-01-01,35.0,470465,2973
28231,2024-01-01,21.0,445932,1807
27523,2024-01-01,31.0,439076,2001
29516,2024-01-01,13.0,437873,1667
28493,2024-01-01,35.0,434637,1730
26580,2024-01-01,77.0,433431,1862
22801,2024-01-01,11.0,1540,6
27445,2024-01-01,25.0,414504,1894
26398,2024-01-01,38.0,143829,609
26139,2024-01-01,52.0,89425,524
8878,2024-01-01,1.0,14955,64
6308,2024-01-01,1.0,12840,65
28356,2024-01-01,22.0,371614,1638
26279,2024-01-01,19.0,64790,271
18228,2024-01-01,5.0,1960,7
28840,2024-01-01,1.0,343415,1330
27665,2024-01-01,24.0,323762,1364
27283,2024-01-01,21.0,308395,1179
28552,2024-01-01,18.0,300467,1348
28504,2024-01-01,23.0,287892,1258
27414,2024-01-01,28.0,286105,1204
28894,2024-01-01,68.0,282480,1175
18231,2024-01-01,3.0,1358,6
28484,2024-01-01,26.0,274327,1220
26426,2024-01-01,40.0,271969,1370
24954,2024-01-01,2.0,9090,39
25059,2024-01-01,3.0,6480,27
28435,2024-01-01,26.0,239299,1020
28166,2024-01-01,26.0,236445,1035
26960,2024-01-01,30.0,232973,1047
26388,2024-01-01,25.0,232791,1046
26448,2024-01-01,8.0,225109,864
26648,2024-01-01,22.0,224448,466
26843,2024-01-01,23.0,221357,869
25129,2024-01-01,3.0,5030,21
28178,2024-01-01,20.0,208972,937
29057,2024-01-01,27.0,207331,915
25062,2024-01-01,2.0,6160,26
26682,2024-01-01,26.0,191893,844
18764,2024-01-01,2.0,19200,90
25071,2024-01-01,3.0,6760,29
29389,2024-01-01,22.0,178095,805
25992,2024-01-01,23.0,170294,812
28655,2024-01-01,22.0,169785,799
29514,2024-01-01,1.0,167480,700
29237,2024-01-01,21.0,166130,699
27435,2024-01-01,27.0,164765,650
24531,2024-01-01,37.0,164465,648
28098,2024-01-01,35.0,150245,699
26845,2024-01-01,28.0,147585,662
26514,2024-01-01,8.0,139860,477
26606,2024-01-01,22.0,136298,613
29653,2024-01-01,1.0,132940,391
28410,2024-01-01,21.0,122829,532
28099,2024-01-01,21.0,120133,738
28747,2024-01-01,26.0,119270,469
27966,2024-01-01,36.0,112012,682
28532,2024-01-01,15.0,104849,415
23262,2024-01-01,2.0,8165,36
26645,2024-01-01,27.0,86265,379
27120,2024-01-01,1.0,83490,253
22797,2024-01-01,12.0,82796,353
26880,2024-01-01,15.0,72100,311
16958,2024-01-01,2.0,26910,160
29441,2024-01-01,1.0,62660,127
29618,2024-01-01,3.0,44860,222
26617,2024-01-01,18.0,35772,176
29440,2024-01-01,2.0,34800,65
27029,2024-01-01,4.0,33740,156
25649,2024-01-01,2.0,29930,156
25444,2024-01-01,2.0,28240,145
25672,2024-01-01,2.0,27380,139
25650,2024-01-01,2.0,24120,123
25445,2024-01-01,2.0,21710,109
27986,2024-01-01,2.0,21540,110
27978,2024-01-01,2.0,21390,116
25651,2024-01-01,2.0,21000,109
27983,2024-01-01,2.0,20970,107
26352,2024-01-01,5.0,4370,22
28385,2024-01-01,2.0,20400,103
26566,2024-01-01,14.0,18325,80
27982,2024-01-01,2.0,15060,78
27500,2024-01-01,10.0,10995,52
27151,2024-01-01,14.0,8565,39
27382,2024-01-01,10.0,8275,40
27327,2024-01-01,14.0,7560,35
24754,2024-01-01,2.0,200,1
27028,2024-01-01,6.0,6645,30
29689,2024-01-01,1.0,1020,2
24094,2024-01-01,1.0,21620,94
29621,2024-01-01,1.0,13430,68
20729,2024-01-01,2.0,1525,8
27913,2024-01-01,80.0,850896,4076
27109,2024-01-01,33.0,257454,1118
26884,2024-01-01,55.0,193637,1158
27180,2024-01-01,17.0,96578,446
27436,2024-01-01,14.0,93315,443
29328,2024-01-01,4.0,42440,207
29622,2024-01-01,1.0,12750,65
28114,2024-01-01,121.0,224747242,846787
25104,2024-01-01,14.0,13310,242
26751,2024-01-01,225.0,75793338,294162
26439,2024-01-01,138.0,60996436,232730
25994,2024-01-01,257.0,33042642,134038
25590,2024-01-01,60.0,258769,2732
25306,2024-01-01,65.0,148297,947
26635,2024-01-01,97.0,41783006,164568
28090,2024-01-01,112.0,32903662,123584
25586,2024-01-01,40.0,179165,1572
26664,2024-01-01,80.0,16673554,67144
28395,2024-01-01,81.0,16167136,66025
24718,2024-01-01,144.0,15707080,61116
23671,2024-01-01,1.0,31440,125
25063,2024-01-01,123.0,1628799,7541
21785,2024-01-01,1.0,0,0
23926,2024-01-01,20.0,72534,304
25422,2024-01-01,89.0,1091290,5295
25424,2024-01-01,64.0,11548869,45983
26076,2024-01-01,76.0,3470669,14506
27925,2024-01-01,48.0,10891431,42679
23714,2024-01-01,59.0,10725810,43902
27723,2024-01-01,81.0,10344781,39725
29111,2024-01-01,49.0,9877786,42229
26546,2024-01-01,133.0,8855418,35948
25222,2024-01-01,26.0,21907,164
27879,2024-01-01,85.0,7260933,27680
27462,2024-01-01,73.0,7015611,27018
28748,2024-01-01,44.0,5890305,22577
27567,2024-01-01,83.0,4932017,19664
27121,2024-01-01,92.0,4923610,18681
29379,2024-01-01,32.0,4839349,19305
28636,2024-01-01,75.0,4696288,20825
28405,2024-01-01,82.0,4196973,18761
27100,2024-01-01,44.0,3869210,15968
19608,2024-01-01,1.0,16400,82
27644,2024-01-01,62.0,3722806,14331
24752,2024-01-01,90.0,3349829,13384
26795,2024-01-01,74.0,3116195,13973
26788,2024-01-01,119.0,2947261,13282
23961,2024-01-01,41.0,39767,231
25522,2024-01-01,44.0,2808422,11851
24214,2024-01-01,58.0,2193690,8966
29611,2024-01-01,12.0,2089591,8312
27175,2024-01-01,59.0,2039163,9342
25818,2024-01-01,7.0,97860,412
28830,2024-01-01,42.0,1932558,7916
28088,2024-01-01,41.0,1882267,7132
15447,2024-01-01,5.0,148200,658
20176,2024-01-01,1.0,38280,159
28200,2024-01-01,7.0,1784900,4348
24239,2024-01-01,25.0,26650,293
27961,2024-01-01,36.0,1364582,5352
27017,2024-01-01,50.0,1252358,5284
25728,2024-01-01,49.0,68132,661
23139,2024-01-01,1.0,29000,116
27443,2024-01-01,54.0,1100649,4899
27328,2024-01-01,35.0,960300,4268
27340,2024-01-01,28.0,896244,3645
23934,2024-01-01,79.0,786770,3237
24257,2024-01-01,4.0,180350,737
28097,2024-01-01,20.0,804921,3634
23377,2024-01-01,31.0,641440,2748
29502,2024-01-01,12.0,619680,2315
25737,2024-01-01,70.0,478043,2066
25312,2024-01-01,39.0,43043,186
29430,2024-01-01,12.0,534010,2230
28311,2024-01-01,26.0,497605,2335
28363,2024-01-01,31.0,424559,1795
27660,2024-01-01,6.0,360620,1417
28070,2024-01-01,5.0,274540,1148
26594,2024-01-01,29.0,271130,1173
26872,2024-01-01,15.0,199748,855
22894,2024-01-01,17.0,193875,756
29573,2024-01-01,19.0,184585,745
27415,2024-01-01,22.0,124395,576
16356,2024-01-01,1.0,37300,127
27992,2024-01-01,21.0,87951,374
26479,2024-01-01,16.0,63872,262
28611,2024-01-01,16.0,59175,283
23701,2024-01-01,14.0,56153,236
27179,2024-01-01,16.0,50266,213
28736,2024-01-01,2.0,49250,99
28241,2024-01-01,1.0,39200,135
28890,2024-01-01,8.0,38720,182
28242,2024-01-01,1.0,37300,127
15719,2024-01-01,1.0,37280,157
21943,2024-01-01,4.0,13480,70
12236,2024-01-01,1.0,1100,5
26584,2024-01-01,2.0,24265,164
25679,2024-01-01,2.0,20405,137
25681,2024-01-01,2.0,18975,129
27873,2024-01-01,1.0,13640,62
12575,2024-01-01,1.0,2065,9
26780,2024-01-01,10.0,4200,46
27203,2024-01-01,1.0,0,0
28780,2024-01-01,75.0,20167154,79427
26560,2024-01-01,36.0,2806279,11811
29598,2024-01-01,12.0,2346004,9317
26707,2024-01-01,44.0,2035707,8484
20054,2024-01-01,2.0,2300,10
27178,2024-01-01,35.0,600672,2534
26650,2024-01-01,26.0,328312,1490
27945,2024-01-01,43.0,244026,1265
26568,2024-01-01,21.0,233650,1010
26555,2024-01-01,41.0,206044,886
26428,2024-01-01,4.0,235,1
26871,2024-01-01,10.0,107865,450
26742,2024-01-01,33.0,60504,392
26939,2024-01-01,3.0,36820,172
6091,2024-01-01,2.0,17915,86
27234,2024-01-01,53.0,1371144,6050
28207,2024-01-01,54.0,404524,1837
26314,2024-01-01,25.0,167369,734
27438,2024-01-01,24.0,87015,422
28411,2024-01-01,11.0,57572,262
29157,2025-01-01,1.0,2800,13
26856,2025-01-01,6.0,3770,14
19169,2025-01-01,3.0,250,1
27237,2025-01-01,3.0,430,2
26037,2025-01-01,2.0,1200,5
27053,2025-01-01,1.0,600,3
26405,2025-01-01,3.0,660,3
25311,2025-01-01,2.0,140,1
29715,2025-01-01,22.0,2707305,5845
25407,2025-01-01,4.0,1680,8
29439,2025-01-01,22.0,66147,249
26381,2025-01-01,3.0,2370,10
26219,2025-01-01,2.0,660,3
23796,2025-01-01,2.0,1670,7
26661,2025-01-01,1.0,0,0
25736,2025-01-01,1.0,220,1
29501,2025-01-01,1.0,2975,7
25638,2025-01-01,3.0,0,0
29630,2025-01-01,17.0,43843,173
26260,2025-01-01,2.0,1380,5
25494,2025-01-01,5.0,3130,13
26353,2025-01-01,4.0,1400,6
24206,2025-01-01,2.0,0,0
19640,2025-01-01,2.0,200,1
28506,2025-01-01,2.0,10642,42
29736,2025-01-01,20.0,1132462,4842
28964,2025-01-01,13.0,940552,3916
29099,2025-01-01,20.0,29700,396
25212,2025-01-01,1.0,140,1
28760,2025-01-01,9.0,12080,48
28270,2025-01-01,1.0,450,3
29371,2025-01-01,1.0,8150,38
29656,2025-01-01,9.0,34035,67
24351,2025-01-01,1.0,0,0
28219,2025-01-01,16.0,8625,115
23721,2025-01-01,1.0,0,0
29084,2025-01-01,7.0,1240,6
29718,2025-01-01,22.0,2575221,10214
27836,2025-01-01,2.0,640,3
29733,2025-01-01,13.0,6208745,22632
29096,2025-01-01,13.0,23300,90
27521,2025-01-01,2.0,1030,5
29717,2025-01-01,22.0,1810466,7316
29428,2025-01-01,4.0,3100,11
21436,2025-01-01,1.0,0,0
29610,2025-01-01,14.0,21960,84
28082,2025-01-01,10.0,16810,137
29635,2025-01-01,22.0,15169499,57960
29429,2025-01-01,22.0,3771061,14472
29190,2025-01-01,7.0,18020,268
29672,2025-01-01,20.0,1795926,7213
29012,2025-01-01,16.0,22718,81
29466,2025-01-01,1.0,500,2
21117,2025-01-01,10.0,114898,302
27655,2025-01-01,15.0,22455,148
24337,2025-01-01,1.0,12720,31
28065,2025-01-01,22.0,12150,162
23924,2025-01-01,1.0,0,0
24917,2025-01-01,7.0,35260,76
27834,2025-01-01,15.0,37195,350
28977,2025-01-01,9.0,71868,255
29376,2025-01-01,22.0,11600471,44620
28195,2025-01-01,3.0,7930,61
28565,2025-01-01,22.0,88785,769
29594,2025-01-01,22.0,25544328,93897
17104,2025-01-01,22.0,14215612,36284
29206,2025-01-01,22.0,432730,1535
29401,2025-01-01,22.0,6206593,20152
26581,2025-01-01,5.0,1040,5
28528,2025-01-01,22.0,165491,949
29094,2025-01-01,16.0,168717,558
28393,2025-01-01,13.0,81820,755
25536,2025-01-01,3.0,400,2
29633,2025-01-01,22.0,14487879,55074
28877,2025-01-01,6.0,345806,1234
29584,2025-01-01,22.0,787649,3021
27952,2025-01-01,4.0,1660,7
23614,2025-01-01,1.0,10120,44
25933,2025-01-01,4.0,700,4
20104,2025-01-01,6.0,1647885,4795
25044,2025-01-01,4.0,1190,5
29526,2025-01-01,22.0,1968011,7474
29087,2025-01-01,22.0,448476,1859
26926,2025-01-01,3.0,740,3
26278,2025-01-01,1.0,390,2
29513,2025-01-01,16.0,23790,81
28197,2025-01-01,9.0,8340,70
27623,2025-01-01,2.0,560,2
26305,2025-01-01,2.0,690,3
29716,2025-01-01,14.0,2636670,10562
25800,2025-01-01,3.0,0,0
29082,2025-01-01,22.0,319779,1275
28919,2025-01-01,12.0,68130,266
23787,2025-01-01,1.0,0,0
29714,2025-01-01,19.0,155033,665
29065,2025-01-01,3.0,2010,8
28626,2025-01-01,2.0,1260,5
28639,2025-01-01,16.0,27395,105
29400,2025-01-01,13.0,164126,661
20457,2025-01-01,1.0,2185,8
26430,2025-01-01,21.0,24645,96
29471,2025-01-01,1.0,540,2
29527,2025-01-01,6.0,1990,9
29593,2025-01-01,22.0,316323,1408
29484,2025-01-01,20.0,349111,1523
29702,2025-01-01,20.0,216727,945
29481,2025-01-01,6.0,152895,710
28776,2025-01-01,8.0,12244,51
29764,2025-01-01,13.0,52432,248
18898,2025-01-01,1.0,2930,13
18815,2025-01-01,1.0,2915,13
18848,2025-01-01,1.0,2915,13
18814,2025-01-01,2.0,5565,23
24498,2025-01-01,2.0,140,1
29605,2025-01-01,16.0,29960,121
24213,2025-01-01,2.0,140,1
29372,2025-01-01,22.0,290280,1326
29652,2025-01-01,9.0,17335,80
23338,2025-01-01,3.0,1080,5
27547,2025-01-01,2.0,2060,7
29757,2025-01-01,13.0,4097955,16037
29238,2025-01-01,4.0,2630,11
29524,2025-01-01,13.0,442495,1849
27633,2025-01-01,22.0,223180,996
23463,2025-01-01,7.0,71358,229
27007,2025-01-01,12.0,79438,250
23742,2025-01-01,4.0,87593,223
27668,2025-01-01,3.0,39257,95
25730,2025-01-01,2.0,8759,26
29653,2025-01-01,20.0,72965867,261726
28240,2025-01-01,1.0,12350,43
28046,2025-01-01,22.0,911781,2993
27959,2025-01-01,3.0,6212,19
28491,2025-01-01,1.0,115510,268
27054,2025-01-01,2.0,6273,17
28478,2025-01-01,1.0,600,4
29097,2025-01-01,6.0,22000,100
29645,2025-01-01,22.0,3168616,12062
29592,2025-01-01,22.0,2018456,7285
25400,2025-01-01,2.0,66740,268
25350,2025-01-01,2.0,68350,275
3033,2025-01-01,2.0,82149,307
26515,2025-01-01,1.0,108980,253
28838,2025-01-01,1.0,230,1
25324,2025-01-01,1.0,19800,90
29564,2025-01-01,22.0,530484,2011
29669,2025-01-01,7.0,1252515,4963
29643,2025-01-01,13.0,48244,164
29517,2025-01-01,7.0,20360,84
29465,2025-01-01,22.0,450908,1750
29390,2025-01-01,9.0,2500,9
19852,2025-01-01,1.0,730,3
28778,2025-01-01,22.0,148025,647
28165,2025-01-01,20.0,825806,3329
29052,2025-01-01,22.0,243921,1077
29514,2025-01-01,13.0,462276,2031
29516,2025-01-01,16.0,34760,131
22801,2025-01-01,2.0,420,2
28840,2025-01-01,1.0,25300,110
29707,2025-01-01,1.0,337030,645
28894,2025-01-01,22.0,50340,208
29483,2025-01-01,20.0,266542,1155
29057,2025-01-01,17.0,42090,324
29441,2025-01-01,3.0,176050,350
29623,2025-01-01,13.0,210176,933
29763,2025-01-01,1.0,171130,511
29440,2025-01-01,5.0,72660,136
29755,2025-01-01,2.0,93280,424
22797,2025-01-01,2.0,5876,23
29754,2025-01-01,7.0,87096,220
29689,2025-01-01,6.0,75870,141
28114,2025-01-01,9.0,8475,113
26439,2025-01-01,1.0,10920,52
25994,2025-01-01,6.0,146390,625
28395,2025-01-01,22.0,148275,942
29111,2025-01-01,22.0,5722531,24249
25424,2025-01-01,11.0,26640,108
27462,2025-01-01,22.0,28860,276
29611,2025-01-01,22.0,3029139,12168
29379,2025-01-01,22.0,278643,1150
27567,2025-01-01,22.0,94375,548
28636,2025-01-01,14.0,152470,670
28405,2025-01-01,1.0,17600,88
27100,2025-01-01,10.0,95910,367
25522,2025-01-01,16.0,49960,200
29502,2025-01-01,22.0,708406,2982
28097,2025-01-01,11.0,118399,477
29430,2025-01-01,20.0,372664,1542
25737,2025-01-01,1.0,29210,127
29573,2025-01-01,22.0,93454,352
28736,2025-01-01,1.0,66500,133
28611,2025-01-01,1.0,10560,48
28890,2025-01-01,10.0,15253,69
29165,2025-01-01,4.0,160395,688
29122,2025-01-01,3.0,111574,391
28780,2025-01-01,16.0,41710,384
29598,2025-01-01,22.0,1319499,5365
26560,2025-01-01,1.0,390,2
21616,2025-01-01,2.0,36059,130
29767,2025-01-01,13.0,216079,902
19250,2025-01-01,3.0,108550,489
29795,2025-01-01,3.0,70636,248
28207,2025-01-01,19.0,73909,313
8011,2025-01-01,2.0,73870,335
