tw_id,tw_title,tw_first_release_date
21945,緊急迫降,2022-08-12
22241,機密同盟2,2022-09-08
23147,音爆浩劫,2022-11-25
22479,樂透大作戰,2022-09-30
21736,魔女二部曲：另一個她,2022-07-01
21615,嬰兒轉運站,2022-06-24
21222,犯罪都市2,2022-05-20
21858,外星+人,2022-07-27
22473,行動代號：狼狩獵,2022-09-30
22113,獵首密令,2022-08-26
22239,語意錯誤電影版,2022-09-08
21763,分手的決心,2022-07-15
20398,極速快遞,2022-01-28
22925,局中局,2022-11-04
20981,SEVENTEEN POWER OF LOVE : THE MOVIE,2022-04-20
23015,厄憶追凶,2022-11-18
18813,金派特務,2021-10-29
20553,PHANTOM: THE MUSICAL FILM,2022-02-18
22004,韓山島海戰,2022-08-19
23248,晝盲神探,2022-12-09
23206,NCT DREAM THE MOVIE : In A DREAM,2022-11-30
23216,整形帝王,2022-12-02
21779,邪門,2022-07-15
21823,非常殺手,2022-07-22
20110,獵魂者,2021-12-03
9051,燃燒烈愛,2018-06-29
20335,緣來大飯店,2021-12-30
23214,失控正義,2022-12-09
23362,共感頻率,2022-12-23
20402,無間對決,2022-01-14
22653,人生真美麗,2022-10-14
22221,界限,2022-09-02
21160,空氣殺人,2022-05-13
22628,政客誠實中2,2022-10-07
18829,衝鋒戰士劇場版：翁法洛斯島的秘密,2022-07-01
20749,奇怪的數學家,2022-03-18
20942,超跑斯特拉,2022-04-29
21164,死亡預報,2022-05-13
23390,碰碰狐音樂電影:奇幻城嘉年華,2022-12-23
23199,王者製造,2022-12-02
23364,花路阿朱媽,2022-12-23
20633,遊走塵市間,2022-03-18
20778,為人民服務,2022-03-25
22818,笑子當老大,2022-10-28
20661,茲山魚譜,2022-03-11
20473,亡命陷阱,2022-01-28
18817,引言,2021-12-24
20994,春川神秘中邪事件,2022-04-29
18794,無人之境,2022-01-21
20555,在你面前,2022-04-15
23146,小說家電影,2022-12-09
20801,阿爸休假中,2022-04-22
22754,時間之舞,2022-10-24
23154,閨蜜大狂殺,2022-12-16
19991,花果飄零,2022-03-04
19811,浮生,2022-03-13
22858,海鷗來過的房間,2022-11-11
21384,黎巴嫩的天空,2022-06-10
22111,聽見心嘻望,2022-09-23
18924,瑪雅蜜蜂大冒險：守護小金蛋,2022-02-25
21265,PINA,2022-06-02
21031,詭棋,2022-05-13
22172,米婭的精靈王國,2022-08-26
20589,再見列寧！,2022-03-11
21857,非戀人絮語,2022-08-05
21664,永別了，柏林,2022-07-29
21214,自然就樹美,2022-06-02
20534,我是你的完美男友,2022-02-25
22432,逃出風暴,2022-10-28
20223,鄰危不亂,2022-01-07
22515,趴兔青春期,2022-10-21
20134,指考風暴,2022-04-01
21746,泳漾水男孩,2022-08-19
21236,熟女解放中,2022-06-10
20103,騎趣環世界,2021-12-30
18291,型男斷捨離,2022-02-11
19920,人性遊戲,2022-01-07
23290,蘿拉快跑,2022-12-17
22270,危雞總動員,2022-09-23
19372,達賴喇嘛:大腦故事 ,2021-11-12
21998,請為我在羅馬多留一天,2022-09-08
20313,非甜蜜生活,2021-12-28
20872,真愛超能力,2022-04-29
21789,洞,2022-07-22
21263,愛在書店相遇時,2022-06-02
21352,隔離巢,2022-06-17
20239,戰地夜曲,2022-07-01
22877,星夢性快感,2022-11-11
21045,阿哈：帶我走,2022-05-13
22739,瑞士鐘錶師,2022-11-04
22523,女孩與蜘蛛,2022-12-02
21919,妖街皇后,2022-09-23
20556,愛你讓我自由,2022-03-25
21659,黑貓白貓：4K數位修復版,2022-08-12
22648,替屍鬼2：詛咒再臨,2022-10-07
20460,鬼電梯,2022-02-18
20975,越驚,2022-04-22
20929,祖怨,2022-04-15
22309,迷霧中的孩子,2022-09-23
19408,逃出奧斯威辛,2021-10-01
22895,喬治亞天空下 ,2022-11-18
20336,慕夏狂潮：從崛起到永恆,2022-01-14
19627,勇鼠闖天堂,2022-02-04
21740,浪浪回家路,2022-07-22
21626,野蠻人入侵,2022-07-15
18629,亞馬遜守護者：安珀傳奇(英語版),2022-01-13
21223,格列佛遊記：重返小人國,2022-08-26
22198,沒有煙硝的日子,2022-12-29
20265,2gether電影版：只因我們天生一對,2021-12-24
21115,猛鬼大學：第2學期,2022-05-13
21436,鬼單眼,2022-07-22
20654,凝弒,2022-03-11
23289,魔蟲禁區,2022-12-16
21210,淒厲人僧：卡到陰,2022-05-20
23085,愛情需要編劇,2022-11-18
21066,愛在暹邏：數位經典版,2022-05-18
20314,記憶,2021-12-25
20413,波米叔叔的前世今生,2010-11-26
22110,超級蜥蜴王,2022-09-02
20365,世界上最爛的人,2022-01-01
21974,愛重奏,2022-09-02
22265,詭孩,2022-10-28
19764,忍者寶寶,2022-01-14
20672,秋月,2022-03-06
19859,梅艷芳,2021-11-12
19159,怒火,2021-10-22
20822,神探大戰,2022-08-19
16476,麥路人,2020-09-17
21732,花樣年華 4K數位修復版,2022-09-16
7331,春光乍洩,1997-06-07
20716,重慶森林 4K數位修復版,2022-04-22
18149,墮落天使  4K數位修復版,2021-02-19
9993,阿飛正傳,1990-12-22
20763,胭脂扣,1987-12-05
22420,飯戲攻心,2022-09-23
22876,智齒,2022-12-23
20565,少年,2022-04-08
20343,G風暴,2020-01-30
20702,阮玲玉,1991-11-29
20741,英雄本色,1986-08-08
21747,闔家辣,2022-07-22
10916,霸王別姬(數位修復版),1993-12-10
22182,媽的星寵兒,2022-09-02
21786,七人樂隊,2022-07-22
22631,憂鬱之島,2022-11-20
21047,邊緣行者,2022-05-06
20697,秋天的童話,1987-07-03
21801,繼園臺七號,2022-09-21
23391,正義迴廊,2022-12-30
21812,美少年之戀,2022-09-23
21517,喜歡妳是妳,2022-07-15
22231,一路瞳行,2022-09-08
23317,無間道,2022-12-30
22434,失衡凶間,2022-10-07
22085,玫瑰的故事,2022-09-23
21978,流金歲月,2022-09-23
22435,心裏美,2022-09-30
20671,愛在他鄉的季節,2022-03-05
21123,海上花,2022-09-23
20673,遇上1967的女神,2022-03-12
23367,無間道II,2022-12-30
23349,無間道III：終極無間,2022-12-30
23339,過時·過節,2022-12-22
20410,出租女友,2022-01-14
22758,流浪者之歌,2022-10-21
22755,卡拉之歌,2022-10-21
20515,時代革命,2022-02-25
15965,末代皇帝（數位修復版）,1988-04-23
21389,們,2022-05-31
7689,發條橘子,2017-12-29
22525,瘋狂富作用,2022-10-07
21017,鯊顫,2022-05-13
20802,餐廳失控夜,2022-04-01
22117,士兵與軍官,2022-09-02
21312,伊恩•麥克連 80歲個人秀巡迴演出（英國國家劇院現場）,2022-06-11
20693,極限逃殺,2022-03-18
22611,如果驢知道,2022-12-02
19272,算牌手,2021-09-17
21758,法蘭克札帕：從前衛到當代,2022-07-29
21906,我們的英搖時光,2022-08-12
20076,愛上費加洛,2021-12-17
21268,羅密歐與茱麗葉（英國國家劇院現場）,2022-06-10
18530,裸體午餐,1992-03-14
23342,初步舉證,2022-12-20
14480,超速性追緝,1996-10-25
21515,利奥波德城（英國國家劇院現場）,2022-06-14
22260,性愛成癮的男人,2022-09-23
22407,丹尼爾約翰斯頓：魔鬼詩篇,2022-09-23
14021,遮蔽的天空,2022-01-21
20827,瑪莉娜的512小時,2022-04-15
20418,波西米亞人（英國皇家歌劇院）,2022-02-10
20519,馬克白（英國皇家歌劇院）,2022-02-10
11227,山那邊的青稞田,2019-01-18
23320,夢迴西藏：軍官與達賴喇嘛,2022-12-30
21869,偷香 數位修復版,2022-08-05
20337,曼儂‧雷斯科（英國皇家歌劇院）,2022-02-10
22880,大製片家,2022-11-25
20291,毫無意義,2022-01-07
20293,兩情世界,2022-01-07
20292,打擊驚魂,2022-01-07
20290,小心女人,2022-01-07
21117,捍衛戰士: 獨行俠,2022-05-23
20189,蜘蛛人：無家日,2021-12-15
23322,阿凡達：水之道,2022-12-16
21161,侏羅紀世界: 統霸天下,2022-06-08
19885,永恆族,2021-11-03
23049,黑豹 2：瓦干達萬歲,2022-11-09
21054,奇異博士2：失控多重宇宙,2022-05-04
21741,雷神索爾：愛與雷霆,2022-07-06
20277,金牌特務：金士曼起源,2021-12-30
19639,猛毒2：血蜘蛛,2021-10-13
19182,沙丘,2021-09-16
19468,007 生死交戰,2021-09-29
19150,尚氣與十環傳奇,2021-09-02
22676,黑亞當,2022-10-19
20810,小小兵2:格魯的崛起,2022-07-01
20587,蝙蝠俠,2022-03-03
20863,怪獸與鄧不利多的秘密,2022-04-14
21777,子彈列車,2022-08-03
20539,秘境探險,2022-02-17
18984,脫稿玩家,2021-08-12
20828,媽的多重宇宙,2022-04-22
20215,駭客任務：復活,2021-12-22
20484,月球隕落,2022-02-03
19984,惡靈古堡首部曲：拉昆市,2021-11-26
20786,魔比斯,2022-04-01
18891,黑寡婦,2021-07-14
21422,巴斯光年(英文版),2022-06-17
20470,尼羅河謀殺案,2022-02-11
20050,魔法滿屋,2021-11-26
22373,微笑,2022-09-30
20210,歡樂好聲音 2,2022-01-28
20748,失落謎城,2022-04-08
21742,雷神索爾：愛與雷霆,2022-07-06
20580,劫命救護,2022-03-25
21821,孤兒怨2：最黑暗的過去,2022-08-26
20212,GUCCI：豪門謀殺案,2022-01-07
20635,壞蛋聯盟,2022-03-18
18983,汪汪隊立大功電影版,2021-09-17
22355,幸福入場券,2022-10-07
20820,音速小子 2,2022-04-01
22663,五星饗魘,2022-12-02
18759,厲陰宅3：是惡魔逼我的,2021-07-22
22416,阿凡達 (A版),2022-09-23
21896,不!,2022-08-12
21837,DC超級寵物軍團(英文版),2022-08-09
18014,捍衛救援,2021-01-20
18846,路卡的夏天,2021-08-06
19955,魔鬼剋星：未來世,2021-12-31
20403,夜路,2022-01-28
21582,貓王艾維斯,2022-06-23
19688,法蘭西特派週報,2021-12-10
18925,寶貝老闆：家大業大,2021-10-08
22337,墜,2022-09-16
18816,殺手保鑣2,2021-10-08
23155,決戰38度線,2022-12-02
20582,黑光行動,2022-02-25
18866,密弒遊戲2：勝者危亡,2021-09-17
19161,疾厄,2021-09-02
22879,鬼禱,2022-10-28
20241,闇黑電話,2022-07-01
20925,超吉任務,2022-04-22
7858,以你的名字呼喚我,2018-01-12
20104,哈利波特：神秘的魔法石,2001-11-16
18958,暫時停止呼吸2,2021-08-20
18824,疾凍救援,2021-09-24
23153,暴戾夜,2022-12-02
20294,355：諜影特攻,2022-01-19
19817,天兵阿榮,2021-10-29
23138,奇異冒險 (英文版),2022-11-25
20240,驚聲尖叫,2022-01-14
19964,迷離夜蘇活,2021-11-12
19786,王者理查,2021-11-18
21867,沼澤謀殺案,2022-10-07
22530,阿姆斯特丹,2022-10-07
19308,月光光新慌慌：萬聖殺,2021-10-22
18430,夢想之地,2021-04-23
20137,阿達一族 2,2021-12-30
22195,拉辛正傳,2022-09-08
19919,大紅狗克里弗,2021-12-10
22245,別擔心親愛的,2022-09-16
20982,記憶殺神,2022-04-29
22652,月光光新慌慌：萬聖結,2022-10-14
19783,史賓賽,2021-11-05
23144,鞋貓劍客 2,2022-09-23
22924,骨肉的總和,2022-11-24
22115,三千年的渴望,2022-09-02
22476,哥兒們,2022-10-19
19657,鹿魔,2021-11-12
19539,最後的決鬥,2021-10-15
22242,看你往哪跑,2022-09-16
20362,西城故事,2022-01-21
21942,獸,2022-08-19
22328,捍衛戰士,2022-09-18
21719,喜悅：達賴喇嘛遇見屠圖主教,2022-07-22
20459,娶我吧!,2022-02-11
22116,世紀婚魘,2022-09-02
21930,天黑請斃命,2022-08-19
9023,2001太空漫遊,2018-06-04
20394,王牌冤家,2022-02-11
22397,毛骨悚然：惡魔重生,2022-09-23
20356,死間行動,2022-04-29
22308,刀鋒劍客(英語版),2022-09-30
9986,鬼店,2018-09-28
20770,救命緝約,2022-03-25
23321,與你共舞,2022-12-30
22222,蜘蛛人：無家日 戲院加長版,2022-09-02
23084,她有話要說,2022-11-18
19659,達賴的一生,2022-07-08
22651,天劫高手,2022-10-14
20659,絕命通話,2022-03-11
17499,說不出的告別,2020-11-27
20660,貝爾法斯特,2022-03-11
20235,黑特冤家,2022-02-11
22679,驚爆倒數60分鐘,2022-10-14
20363,看不見的殺機,2022-01-07
22963,絕命線阱,2022-11-04
21033,驅神,2022-07-08
20528,逍遙上路,2022-02-18
6252,八月三十一日，我在奧斯陸,2013-05-31
23128,俠探特攻：全面追緝,2022-11-25
20554,終極堡壘,2022-03-18
20472,終極攻佔,2022-02-04
18735,金甲部隊,2022-08-26
19690,地球重生,2022-02-11
18693,獵殺戰場,2022-03-18
19241,生命理賠師,2022-03-04
23286,俠探特攻：贖罪行動,2022-12-09
20848,玩命獵殺,2022-04-08
20143,完美的敵人,2022-02-18
21306,大開眼戒,2022-09-08
21388,午後彌撒 ,2022-06-17
20211,危城行動,2022-01-07
20713,劫獄救援,2022-03-18
20861,終極交戰,2022-09-08
18707,齊瓦哥醫生,2022-10-05
20681,全面掃蕩,2022-03-18
23311,朝聖之路：聖雅各,2022-12-23
20561,詭謎藏,2022-04-01
21802,殺戮基地,2022-07-29
19475,爽賺姐妹,2021-10-22
20458,情聖西哈諾,2022-02-25
19601,四個好日子,2021-10-08
20736,心碎效應,2022-09-23
19921,蘿莉塔,2022-06-17
21116,探戈行不行,2022-08-26
20930,終極夜路,2022-06-02
20809,終極包圍戰,2022-04-08
20560,通靈女校,2022-03-04
21180,進擊的地才,2022-06-03
20735,投機者樂團：愛的鼓勵,2022-04-08
20217,終極狩獵團,2022-01-14
20992,公共圖書館員,2022-05-20
20761,盜夢睡務員,2022-03-25
21172,最後的生存者,2022-05-20
23014,鱷魚歌王,2022-11-04
22714,終極堡壘2,2022-10-21
20486,BJ單身日記,2022-02-11
19318,美國舞孃,2022-07-01
19383,異類崛起,2021-09-24
20384,魔境夢遊,2021-06-18
20192,殲獄行動,2021-12-24
22959,貓爸爸們,2022-11-25
21035,超級救援狗,2023-12-15
20605,藝術恐怖份子 班克斯,2022-03-25
21038,深海獵奇,2022-05-14
20714,圓滾滾藝術家-費爾南多·波特羅,2022-03-25
21040,馬達加斯加：狐猴之島,2022-05-14
21039,最後的冰川,2022-05-14
17975,不可侵犯：溫斯坦性醜聞,2022-01-07
14586,為所應為,2022-10-24
21041,哈勃望遠鏡,2022-05-14
21036,小行星獵人,2023-12-15
21037,回歸野性,2022-05-14
23288,海底世界(國語版),2022-12-05
23287,大熊貓(國語版),2022-12-01
23217,高原上的家屋,2022-12-16
1691,地下社會,2015-05-15
18745,鬼保母,2022-01-07
20692,絕命第19排,2022-03-11
19136,致命最前線,2022-01-14
21173,逃出封鎖線,2022-05-20
18792,心悸效應,2021-09-10
22404,大尉叛逃記,2022-10-21
22524,獵空計畫,2022-11-04
20568,核爆車諾比,2022-04-22
5643,鏡子,2017-06-19
5666,潛行者,2017-06-26
21155,月影歸途,2022-05-20
21221,鬼雙胞,2022-05-20
20414,反恐行動：獨立日,2022-02-18
21380,當女孩戀愛時,2022-07-22
21163,孵魔,2022-05-20
21706,朵貝的愛情繪本,2022-07-15
21536,不看鐵達尼號的男人,2022-06-24
21528,拜金女王的性愛派對,2022-06-24
20457,機遇之歌：數位修復版,2022-08-28
21888,大獲拳勝,2022-08-26
21365,永遠的一天,2022-06-02
21363,鸛鳥踟躕,2022-06-01
15103,燃燒女子的畫像,2019-12-20
21920,蝙狐俠：英雄覺醒,2022-08-26
19696,天才貓奴畫家,2021-12-03
20184,黑盒線索,2022-02-18
19894,鈦,2021-12-24
21995,正發生,2022-09-30
2813,藍色情挑 經典數位修復,2016-07-22
22349,死噬,2022-09-23
2815,紅色情深 經典數位修復,2016-07-22
2814,白色情迷 經典數位修復,2016-07-22
20489,今敏：造夢魔術師,2022-03-18
22243,小獅子王,2022-09-30
20943,親愛的童伴,2022-05-13
20873,友你才精彩,2022-04-15
22183,拆彈倒數30分鐘,2022-09-23
21809,席琳狄翁外傳：愛的力量,2022-07-29
20530,艾菲爾情緣,2022-02-11
21717,失業風暴,2022-07-15
21019,好好說再見,2022-05-27
21514,一屍到底：法屍浪漫,2022-06-17
20454,最後一件晚禮服的秘密,2022-02-04
21863,就在今夜,2022-07-29
3350,玩命光頭,2016-11-04
20300,柏格曼的島,2021-12-25
20485,巴黎夢想家,2022-03-04
20364,天堂計劃,2022-01-07
21046,失速母親,2022-06-02
19858,密室譯戰,2022-02-25
19952,尋子風暴,2022-04-15
20399,我的神秘狼朋友,2022-01-21
21866,春日小戀曲,2022-08-12
21810,降臨節日曆,2022-08-12
2224,雙面薇若妮卡 經典數位修復,2016-07-16
21796,烈火少女（英文版）,2022-07-23
21311,來自巴黎的情書,2022-05-27
22356,消失的達文西,2022-09-23
10963,全面開戰,2018-12-02
4575,四百擊,2016-12-23
21824,一萬個叢林夜,2022-08-12
21862,瑪歌皇后 數位修復版,2022-10-14
22741,書情話慾,2022-11-18
23265,有你就是家,2022-12-16
6630,斷了氣,2017-10-23
21440,越界分身,2022-06-24
20395,情慾告白,2022-01-21
19093,破碎的琴鍵,2021-11-26
20136,夏日之戀,2021-12-12
10331,影像之書,2018-12-14
19731,仰望星空的少年,2021-12-03
20406,豪門媳婦日記,2022-01-14
20963,藍色是最溫暖的顏色,2022-05-27
20169,最後地下鐵,2016-12-23
20124,喀布爾之燕,2022-08-05
20862,屠女養成記,2022-04-15
20177,幸福知音,2022-02-11
23375,美好的早晨,2022-12-30
20712,安妮詩快跑,2022-05-20
22650,真實世界,2022-10-14
4469,阿爾發城,2016-12-05
22740,抓狂養老院,2022-11-11
19224,狂人皮耶洛,1965-11-05
22173,她和她的小主廚們,2022-09-16
22756,賴活,2022-10-26
23275,芳名卡門,2022-12-16
23274,我所知道她的二三事,2022-12-16
23386,男性，女性,2022-12-16
20451,執愛不悔,2022-02-18
21993,夜色中的她,2022-08-26
20803,破膽三次,2022-04-15
22901,索蘭琪的少女心事,2022-11-04
17254,追憶似水年華 數位修復版,2022-05-28
21355,往事追憶錄,2022-05-28
21356,蓋爾芒特家情事,2022-06-01
938,衡量一個人,2015-11-20
21660,一路上有妳,2022-07-01
20928,築愛巴黎,2022-04-15
21360,塞瑟島之旅,2022-05-29
21366,希臘二部曲：時光灰燼,2022-05-28
21359,獵人,2022-05-28
21364,尤里西斯生命之旅,2022-06-03
21361,養蜂人,2022-05-30
21362,霧中風景,2022-06-03
19922,夢想裁縫師,2021-12-17
21357,三六年的歲月,2022-05-29
21358,流浪藝人,2022-05-29
20579,平行母親,2022-03-04
20596,丟包大作戰,2022-03-18
20289,瘋狂競賽片,2022-02-25
19857,雙子謀殺案：白城之寂,2022-04-01
23122,放牛班足球隊,2022-11-25
23198,湯恩與劍客汪汪隊,2022-12-23
22893,遺屍物,2022-11-04
19205,蝸牛之家,2021-09-03
18538,瀕臨崩潰邊緣的女人 經典數位修復,2022-02-04
18469,慾望法則 經典數位修復,2022-02-04
18737,我造了什麼孽 經典數位修復,2022-02-04
20527,櫻櫻大日本,2022-02-25
18761, 修女夜難熬 經典數位修復,2022-02-04
20941,米其林母子檔,2022-09-02
23188,梵天神器：滅世開端,2022-12-02
21709,偉大的印度廚房,2022-07-08
20903,天堂電影院,2022-04-15
23338,鬼搖靈2：陰語陣陣,2022-12-23
21307,娜娜：逝水年華,2022-07-08
20652,懾影屍,2022-06-02
20962,忌妒的藍圖,2022-06-24
20952,親愛的母親,2022-07-01
20191,天菜特警,2021-12-10
20728,何處是我朋友的家？,2022-04-15
21021,櫻桃的滋味 數位修復版,2022-05-20
20804,橄欖樹下的情人,2022-04-22
20758,生生長流,2022-04-15
20632,我不是英雄,2022-05-13
21032,風帶著我來 數位修復版,2022-05-20
22196,贖罪風暴,2022-10-07
4035,禁止下錨+海中網+妹妹+庭中有奇樹,2022-04-23
20740,沉默呼聲,2022-08-12
20201,麥特與麥斯,2021-12-30
21838,未來犯罪,2022-08-05
19092,親情解鎖,2021-09-17
20386,他奶奶的變裝皇后,2022-01-21
20683,藥命回憶,2022-04-29
22307,怪胎英雄：奇克探險記,2022-09-23
17368,鬼滅之刃劇場版 無限列車篇,2020-10-30
20591,劇場版 咒術迴戰 0,2022-02-24
21991,航海王劇場版 : 紅髮歌姬,2022-08-13
21383,名偵探柯南 萬聖節的新娘,2022-06-30
19722,刀劍神域劇場版 –Progressive- 無星夜的詠嘆調 ,2021-11-12
22751,刀劍神域劇場版 –Progressive- 陰沉薄暮的詼諧曲,2022-11-01
21864,蠟筆小新：幽靈忍者珍風傳,2022-08-04
17110,紫羅蘭永恆花園電影版,2020-09-30
13730,普羅米亞,2019-08-16
19157,蠟筆小新：謎案！天下春日部學院的怪奇事件,2021-09-24
23197,關於我轉生變成史萊姆這檔事劇場版 紅蓮之絆篇,2022-12-06
21385,餘命10年,2022-06-10
20610,神隱少女(日文版),2022-09-08
19389,我的英雄學院劇場版：世界英雄任務,2021-10-29
21718,角落小夥伴電影版：藍色月夜的魔法之子(日語版),2022-07-22
9977,龍貓,2021-01-29
23148,通往夏天的隧道，再見的出口,2022-12-02
22194,七龍珠超：超級英雄(日文版),2022-09-03
20879,電影版 如果30歲還是處男，似乎就能成為魔法師,2022-04-08
21625,電影哆啦A夢：大雄的宇宙小戰爭 2021(日語版),2022-07-15
22232,新‧超人力霸王,2022-09-13
16420,藍色恐懼：4K數位修復版,2020-07-17
20279,在車上,2021-12-24
22878,天空之城(日文版),2022-11-25
22020,電影版 搖曳露營△ ,2022-09-16
19787,嵐 5x20演唱會電影～回憶全記錄～,2021-11-03
23365,輝夜姬想讓人告白－永不結束的初吻,2022-12-23
21928,擅長捉弄人的高木同學劇場版,2022-09-02
21973,劇場版 五等分的新娘,2022-08-26
22962,即使，這份戀情今晚會從世上消失,2022-11-11
22380,破案天才伽利略：沉默的遊行,2022-09-23
20405,《屁屁偵探: 舒芙蕾島的秘密》,2022-01-21
20057,Fate/Grand Order -終局特異點 冠位時間神殿所羅門-,2021-11-26
20264,名偵探柯南：大怪獸哥梅拉VS假面超人,2022-01-07
17129,《少女與戰車 最終章》第1+2話,2020-10-07
16758,東京教父:4K數位修復版,2020-08-19
20105,寶可夢：皮卡丘與可可的冒險 (日文版),2021-12-10
19895,我讓最想被擁抱的男人給威脅了 劇場版～西班牙篇～,2021-11-23
19687,偶然與想像,2021-11-26
21310,劇場版FREE! 男子游泳部–the Final Stroke–後篇,2022-01-21
22788,迴咒師ー塩子的誕生,2022-11-04
19000,《少女與戰車 最終章》 第3話,2021-11-19
13292,劇場版 歌之☆王子殿下♪真愛KINGDOM,2019-06-14
19766,假面飯店2：假面之夜 ,2021-10-28
23463,灌籃高手 THE FIRST SLAM DUNK,2022-12-31
20415,劇場版FREE! 男子游泳部–the Final Stroke–前篇,2022-01-21
23115,劇場版 歌之☆王子殿下♪ 真愛ST☆RISH TOURS,2022-11-18
22230,犬王,2022-10-21
20535,電影版 昨日的美食,2022-02-18
21065,電影版 99.9 不可能的翻案,2022-05-27
20355,讓我聽見愛的歌聲,2022-02-11
20762,電影版 DEEMO 櫻色旋律 —你所彈奏的琴音 至今仍在迴響—,2022-03-25
20186,魔仿犯,2021-12-10
22512,極速甩尾,2022-10-14
20669,魔法水果籃 -前奏曲-,2022-03-18
21237,牛首村,2022-05-20
21941,北齋：浮世繪傳奇,2022-08-26
21790,特『刀劍亂舞-花丸-』～雪之卷～,2022-07-29
22003,電影版 奇巧計程車：撲朔謎林,2022-08-19
18774,花束般的戀愛,2021-07-16
23249,天使降臨到我身邊！珍貴的朋友,2022-12-16
20780,假面騎士劇場版　對決！超越新世代,2022-04-08
22408,特『刀劍亂舞-花丸-』～華之卷～(第一周),2022-09-23
22167,特『刀劍亂舞-花丸-』～月之卷～,2022-08-26
18319,青春電幻物語：數位修復版,2021-04-01
20744,急急復雞雞,2022-04-22
20684,尋人啟弒,2022-06-17
22114,劇場版 超時空要塞F~虛空歌姬~,2022-09-07
20170,GIVEN~被贈與的未來 劇場版：反面的存在,2021-12-09
19852,詛咒,2022-02-04
20766,愛國女子─紅武士道,2022-04-08
20715,接棒家族,2022-03-11
20631,燃燒的劍,2022-04-29
22511,信用詐欺師JP：英雄篇,2022-10-10
22229,劇場版 超時空要塞F~戀離飛翼~,2022-10-21
20229,電影 K-ON！輕音部,2021-12-17
21058,輪到你了 劇場版 ,2022-05-13
20541,那些得不到保護的人,2022-04-08
22005,如月車站,2022-08-19
21537,螢火蟲之墓,2022-07-08
22378,電影版 後空翻少年!!,2022-10-12
19264,鹿王,2022-05-13
19896,超慄方殺陣,2021-11-19
22174,極道主夫 電影版,2022-09-16
20993,漁港的肉子,2022-05-13
14034,今天也要用便當出擊,2019-09-12
21441,再見了，橡果兄弟！－奇蹟的暑假－,2022-07-25
22197,萌男友是柑橘色,2022-09-16
20374,花與愛麗絲：數位修復版,2022-01-28
20520,夏日幽靈,2022-01-28
21627,xxxHOLiC 次元魔女,2022-08-19
20047,青春特調蜂蜜檸檬蘇打,2021-12-03
21933,末日救世主,2022-09-02
22960,天才狂歡派對：首部曲,2022-11-01
21710,婚顧女王,2022-07-15
21929,七五計劃,2022-09-08
9952,睡著也好醒來也罷,2018-09-21
21589,怪獸死了怎麼辦,2022-06-24
21707,太陽與波麗露,2022-07-08
20301,鳩的擊退法,2022-01-07
22350,Ｎ号棟鬧鬼,2022-09-21
22801,大逃殺 4K數位修復版,2022-11-04
22431,春心萌動的老屋緣廊,2022-11-11
23040,葬禮,2022-11-25
22504,麵包超人電影版：多洛林與妖怪嘉年華,2022-10-07
23041,蒲公英,2022-12-02
22228,河畔小日子,2022-10-03
20918,決戰星期天,2022-04-29
22474,流浪之月,2022-10-28
18228,歡樂時光（上）,2021-02-26
18705,燕尾蝶：數位經典版,2021-07-14
20529,垃圾頭,2022-02-18
22961,天才狂歡派對：最終章,2022-11-28
20552,魔神英雄傳 七魂的龍神丸 -再會-,2022-04-22
23363,劇場版 弦音 ─初始的一射─,2022-12-30
23384,TANG,2022-12-30
22508,救救旱鴨子,2022-10-21
18231,歡樂時光（下）,2021-02-26
20125,電影版 狂賭之淵2：絕體絕命俄羅斯輪盤,2021-12-17
23401,邪惡的孩子,2022-12-30
20101,沒說出口的殺人告白,2021-11-26
23187,還有愛的日子,2022-12-02
23107,性徒,2022-11-18
20779,妖獸都市1987 劇場版,2022-04-08
20983,鳶,2022-04-29
23192,線，畫出的我,2022-12-23
20919,第一人夫,2022-05-20
20653,輝耀姬物語(日文版),2014-06-13
21386,熊貓家族+熊貓家族 - 雨中的馬戲團,2022-07-08
21354,龍馬！新生網球王子劇場版（決勝版）,2022-06-24
21382,龍馬！新生網球王子劇場版（榮耀版）,2022-06-24
20696,Fate/stay night - 無限劍製,2022-03-11
19788,劇場版信號：長期未解決事件搜查班,2021-12-30
21315,偷情連載中,2022-07-22
20936,兒時的點點滴滴(日文版),2022-07-08
21393,噪音,2022-06-02
22503,調職令是警察樂隊！,2022-10-28
21350,劇場版「黃金拼圖Thank you！！」,2022-06-02
20865,海岬的迷途之家,2022-04-22
21020,平成狸合戰 (日文版),2022-07-08
20295,月影,2022-01-21
23264,魔幻時刻,2008-12-31
20193,四季拉麵物語,2021-12-24
22532,魚之子,2022-12-09
20951,露草,2022-06-10
19061,總編的復仇,2021-11-05
22882,好想傳達你的聲音,2022-12-09
22244,我想被高中女生殺死,2022-09-23
21624,只是現在不走運而已,2022-07-22
23114,修羅天魔~骷髏城之七人．極 （新感線舞台劇）,2022-11-25
18685,告白,2022-04-29
20699,聖地X,2022-04-15
18812,瀧澤歌舞伎 ZERO 2020 THE MOVIE,2021-07-27
22421,戀之光 ,2022-10-14
22902,錯位的青春,2022-11-18
22802,幽靜的山荷葉,2022-11-11
22533,每天上班總是累得要死,2022-10-21
19954,由宇子的天秤,2021-12-17
20726,如果30歲還是處男，似乎就能成為魔法師【後篇】,2022-06-12
20759,對某飛行員的追憶,2022-04-15
20727,如果30歲還是處男，似乎就能成為魔法師【前篇】,2022-06-11
20823,隔壁的山田君 (日文版),2022-07-08
23262,鬼壓床了沒,2022-12-23
21780,在我和天空之間,2022-07-15
22423,青凪大學體育會航空部劇場版,2022-10-14
20824,臥底型警FINAL,2022-04-22
18704,相撲道,2022-03-25
20609,我的夏日大戀習,2022-06-10
22881,通往異世界的便利店,2022-11-25
21994,美國女孩的日本日記,2022-08-26
23416,心情直播不NG,2022-12-28
19908,說不出口的愛,2022-01-21
21381,神隱少年狼,2022-07-08
20533,夢境診斷與恐怖體驗,2022-03-19
23222,有頂天大飯店,2009-01-16
6711,東京物語,2016-11-12
20675,晚春,2022-03-05
23186,戀上笨拙的你,2022-11-25
23218,愛情在車上,2022-12-09
20707,國士無雙,2022-04-16
22738,天堂髮廊,2022-10-21
23193,無法無天,2022-12-10
20729,漂浪人生,2022-03-19
18749,《爆裂戰警》,2021-12-03
3401,河北臺北+講話沒有在聽,2016-11-11
19269,月老,2021-11-24
20646,咒,2022-03-18
18190,聽見歌 再唱,2021-04-16
20477,我吃了那男孩一整年的早餐,2022-01-28
12489,五月天 人生無限公司,2019-05-24
22531,流麻溝十五號,2022-10-28
19183,瀑布,2021-10-29
20670,少年吔,2022-03-18
21822,民雄鬼屋,2022-07-29
20725,頭七,2022-04-01
23355,想見你,2022-12-30
20175,素還真,2022-01-28
19357,美國女孩,2021-12-03
22671,罪後真相,2022-10-28
20312,噩兆,2021-12-24
22659,你在我心上,2022-10-21
21785,哈勇家,2022-08-12
20921,少年吔，安啦！,1992-07-03
19729,一杯熱奶茶的等待,2021-12-24
22082,科學少女,2022-09-16
20354,初戀慢半拍,2022-08-24
19630,再說一次我願意,2022-01-19
15629,男人與他的海,2021-04-01
20817,我心我行,2022-11-11
21165,神人之家,2022-11-25
22268,童話·世界,2022-10-13
21119,一家子兒咕咕叫,2022-11-18
19319,青春弒戀,2021-11-19
19608,該死的阿修羅,2022-03-02
19065,魔法阿媽 4K數位修復版,2021-11-26
19662,售命,2022-04-29
10375,一家之主,2020-10-07
22660,小藍,2022-11-04
19402,鱷魚,2021-10-08
20005,尋找神話之鳥,2021-12-17
21915,他還年輕,2022-09-02
21233,台灣男子葉石濤,2022-06-17
20711,女優 摔吧！,2022-11-25
20531,野夏天,2022-03-25
20176,諸葛四郎─英雄的英雄,2021-11-12
14496,不想一個人,2021-12-24
17116,嗨！神獸,2022-02-01
20052,有你相伴的旅程,2021-12-10
17799,愛別離苦,2022-02-18
20643,青春換日線,2022-03-11
19064,廢棄之城,2021-10-29
18755,老鷹之手,2021-10-29
20521,藏匿處,2022-09-08
21174,孫行者傳,2022-08-25
19400,回眸,2021-10-22
22108,大俠胡金銓 第一部曲—先知曾經來過,2022-10-21
21825,舞徑,2022-07-27
19320,沒有人該成為孤島,2022-01-07
20203,妖果小學─水果奶奶的大秘密,2022-01-21
14720,期末考,2021-08-20
22084,大俠胡金銓 第二部曲—斷腸人在天涯,2022-10-28
20051,兜兜風,2022-09-16
18424,徘徊年代,2021-10-15
16508,逆者,2020-08-07
19957,高山上的熱氣球,2021-12-22
20805,再會啦  白宮,2022-05-20
21080,教練,2022-05-27
18306,詭祭,2021-12-03
19987,願未央,2022-03-18
19122,影子背後,2021-09-17
20920,給阿媽的一封信,2022-05-20
21179,費爾的旅程,2022-05-27
17831,削瘦的靈魂,2021-03-19
20053,我記得,2021-12-24
17487,修行,2022-01-14
18796,文林銀行,2021-11-12
22372,臥虎藏龍,2000-07-07
22011,孫行者傳(國語版),2022-10-14
21748,KULO,2022-07-08
21200,夏日天空的那匹紅馬,2022-12-23
21239,還孩子做自己,2022-05-27
21921,我永遠永遠永遠愛你,2022-08-05
18531,綠色牢籠,2021-05-14
22327,關於，半夜夢見林默娘乘著海湧把垃圾全丟進我的未來這件塑，好像是真的,2022-09-16
20922,有時 Mama，有時 Mimi,2022-04-15
23139,一起一起,2022-12-16
22475,稻浪上的夢想家,2022-11-20
21731,聖石傳說,2000-01-22
19624,17歲的天空 4K數位修復版,2021-10-02
21690,家家,2022-06-30
22908,全明星星光音樂會,2022-10-29
22673,無邊,2023-01-06
22710,失序正義,2022-11-25
22448,不老騎士-歐兜邁環台日記,2012-10-12
21171,勸世三姊妹：大銀幕特別版,2022-05-14
20375,格瑞特真相,2022-05-13
23394,黑的教育,2023-03-10
20867,幻日手記 ,2022-10-21
21087,北將七,2022-07-16
21949,如霧起時,2011-04-09
1585,奼紫嫣紅開遍,2015-12-18
20674,如夢,2011-04-15
21943,如歌的行板,2022-11-05
21914,兩地,2011-04-09
1394,西部來的人,2022-03-20
1593,1918,2015-12-18
22080,化城再來人,2011-04-09
20262,寶島大夢,2022-03-20
21887,朝向一首詩的完成,2011-04-09
21932,尋找背海的人,2011-04-09
20853,獨自寂寞+少年阿堯+午後+看海,2022-04-23
22179,逍遙遊,2011-04-06
21908,無岸之河,2015-12-18
1586,讀中文系的人,2015-12-18
18618,破輪胎,2022-03-20
1626,東西,2015-12-18
22759,我這樣過了一生,2022-10-22
5511,香蕉天堂,2022-10-23
502,風中家族,2015-07-24
1608,我城,2015-12-18
22215,紅柿子,2022-10-22
20270,送報伕/不屈的魂靈—楊逵,2022-03-11
20263,台灣新文學之父—賴和/安安靜靜林雙不,2022-03-11
20319,第一爐香,2022-01-14
20054,藍宇,2021-12-10
20986,你好，李煥英,2022-05-06
21616,于堇：蘭心大劇院,2022-07-22
22630,野馬分鬃,2022-10-14
20396,奪冠,2022-04-22
20747,如果有一天我將會離開你,2022-03-25
22926,四海,2022-12-02
20154,郊區的鳥,2021-12-25
22791,溫暖的抱抱,2022-10-29
23190,這個殺手不太冷靜,2022-12-09
21423,李茂扮太子,2022-07-22
16189,不丹是教室,2020-07-10
11237,大象席地而坐,2019-01-11
6215,少年,2017-07-28
22707,仇恨謎林,2023-02-10
13290,寄生上流,2019-06-28
24516,犯罪都市3,2023-06-02
25092,水泥烏托邦：末日浩劫,2023-08-10
23589,BTS: YET TO COME IN CINEMAS,2023-02-01
26037,鬼車站,2023-11-03
24714,貴公子,2023-06-21
25160,逃出寧靜海,2023-08-18
26045,My SHINee World,2023-11-10
23615,火線交涉,2023-02-03
26405,12.12：首爾之春,2023-12-15
25311,贖命救援,2023-09-01
25179,MAMAMOO：MY CON THE MOVIE,2023-08-25
25642,IU CONCERT: THE GOLDEN HOUR,2023-09-28
25407,千萬別開門,2023-09-15
23960,靈魂伴侶,2023-03-31
26219,30日,2023-11-14
23796,8釐米：詛咒影帶,2023-03-10
26381,鬼6怨,2023-12-15
25736,沒有國家的冠軍,2023-10-06
25351,ASTRO,2009-10-23
26026,禍亂：地下秩序,2023-11-03
25638,附身,2023-09-28
25024,神鬼海底撈,2023-07-28
25803,詐騙女王,2023-10-20
25588,雉岳山怪談,2023-10-20
25322,保護者,2023-09-08
23383,首爾怪談,2022-07-08
26260,全羅道少年殺人事件,2023-12-01
23486,紳探追緝令,2023-01-06
25494,鬼夢遊,2023-09-22
26353,水鬼,2023-12-08
26350,NCT NATION：To The World in Cinemas,2023-12-06
23549,維特:音樂劇,2023-03-03
23587,幻影,2023-02-03
24206,魯蛇大翻身,2023-04-28
25710,極惡變身,2023-10-13
24037,熊男,2023-04-07
23786,超完美狗保姆,2023-03-10
23856,闇黑對決,2023-03-17
25829,誆世巨作：蜘蛛窩新宇宙,2023-10-20
23586,大明星多重宇宙,2023-01-27
18516,薄荷糖,2021-05-14
23547,淘氣小企鵝啵樂樂 電影版：巨龍城堡大冒險(國語版),2023-01-20
7777,原罪犯,2005-10-14
25425,新進社員：電影版,2023-10-06
23507,HERO,2023-01-13
23882,WINNER 2022 CONCERT THE CIRCLE : THE MOVIE,2023-03-16
25212,絕對味覺情人,2023-08-25
8031,親切的金子,2018-06-15
24201,陰影下的她,2023-05-12
16076,非常母親,2020-06-12
25148,劇場版 衝鋒戰士：搶救月球大作戰,2023-08-15
26496,電影版 淘氣小企鵝啵樂樂 超級明星大冒險(國語版),2023-12-29
8074,我要復仇,2018-06-15
23508,對我而言，你是珍貴的,2023-02-03
24639,SUGA: Road to D-DAY,2023-06-17
19240,緣起不滅,2021-09-03
25242,花漾奶奶金難搞,2023-09-29
24640,j-hope IN THE BOX,2023-06-17
23366,監弒器,2023-01-06
25268,KANGDANIEL: MY PARADE,2023-08-30
24542,四層公寓,2023-07-07
25167,朝聖之路：一路平安,2023-10-13
25361,闇黑新世界,2023-09-15
25318,正義辯護人,2023-09-08
23645,當男人戀愛時,2023-05-26
24842,在水中,2023-08-01
24492,蝙蝠：血色情慾 數位修復版,2023-06-21
24312,開心鬼上身,2023-05-12
23474,巫師靈不靈！？,2023-02-24
25592,7號房的禮物,2023-09-28
25535,狼少年：不朽的愛,2023-09-22
26212,我們從末日開始,2023-12-08
26127,餓之必要,2023-12-22
26208,夢想紅舞鞋,2023-11-24
23887,雙手的溫柔,2023-06-16
18110,竊聽風暴,2021-02-26
24552,淨化論,2023-06-21
25631,五月的35日,2023-12-01
23511,拼音戀習曲,2023-01-19
23825,蓋世棋蹟,2023-03-10
25771,我的完美日常,2023-12-24
25284,飛舞人生,2023-09-01
24010,萊茵金,2023-06-02
23489,沒有你的旅程,2023-01-13
20204,陸上行舟,2023-12-10
26389,666號房,2023-12-14
26345,水上迴光,2023-12-12
26362,切格瓦拉滿天下,2023-12-16
25305,愛在滿格時,2023-09-22
24951,腹荷,2023-07-20
24351,收陰機,2023-05-19
23727,配樂大師顏尼歐,2023-02-27
18356,郵差,2021-04-09
24638,回不去的那座山,2023-07-15
24255,禁忌的畫像：卡拉瓦喬之影,2023-05-26
25397,在旅途中：方濟各的朝聖之旅,2023-09-28
24883,屍發現場,2023-08-11
23487,若愛重來,2023-03-17
25285,AI時代,2023-09-08
24927,絕美波麗露,2023-08-25
25537,男人最壞女人最愛,2023-09-28
23345,《聽見天堂》4K數位修復版,2023-01-13
24107,惡靈地堡,2023-04-21
23946,愛情停損點,2023-06-09
23565,開羅謀殺案,2023-01-07
25827,萬聖劫,2023-10-27
26481,巫術,2023-12-22
24729,尋愛小說家：海史密斯,2023-08-25
15271,熱帶雨,2020-01-31
24786,芽籠,2023-09-22
23721,巫母,2023-02-24
23888,夏日悄悄話,2023-03-31
23516,束縛,2023-02-10
25163,愛爾瑪的情與慾,2023-09-15
24417,厲嬰魂,2023-05-26
24074,涅槃咒,2023-04-14
25862,折翼姊妹,2023-11-03
25360,智利，我的理想國,2023-11-24
24551,惡靈魔洛剋,2023-06-16
18785,是誰得手林布蘭？,2021-06-18
24105,神鬼聖戰,2023-05-12
24348,米蘭昆德拉：從玩笑到無謂的盛宴,2023-06-02
23221,色界,2023-02-17
26140,富都青年,2023-12-01
18318,南巫,2021-04-01
25182,五月雪,2023-11-11
23605,孩子， 你好嗎 ? 我的名字叫李心潔,2023-02-25
23640,孩子， 你好嗎 ?  山頂小屋,2023-02-25
24061,血忌,2023-04-14
25414,虎紋少女,2023-10-27
23604,孩子， 你好嗎 ? 鴕鳥騎士,2023-03-31
23630,孩子， 你好嗎 ? 我是誰?,2023-04-01
25359,尋父冒險記,2023-11-10
25990,戰場日記,2023-11-05
25630,戰火邊緣的青春,2023-10-13
24311,邪厄,2023-05-12
3142,鬼打牆,2016-09-09
26441,送葬人,2023-12-22
24733,幽魂娜娜：重生,2023-06-30
24915,My Precious初戀,2023-07-14
26126,日暮生死戀,2023-11-10
24833,鬼偶,2023-09-15
26022,凱蒂超殺女,2023-11-03
23576,天生一對2 大電影：再續前緣,2023-03-10
26501,情牽浮生戲,2023-12-29
24309,Anne的多重恐懼,2023-05-12
25777,初戀你我他,2023-12-26
24384,阿諾是個模範生,2023-06-09
24350,為你鍾琴,2023-06-09
24840,我恨我自己,2023-07-07
26471,金手指,2023-12-29
24981,掃毒3：人在天涯,2023-07-28
23440,天龍八部之喬峰傳,2023-01-17
23688,風再起時,2023-02-21
26033,年少日記,2023-12-08
24730,別叫我”賭神”,2023-06-21
23702,斷網,2023-03-08
23635,毒舌大狀,2023-02-17
24731,命案,2023-06-26
26077,困獸,2023-11-03
23964,燈火闌珊,2023-04-14
25150,暗殺風暴,2023-08-25
23927,白日青春,2023-03-31
26234,白日之下,2023-11-17
23965,窄路微塵,2023-04-28
23623,屍房菜,2023-04-06
23873,流水落花,2023-03-17
24595,死屍死時四十四,2023-07-07
23385,緣路山旮旯,2023-01-06
26510,潛行,2023-12-30
23679,十三門徒,2023-04-07
23439,投奔怒海,2023-03-03
25984,釀魂,2023-10-27
26034,4拍4家族,2023-11-03
26397,夜校,2023-12-15
24916,失衡凶間之罪與殺,2023-09-01
24106,絕地營救,2023-04-21
25045,鬼手鬼手 請開口,2023-08-11
23548,日麗,2023-01-25
16474,俘虜,2020-12-15
23665,小熊維尼：血與蜜,2023-03-03
25102,喵的詐騙集團(英文版),2023-08-22
16906,教會,1986-12-20
17878,惡水真相,2021-05-07
16101,烈火情人,1993-04-03
24703,舞力對決 : 地表撐霸,2023-06-26
17916,愛是您·愛是我,2020-12-24
24717,小提琴天后慕特：愛樂一生,2023-06-30
24111,COLDPLAY: LIVE AT RIVER PLATE,2023-04-19
15757,亨利五世（莎翁經典劇集）,2020-04-01
20445,直到世界末日,2023-07-16
15653,馴悍記（莎翁經典劇集）,2020-04-08
24716,馬克白（莎翁經典劇集）,2023-08-03
25637,達利:慾望之謎,2023-10-13
23207,傲慢與偏見（音樂劇）,2023-04-22
23699,色局追兇,2023-05-26
25080,無事生非（莎翁經典劇集）,2023-08-22
25773,少年Pi的奇幻漂流（英國國家劇院現場）,2023-10-13
23885,杏仁與海馬,2023-03-24
26265,直線偏執狂（英國國家劇院現場）,2023-11-30
24062,危險療程,2023-04-28
25046,卓別林與他的情人,2023-07-28
26277,海鷗 （英國國家劇院現場）,2023-11-30
24940,長路將盡,2023-07-21
24090,烈火亞當,2023-04-21
25188,無情荒地有琴天,2023-08-25
25894,塵埃之書：野美人號（英國國家劇院現場）,2023-10-25
25893,戴珍珠耳環的少女,2023-11-24
26216,舞動人生,2023-11-17
26148,藍色的你,2023-12-29
24734,慾望之翼,2023-12-26
26361,奇愛博士,2023-12-10
24868,不可能的任務：致命清算 第一章,2023-07-06
24337,玩命關頭 X,2023-05-15
23924,超級瑪利歐兄弟電影版,2023-04-05
23894,捍衛任務4,2023-03-22
24917,奧本海默,2023-07-21
24938,Barbie芭比,2023-07-20
24532,變形金剛：萬獸崛起,2023-06-07
24128,星際異攻隊3 ,2023-05-03
24540,閃電俠,2023-06-14
26399,水行俠 失落王國 ,2023-12-20
23646,蟻人與黃蜂女 : 量子狂熱,2023-02-16
25027,巨齒鯊2: 海溝深淵,2023-08-02
24499,蜘蛛人：穿越新宇宙,2023-06-21
24784,元素方城市(英文版),2023-06-30
23736,龍與地下城：盜賊榮耀,2023-03-29
26066,驚奇隊長 2 ,2023-11-08
26269,旺卡(英文版),2023-12-05
26218,飢餓遊戲：鳴鳥與游蛇之歌,2023-11-17
25279,私刑教育3,2023-08-31
24998,GT：跨界玩家,2023-08-03
25278,鬼修女II,2023-09-07
5887,小美人魚(數位2D版),2023-05-24
24787,印第安納瓊斯：命運輪盤 ,2023-06-29
25460,汪汪隊立大功：超級大電影（國語版）,2023-09-29
23393,窒友梅根,2023-01-13
26210,拿破崙 ,2023-11-24
23564,玩命特攻：武演行動,2023-01-19
25524,A.I.創世者,2023-09-29
25090,藍甲蟲,2023-08-17
23772,沙贊！眾神之怒,2023-03-16
26090,泰勒絲 | 年代巡迴演唱會電影,2023-11-03
23590,迫降危機,2023-01-25
25428,浴血任務4,2023-09-22
25408,威尼斯魅影謀殺案,2023-09-15
25536,奪魂鋸X,2023-09-28
24857,陰兒房：鬼門陰深處,2023-07-13
25816,花月殺手,2023-10-20
26318,星願(英文版),2023-12-26
616,怪物,2023-07-07
24064,鬼玩人：復活 ,2023-04-20
25709,大法師:信徒,2023-10-06
23647,蟻人與黃蜂女 : 量子狂熱,2023-02-15
25892,佛萊迪餐館之五夜驚魂,2023-10-27
25060,幽靈公館,2023-08-10
24097,梵蒂岡驅魔士,2023-04-28
23399,超難搞先生,2023-01-23
23889,AIR,2023-04-05
23614,我的鯨魚老爸,2023-02-02
24286,正宗巨齒鯊,2023-05-12
25186,爆復,2023-08-25
25429,自由之聲,2023-09-19
25933,超危險保鑣,2023-10-27
24866,珍愛硬起來,2023-07-28
23517,巴比倫,2023-01-20
23641,鐵達尼號 25周年重映版,2023-02-10
24414,坎達哈行動,2023-05-26
23855,65：恐怖行星,2023-03-31
24416,鬼出櫃,2023-06-02
25061,忍者龜：變種大亂鬥,2023-08-04
25044,之前的我們,2023-07-28
16636,全面啟動10周年紀念版,2020-08-12
23959,吸血鬼特助：雷菲爾,2023-04-14
16091,黑暗騎士,2008-07-16
23629,人肉搜索2：失蹤搜救,2023-02-24
26241,魔髮精靈：樂團在一起 (國語版),2023-12-08
23794,驚聲尖叫 6,2023-03-10
23705,金牌拳手III ,2023-03-03
24782,變身少女露比,2023-06-30
26278,無聲夜,2023-12-01
24493,小行星城,2023-06-23
26075,恐怖感恩劫,2023-11-17
25493,笨錢效應 ,2023-10-20
24597,復仇狗聯盟,2023-08-18
23588,敲敲門,2023-02-03
23400,TÁR 塔爾,2023-02-25
26513,法拉利,2023-12-22
23426,劫婚大作戰,2023-01-06
24496,催眠狙擊,2023-06-02
22649,伊尼舍林的女妖,2023-01-27
26229,下一球，勝利,2023-11-24
26305,夢行者保羅,2023-12-04
23613,熊蓋毒,2023-03-17
24189,限時追捕,2023-04-28
25800,親愛的大衛,2023-10-13
24467,一個人的朝聖,2023-08-04
23711,殺手迴戰,2023-02-24
26450,RENAISSANCE: A FILM BY BEYONCÉ,2023-12-21
24870,電梯遊戲,2023-07-14
23536,法貝爾曼,2023-02-24
24970,鬼郵輪：瑪麗皇后號,2023-07-21
25393,偉大的十四世：達賴喇嘛,2023-09-22
24046,寶可噩夢,2023-04-21
25141,喜幹會,2023-08-18
23651,鬼臥床,2022-07-29
25211,劇場版 PSYCHO-PASS 心靈判官 PROVIDENCE ,2023-09-28
26192,五月的你，十二月的她,2023-11-24
22709,愛．子,2023-01-13
24637,義美超級爸,2023-06-16
25985,新核能時代,2023-10-27
26267,沼澤王的女兒,2023-10-27
25349,印咒：畢舍遮,2023-09-22
24252,追殺代理人,2023-05-05
25340,地獄來的乘客,2023-09-15
26339,贖罪日之戰,2023-12-22
23284,瑪琳艾索普：首席女指揮,2022-12-16
23771,屍蹤天使,2023-03-10
23752,火線埋伏,2023-03-03
24259,上流謀殺案,2023-05-05
23687,所有的美麗與血淚,2023-02-24
26038,劊樂時光,2023-11-10
23861,致蕾絲莉,2023-03-17
23661,俠探特攻：驚爆獨立日,2023-03-10
22678,光影帝國,2023-03-03
23947,深夜加油站遇見蘇格拉底,2023-06-09
9159,坂本龍一:async紐約現場,2018-07-13
24034,穆荷蘭大道 4K數位修復版,2023-04-14
25321,限時引爆,2023-08-21
25178,奪魂鋸,2023-09-01
24662,大愚樂家,2023-06-16
23713,噩夢輓歌 4K數位修復版,2023-03-17
23787,鬼玩人 4K數位修復版,2023-04-07
25772,飢餓遊戲：自由幻夢 終結戰,2023-11-10
23839,《樂隊舞台》——男孩們回來了（音樂劇）,2023-04-18
23234,過去那五年（音樂劇）,2023-04-06
25993,樹懶殺三小,2023-11-03
23437,日出日落：屋頂上的提琴手,2023-01-27
23572,BILLIE EILISH: LIVE AT THE O2 （戲院加長版）,2023-01-27
23415,血仇生死鬥,2023-03-03
26213,闇之祭,2023-12-01
23797,愛瑪（音樂劇）,2023-04-21
25729,飢餓遊戲：星火燎原,2023-10-20
8985,布拉格的春天,2018-06-01
24881,我的左派老師,2023-07-14
25086,與狼共舞,2023-08-04
24841,謎霧莊園,2023-07-07
25801,飢餓遊戲：自由幻夢,2023-10-20
25187,我的藍莓夜,2023-08-18
26324,壁花男孩,2023-12-01
24661,飢餓遊戲,2023-11-03
20138,驚爆點,2023-03-03
25070,冰風暴,2023-08-11
23892,捍衛任務,2014-10-31
24377,非關男孩,2023-05-19
23652,珍愛熱線,2023-02-10
25175,愛情，不用翻譯 ,2023-09-03
24256,燃起希望之火,2023-05-26
25040,雪后奇緣,2023-08-18
24880,喵喵博物館(英文版),2023-08-11
23704,胡桃鉗與魔笛公主的奇幻冒險(英文版),2023-02-24
25344,德古拉的新娘 ,2023-10-06
23838,公主與野獸,2023-03-31
23462,柴可夫斯基的妻子,2023-04-14
18826,革命前夕的摩托車日記,2005-02-25
24253,鷹勇潛艦,2023-05-19
25343,神父李昂莫罕,2023-09-16
24490,馬克斯，我的愛,2023-06-01
26257,人犬,2023-12-29
6210,艾蜜莉的異想世界,2002-03-08
23376,親密,2022-12-30
24073,聖母院大火：世紀浩劫,2023-04-14
25764,杜巴利伯爵夫人,2023-10-20
23859,我的2年妓女生涯,2023-05-19
24284,摘星甜點王,2023-05-19
5183,花神咖啡館,2012-12-21
17412,85年的夏天,2020-12-18
23550,不離職冒險王,2023-02-24
24095,燃燒的玫瑰,2023-05-05
23837,再一次勇敢跳躍,2023-04-07
23712,無人相信的真相,2023-03-11
25828,進化症候群,2023-12-01
7310,不思議女人,2017-11-24
24117,豪門心計,2023-06-02
23933,追兇12夜,2023-03-25
25413,榮耀之路,2023-09-21
15218,星星知我心,2020-01-10
24522,烈火浩劫,2023-06-02
25461,塞納河上的船屋,2023-10-06
23827,爛人,2023-06-02
23420,玩具當家,2023-03-01
25042,我和喵喵的冒險旅行  ,2023-08-18
23945,聖奧梅爾殺嬰案,2023-06-09
23872,小淘氣尼古拉：快樂的源頭,2023-03-24
26368,青春 (春),2023-12-15
23666,揮灑心篇章,2023-05-05
25352,交響狂花,2023-10-20
23857,聖蛛,2023-03-17
24063,詭樓,2023-04-21
23546,販愛天堂,2023-03-24
23660,盲柳與沉睡的女人,2023-02-24
26247,像高達一樣寂寞,2023-12-15
24573,她和他的女兒,2023-07-21
25423,冬日男孩,2023-09-22
23792,唐璜羅曼死,2023-03-27
23493,回到首爾,2023-02-24
26382,愛情轉移,2023-12-29
22715,愛在生命終結時,2023-02-03
25983,琳達想吃雞!(中文版),2023-11-10
25323,野獸們,2023-10-27
25745,小嫉妒,2023-11-03
25118,勇闖太空,2023-08-09
23904,正年輕,2023-04-14
23785,尋找第5味,2023-03-10
26266,茱莉亞四重奏,2023-11-10
24313,安妮艾諾 超八時光,2023-06-02
23392,地下疑雲,2023-01-06
23932,五個惡魔,2023-08-04
24072,玫瑰母親,2023-04-21
23285,西蒙娜：世紀之聲,2023-01-06
24871,我們的最強暑假,2023-07-28
25246,科西嘉的那個夏天 ,2023-09-18
4395,紅圈,2016-05-20
7634,影子軍隊,2023-09-16
25763, 小嫉妒,2023-11-03
7635,沉默之海,2023-09-15
24032,中國女人,2023-12-09
24488,盛開紫羅蘭：西蒙波娃與薇奧麗賴朵絲,2014-07-04
25342,賭徒鮑伯,2023-09-17
19736,廣島之戀,2023-05-29
24485,印度之歌,2023-05-28
24484,莒哈絲最後的情人,2023-05-27
24486,長別離,2023-05-30
26367,也許是因為美的決心,2023-12-10
24483,留愛在蔚藍海岸,2023-05-31
23897,玫瑰母親,2023-04-02
23957,戰爭開打之際,2023-04-01
18751,四百擊,2023-04-16
18814,雙面薇若妮卡 經典數位修復,2024-03-01
18815,紅色情深 經典數位修復,2023-10-14
18848,白色情迷 經典數位修復,2023-10-07
25591,幸福的所在,2023-10-13
23858,駭人骨娃娃,2023-05-26
24498,驅魔13,2023-10-27
25130,24小時賭命倒數,2023-08-25
23754,桃子樹的最後豐收,2023-03-31
26214,轉生幻夢,2023-12-01
16868,高跟鞋 經典數位修復,2020-10-30
26092,與達利有約,2023-12-08
25101,換宿夜驚魂,2023-09-11
26349,荒漠斷背情,2023-12-15
24213,神鬼第六感,2023-05-05
24051,屍智症,2023-04-21
24859,情慾獨角獸,2023-07-14
23560,驚獄77,2023-01-27
23828,幸運狗狗來造訪,2023-07-20
24494,永遠的好麻吉,2023-07-28
26150,屍禁,2023-12-01
24260,鬼噤聲,2023-05-05
24867,神選之地,2023-08-25
23354,片場風暴,2023-01-27
25177,德黑蘭雙面疑雲,2023-09-15
24497,這裡沒有熊,2023-06-03
24515,三張面孔,2023-06-03
24045,萊拉兄弟,2023-05-05
23488,萬惡世代,2023-01-27
23566,長春事件,2023-03-26
24138,烈火焚身,2023-05-19
25168,生命之舞,2023-09-08
23963,絕命控制,2023-04-28
24349,飯捲男孩乖乖睡 ,2023-07-21
23213,演員夢,2023-05-12
24474,沙特與波娃,2023-06-03
26377,童魘,2023-12-08
23352,她和她們的電影課,2023-01-06
24491,御法度,2023-05-30
23742,鈴芽之旅,2023-02-25
24529,名偵探柯南 黑鐵的魚影,2023-07-06
25730,蒼鷺與少年(日文版) ,2023-10-06
23662,「鬼滅之刃」上弦集結，前進刀匠村,2023-02-17
24939,新次元！蠟筆小新電影超能力大決戰～飛吧！手卷壽司～,2023-08-04
24925,電影哆啦A夢：大雄與天空的理想鄉,2023-07-21
23956,鏡之孤城,2023-03-31
24544,BLUE GIANT 藍色巨星,2023-06-02
23537,屁屁偵探 : 天才惡人屁屁亞蒂,2023-01-20
23836,名偵探柯南 灰原哀物語〜黑鐵的神祕列車〜,2023-03-24
16264,阿基拉,2020-06-24
24969,青春豬頭少年不會夢到嬌憐外出妹,2023-08-18
23473,新世紀福音戰士新劇場版：終,2023-02-03
14011,青春豬頭少年不會夢到懷夢美少女,2019-09-27
14811,HELLO WORLD,2019-11-15
26383,青春豬頭少年不會夢到紅書包女孩,2023-12-15
24431,新．假面騎士,2023-05-31
25895,數碼寶貝02 THE BEGINNING,2023-10-24
23783,魔女宅急便(日語版),2023-03-31
23353,巧虎電影　巧虎與塔魯王子,2023-01-13
25400,劇場版IDOLiSH7-偶像星願- LIVE 4bit BEYOND THE PERiOD<DAY2>,2023-09-22
26122,電影版 勿說是推理,2023-11-10
24914,GRIDMAN UNIVERSE,2023-07-14
25350,劇場版IDOLiSH7-偶像星願- LIVE 4bit BEYOND THE PERiOD<DAY1>,2023-09-22
24087,電影版 佐佐木與宮野 畢業篇,2023-04-21
25776,劇場版城市獵人：天使之淚,2023-10-06
24781,惡靈古堡：死亡島,2023-06-29
23638,僕愛君愛：致深愛妳的那個我,2023-02-10
23948,美麗的他電影版,2023-04-01
23637,僕愛君愛：致我深愛的每個妳,2023-02-10
8693,坂本龍一：終章,2018-07-13
18297,令人討厭的松子的一生,2021-03-26
24118,我的幸福婚約,2023-05-12
24575,SEE HEAR LOVE 看不見聽不見也愛你,2023-06-25
25324,劇場版 少女☆歌劇 Revue Starlight,2023-09-08
26242,歡迎來到駒田蒸餾所,2023-12-08
24335,超人力霸王德卡 最終章 朝向旅程的彼方‧‧‧,2023-06-10
17242,感官世界,2020-10-30
23923,王立宇宙軍～歐尼亞米斯之翼～：4K數位修復版,2023-04-23
25398,岸邊露伴在羅浮,2023-09-15
25105,忌怪島,2023-08-11
25341,天元突破劇場版 紅蓮螺巖 螺巖篇,2023-10-20
25304,天元突破劇場版 紅蓮螺巖 紅蓮篇,2023-10-13
24096,電影刀劍亂舞-黎明-,2023-04-21
25815,特別篇 吹響吧！上低音號～合奏團競賽篇～,2023-10-20
25029,電影版TOKYO MER：行動急診室,2023-07-28
23935,月之圓缺,2023-04-21
25934,數碼寶貝02 THE BEGINNING_國語版,2023-10-27
24308,金之國水之國,2023-05-12
23663,愛是自私,2023-04-21
23962,假面騎士劇場版 Battle Royale,2023-04-14
25412,麵包超人電影版：樂波莉與暖呼呼禮物,2023-10-06
24372,快一秒的他,2023-05-20
24317,湯道,2023-05-12
24033,百花,2023-04-07
19242,東京復仇者,2021-09-10
25117,來自雪國的遺書,2023-08-18
25245,少女☆歌劇 Revue Starlight RONDO RONDO RONDO,2023-09-15
25267,GHOSTBOOK 妖怪圖鑑,2023-09-01
23341,那個男人,2023-01-10
25761,詭屋,2023-11-03
24089,心之谷,2023-04-25
25072,#人孔,2023-08-04
24835,暗湧情事,2023-07-07
24715,SSSS. GRIDMAN 劇場總集篇,2023-06-21
26313,東尼瀧谷:數位經典版,2023-12-22
21992,航海王劇場版 : 紅髮歌姬,2022-08-19
26454,寬鬆世代又怎樣：INTERNATIONAL,2023-12-22
26478,窗邊的小荳荳,2023-12-19
24341,惠子不能輸,2023-07-21
24212,貞子 DX,2023-06-02
26253,鄰人Ｘ：謎樣的女子,2023-12-08
24913,四月物語：數位修復版,2023-08-16
25320,斷捨離天堂,2023-09-15
24112,指尖上綻放的愛,2023-05-05
24789,SSSS.DYNAZENON 劇場總集篇,2023-06-30
25039,銀河鐵道之父,2023-08-04
8749,幻之光,2018-06-08
26227,東京復仇者2：血腥萬聖節 前篇─命運,2023-11-10
24050,厄林,2023-04-14
26226,東京復仇者2：血腥萬聖節 後篇─決戰,2023-12-08
24086,Fishmans,2023-04-21
23224,舌尖上的禪,2023-01-19
23438,彬與瑛,2023-01-06
23603,追海豚的長崎夏日,2023-02-17
8878,無人知曉的夏日清晨,2018-06-08
24468,名偵探神助理：黃金螺旋之謎,2023-06-02
23700,我們的黎明,2023-02-24
25079,千輝同學未免甜得過火,2023-08-18
25106,電影哆啦A夢 - 大雄的秘密道具博物館,2023-09-28
18637,天外者,2021-05-07
26139,天一亮，就想見到你,2023-11-12
26279,花腐,2023-12-01
8747,下一站，天國,2016-12-15
25317,黑夜遊行,2023-07-21
24972,電影哆啦A夢 - 新‧大雄的宇宙開拓史,2023-09-01
8873,橫山家之味,2018-06-08
26398,銀河鐵道之夜,2023-12-22
24954,假裝沒事,2023-07-28
25078,電影哆啦A夢 - 大雄的人魚大海戰,2023-09-08
25632,名偵探麻里子最悲慘的一天,2023-10-20
25131,善良的牧本先生,2023-09-15
25059,親密（前編）,2023-08-12
25023,電影哆啦A夢：新大雄的大魔境 - 扁扁與5人之探險隊,2023-10-06
26515,坂本龍一：OPUS,2023-12-31
23826,電影版殘念生物事典,2023-03-31
25043,電影哆啦A夢 - 新‧大雄與鐵人兵團,2023-09-15
24728,呼叫愛美子,2023-08-18
25129,觸不到的肌膚,2023-09-28
23492,怪談比留子,2023-03-10
25127,電影哆啦A夢：大雄與奇跡之島,2023-09-22
25062,景深之中,2023-08-11
25071,親密（後編）,2023-08-12
24753,銀平町的電影時光,2023-07-14
24109,離不開你的依賴,2023-04-19
25011,電影哆啦A夢 - 大雄之宇宙英雄記,2023-10-13
24876,謎樣的你,2023-07-28
25041,夏洛克的孩子們,2023-08-04
23145,她喜歡的是,2023-06-21
25243,冰淇淋般的愛戀,2023-09-28
24514,渴水,2023-09-01
25313,明天星期一,2023-10-20
25241,破案天才伽利略：嫌疑犯X的獻身,2008-12-24
23554,天間莊三姊妹,2023-01-31
23602,霍爾的移動城堡,2023-02-01
24834,百合的雨聲,2023-06-16
5513,儀式,2016-12-16
23312,手,2023-02-17
23235,夜鷹的單戀,2023-01-06
24060,這就是我,2023-04-28
24992,超市之女,2023-08-20
25176,破案天才伽利略：真夏方程式,2013-07-05
23123,艾莉絲旅館,2023-03-24
24108,扶桑花女孩之舞,2023-04-28
24993,女稅務員,2023-08-19
23639,愛情失格,2023-02-10
24994,受監護的女人,2023-08-22
23121,唱出戀愛的苦惱,2023-01-06
25099,民暴之女,2023-08-20
26193,託生君系列：很長很長的故事開始的早晨,2023-11-17
24432,愛的密語,2023-05-26
24418,六月之蛇,2023-06-09
26360,馬爾多羅之歌/嘗試對一寸法師進行記述/二頭女-影之映畫/讀書機,2023-12-11
26359,檻囚/蝶服記/迷宮譚/疱瘡譚/橡皮擦,2023-12-08
24991,靜靜的生活,2023-08-21
25100,女稅務員2,2023-08-19
14475,絞死刑,2023-05-28
24755,死亡解剖,2023-08-25
26492,魔法公主,2023-12-30
26545,崖上的波妞,2024-01-05
26364,革命＋1,2023-12-08
24200,鐵男：金屬獸,2023-07-28
26365,簡稱：連續射殺魔,2023-12-08
25244,BE : the ONE,2023-08-25
24996,鴻運女,2023-08-19
24995,大病人,2023-08-21
26363,赤軍殘酷內鬥暗黑史,2023-12-12
23784,人體動物圖鑑：烏龜的殼其實是肋骨,2023-03-17
24310,鐵男II：血肉橫飛,2023-07-28
24480,白晝的惡魔,2023-06-03
24479,日本春歌考,2023-05-31
24482,青春殘酷物語,2023-05-27
24481,太陽的墓場,2023-05-28
26366,赤軍：PFLP世界戰爭宣言,2023-12-09
24478,無理心中日本之夏,2023-05-30
24477,歸來的醉漢,2023-05-28
26352,千年決鬥,2023-12-22
24999,狂琴畸戀,2023-10-27
24754,飛躍吧！金牌英雄,2023-07-15
24094,愛情美樂地,2023-02-17
24088,地中海發燒友,2023-04-21
18107,醉好的時光,2021-03-05
26121,壞教慾女孩,2023-12-22
23535,關於我和鬼變成家人的那件事,2023-02-10
25104,粽邪3 :鬼門開,2023-08-25
24818,請問，還有哪裡需要加強,2023-07-28
25590,周處除三害,2023-10-06
25306,女鬼橋2：怨鬼樓,2023-10-13
23843,做工的人電影版,2023-03-31
25116,我的麻吉4個鬼,2023-08-18
23409,我的婆婆怎麼把ＯＯ搞丟了,2023-01-13
24035,化劫,2023-06-20
24066,速命道,2023-04-27
25994,BIG,2023-12-01
23506,詐團圓,2023-01-20
25586,惡女,2023-10-27
24014,疫起,2023-04-07
24663,查無此心,2023-09-08
14895,悲情城市,1989-10-21
23671,本日公休,2023-02-26
23408,山中森林,2023-01-13
25063,老狐狸,2023-11-24
25149,我最愛的笨男人,2023-09-08
23419,山椒魚來了,2023-02-10
23926,車頂上的玄天上帝,2023-11-11
16901,海霧,2020-09-11
25422,小曉,2023-12-08
25222,他馬克老闆,2023-09-28
26076,赤心巔峰,2023-12-25
24370,南方，寂寞鐵道,2023-06-09
25335,成功補習班,2023-09-22
23831,我和我的賽車老爸,2023-08-09
23961,青春並不溫柔,2023-10-27
24054,不能流淚的悲傷,2023-04-21
23795,守護黑面琵鷺,2023-03-24
24023,消失的紫斑蝶,2023-05-19
25818,撼山河 撼向世界,2023-11-01
23729,九槍,2023-03-14
18550,溟溟,2023-06-16
24239,我的天堂城市,2023-09-15
15447,日子,2023-10-27
25334,邀阿公阿嬤拍B級殭屍片,2023-10-13
25728,少男少女,2023-11-17
24009,油麻菜籽,1984-01-01
24053,空巢,2023-04-21
25103,蘭陵40─演員實驗教室,2023-09-08
23611,機甲英雄 劇場版 我與我等於無限大(國語版),2023-08-04
24257,WOMEN 我們不知道的事,2023-11-10
26220,花若盛開,2023-11-18
25312,愛是一把槍,2023-12-15
21373,夢遊樂園,2023-03-15
23835,炸彈客,2023-04-21
25897,新寶島曼波,2023-10-31
24036,擒慾女王,2023-05-19
24012,麻罪犯,2023-04-28
24011,獸刑,2023-08-04
24013,花開富貴,2023-06-09
24044,X,2023-09-28
24059,人之初性本善,2023-10-06
21839,動物感傷の清晨,2023-10-13
13900,不散（4K修復版）,2023-08-11
25737,穿著旗袍的女孩,2024-09-06
24214,妖怪森林,2024-01-19
23934,壞男孩,2024-01-05
25587,鑽石水族世界,2023-10-21
24752,小子,2024-02-08
12236,彩雲飛,2019-01-19
15876,現場·戰場·夢工場,2020-10-25
22615,春日郊遊/推特事/塑膠情人,2023-04-22
22613,情書/鷺鷥河/二重奏/返來呷飯,2023-04-23
22687,春水奇譚/屍舞/有了？！,2023-04-23
22614,魍神之夜/食夢者/殭屍外公,2023-04-22
26511,我是一片雲〈修復版〉,2023-12-29
12575,風兒踢踏踩,2019-10-19
24277,龍馬精神,2023-05-12
23465,一直一直都很喜歡你,2023-06-30
25213,海的盡頭是草原,2023-09-01
25415,峰爆,2023-09-15
24240,破碎太陽之心,2023-04-29
26428,絕地追擊,2023-12-08
24221,熱帶往事,2023-06-02
24132,古董局中局,2023-06-02
16612,蘇州河,2020-08-28
23886,炎日,2023-05-12
26314,春風勁草,2023-12-29
29157,再見了！茱莉亞,2024-12-13
26856,破墓,2024-03-08
19169,薩滿,2021-08-25
27237,犯罪都市4,2024-04-26
28309,SEVENTEEN TOUR 'FOLLOW' AGAIN TO CINEMAS,2024-08-21
28784,再見，福寶,2024-10-04
27809,亡命機劫,2024-06-21
28112,BLACKPINK WORLD TOUR [BORN PINK] IN CINEMAS,2024-07-31
28010,寂噤計畫,2024-07-17
28349,變身機長,2024-08-23
28533,JUNG KOOK: I AM STILL,2024-09-18
28477,aespa: MY First page,2024-09-06
27053,屍咒,2024-04-03
28164,絕地逃生,2024-08-02
26696,外星+人2：回到未來,2024-02-07
28929,辣手警探2,2024-10-18
27048, SUGA | Agust D TOUR ‘D-DAY’ THE MOVIE,2024-04-10
28479,鬼花園 : 詛咒,2024-09-13
27722,超完美暗殺隊,2024-06-07
29439,聽說,2024-12-06
29715,IVE The 1st World Tour in Cinema,2024-12-27
27606,她死了,2024-05-31
27933,找死凶宅,2024-07-05
29406,"HIGHLIGHT “LIGHTS GO ON, AGAIN” IN CINEMA",2024-11-15
27222,神鬼對決,2024-04-19
29470,心葬,2024-11-22
26661,金派特攻隊,2024-01-26
29501,Baekhyun: Lonsdaleite [dot] in Cinemas,2024-11-29
27236,aespa: WORLD TOUR in Cinemas,2024-04-24
29553,"RM:Right People, Wrong Place",2024-12-05
29630,窺鏡,2024-12-13
26562,鬼媽媽的假期,2024-01-05
28880,JUNG KOOK: I AM STILL THE PARTY EDITION,2024-10-11
29608,NCT DREAM Mystery Lab: DREAM( )SCAPE in Cinemas,2024-12-11
14880,EYES ON ME : THE MOVIE,2020-06-24
29235,在熙的男，朋友,2024-11-08
19640,攔截聲命線,2021-10-08
27534,首爾單身日記,2024-09-20
26786,BTOB,2024-03-08
28506,邪體：鬼拼屠,2024-12-13
27876,60分鐘亡命直播,2024-06-28
26596,露梁：死亡之海,2024-01-12
26776,日日好狗日,2024-02-23
28918,TAEYONG: TY TRACK IN CINEMAS,2024-10-16
28490,警賊黑白衝,2024-09-13
28047,塔羅牌,2024-07-24
29099,非普通家族,2024-11-01
26950,惡獸之戰,2024-03-22
28384,XIA CONCERT MOVIE CHAPTER 1：RECREATION,2024-08-30
28638,當我的指尖觸碰到你的溫度時,2024-10-04
29007,幸福國度,2024-11-08
29249,薩滿新娘,2024-11-15
28760,恐怖日常怪談,2024-12-20
28475,FIGHTING！女孩們,2024-11-22
28086,愛殺特攻隊,2024-10-10
27417,惡鄰羅曼史,2024-05-10
28271,《劇場版 SUPER WINGS：究極加速》,2024-09-27
19243,腦海中的橡皮擦,2021-09-17
26911,下女的誘惑 經典重映,2024-03-15
28270,那年夏天，想見妳,2024-09-27
26509,韓國都市恐怖怪談：詭手,2024-01-05
26806,Strike！娜英,2024-03-29
27763,彼此的日子 In Our Day,2024-07-05
29371,旅人所嚮,2024-12-13
29656,EPIK HIGH 20 THE MOVIE,2024-12-27
26618,美麗的聲音,2024-01-19
29085,皇后復仇中,2024-10-25
27070,超危險警探,2024-04-03
28000,200%小狼人,2024-09-07
26705,失控教室,2024-02-21
27821,56種喝采,2024-07-05
27833,怪奇家族,2024-08-07
25861,野火蔓延時,2023-11-24
26477,戰火下的小狐狸,2024-01-19
26571,金髮毒藥,2024-06-28
28526,飛鳥總動員,2024-10-04
26307,全面監視,2024-05-17
17414,未來的我們,2020-11-27
26427,巴赫曼-沙漠追愛之旅,2024-01-05
27553,維莉狄雅娜,2024-06-02
26956,最後一次的生日派對,2024-03-22
28987,惡夢偵相,2024-10-18
27552,被遺忘的人,2024-05-25
27554,泯滅天使,2024-05-28
28456,薩滿男孩,2024-09-27
27233,如果我可以冬眠,2024-04-26
29617,愛與怒,2024-12-19
26917,盜墓奇美拉,2024-04-19
27360,如果可以再死一次,2024-05-17
27229,少年的漂浪旅程,2024-05-03
28179,我們還有明天,2024-08-30
27511,教宗家的小兒子,2024-07-05
28212,流浪吉普賽,2024-09-13
26619,歡迎光臨黑手黨餐廳,2024-02-02
26730,蓋世怪胎,2024-02-23
26873,盛夏最溫暖的初戀,2024-03-22
27548,不存在的騎士,2024-05-24
26756,鬼影直播,2024-02-23
28674,生活瑣事,2024-10-26
28158, 情慾出走的女人,2024-08-09
28302,流氓驅魔師,2024-09-20
28219,小孩不笨3,2024-09-03
27047,錢不夠用3：全部夠用,2024-04-30
29155,罪惡對決,2024-11-02
29084,這就是聖誕節,2024-12-13
26803,踹你死功夫,2024-05-24
27549,柏格曼的幽靈,2024-05-27
28829,富豪遊戲,2024-11-29
28461,湄公河水鬼,2024-09-06
26817,鬼怨偶,2024-03-01
27768,媽的人生願望,2024-06-21
27030,再愛一次,2024-04-12
27836,鬼厄犬,2024-06-28
29718,鬼妹,2024-12-27
29086,草迷宮恐怖殺人事件,2024-11-01
27989,血色之路,2024-10-01
25081,人類之巔3,2024-07-22
29011,靠近維梅爾,2024-11-08
26543,鬼聲泣,2024-01-08
27654,金孫爆富攻略,2024-06-21
29096,鬼聲泣2,2024-10-31
28569,屍控戰場,2024-09-20
28280,跳越時空的愛戀,2024-08-23
27521,屍油降,2024-06-14
27372,鬼妻塚,2024-05-10
26990,鬼面女,2024-03-29
28279,猛鬼大學：邪無止禁,2024-09-06
27784,猛鬼聲泣泣,2024-07-05
29717,死命必達,2024-12-27
29428,鬼碟仙,2024-11-22
26631,邪妓,2024-01-26
28301,哈囉！萌鬼屋,2024-08-30
28647,鬼禁地,2024-10-25
26647,他的最後一個朋友,2024-01-19
29610,404宿靈速速逃,2024-12-13
28269,暹羅詛咒,2024-08-16
27736,分期付款愛上你,2024-06-21
29063,荊棘天堂,2024-11-08
18137,鬼影,2021-02-10
28508,惡業,2024-09-20
27108,屍控大賣場,2024-04-23
28485,可恨的初戀！,2024-09-20
26752,唐人街恰恰,2024-02-23
18053,女畫家與偷畫賊,2021-05-14
28082,荒野心家園,2024-09-13
27645,催眠,2024-08-23
27550,馬奎斯之愛與群魔,2024-05-24
27383,九龍城寨之圍城,2024-05-17
29190,焚城,2024-11-08
29429,破·地獄,2024-11-19
26612,臨時劫案,2024-01-23
29635,誤判,2024-12-27
27822,海關戰線,2024-07-05
27002,但願人長久,2024-03-26
26743,七月返歸,2024-02-07
23519,2046 4K數位修復版,2022-11-14
29012,我談的那場戀愛,2024-11-11
28167,怨泊,2024-08-02
16139,東邪西毒：終極版(數位粵語版),2020-06-19
26919,白晝如焚,2024-04-02
28509,武替道,2024-09-30
17126,幻愛,2020-10-15
19986,濁水漂流,2021-11-19
26567,爆裂點,2024-01-11
26761,飯戲攻心2,2024-02-28
26893,填詞L,2024-03-29
26762,不是你不愛你,2024-03-14
26690,詩,2024-03-22
29466,從今以後,2024-12-06
26614,源生罪,2024-01-26
26764,反貪風暴之加密危機,2024-03-08
18620,春光乍洩  4K數位修復版,2024-01-13
29672,爸爸,2024-12-26
27484,來世還作人,2024-05-24
27506,全個世界都有電話,2024-06-21
18456,父親,2021-04-16
26779,夢想集中營,2024-02-08
27764,逃出狂鯊島,2024-06-14
2858,巴黎，德州,2016-09-02
28176,九命貓的奇幻旅程,2024-08-08
28213,森之聲：猩火燎原,2024-08-11
27512,失速芭蕾,2024-08-05
27446,嗜殺路人甲,2024-05-31
27437,小熊維尼2：噬血維尼,2024-05-17
27820,鳥,2024-07-12
27651,凡尼亞（英國國家劇院現場）,2024-07-16
27813,黑水巷,2024-06-18
26804,老橡樹酒館,2024-03-29
28745,布勒合唱團：直到盡頭 ,2024-10-04
26885,邪厄恩典,2024-04-26
26750,老鬼當家 ,2024-03-29
27841,好人赫德（英國國家劇院現場）,2024-07-11
27998,致英格蘭（英國國家劇院現場）,2024-07-30
28917,布勒合唱團：溫布利球場演唱會,2024-11-01
27951,激情年代（英國國家劇院現場）,2024-07-23
28108,天生女王,2024-08-16
26320,怪胎女孩,2024-01-05
28828,地獄灰姑娘,2024-10-25
29574,Laufey's A Night at the Symphony: Hollywood Bowl,2024-12-06
26932,非關性愛,2024-04-26
27786,忙愛不如盲婚,2024-06-28
17581,平克佛洛伊德：迷牆,2024-12-14
26881,尋找小津,2024-03-11
26882,城市時裝速記,2024-03-15
18040,法蘭克,2021-01-15
27655,腦筋急轉彎2 ,2024-06-13
14082,小丑,2019-10-03
28065,死侍與金鋼狼,2024-07-24
26945,哥吉拉與金剛 : 新帝國,2024-03-27
26768,沙丘：第二部,2024-02-28
27834,神偷奶爸 4,2024-07-03
28977,猛毒最終章：最後一舞,2024-10-23
28195,異形：羅穆路斯,2024-08-14
29376,海洋奇緣2,2024-11-28
27384,猩球崛起：王國誕生,2024-05-08
27947,龍捲風暴,2024-07-17
27607,絕地戰警：生死與共,2024-06-05
28565,小丑：雙重瘋狂 ,2024-10-02
29206,神鬼戰士 2,2024-11-14
26581,蜂刑者,2024-01-12
27481,芙莉歐莎：瘋狂麥斯傳奇篇章,2024-05-22
27870,噤界：入侵日,2024-06-26
28528,荒野機器人,2024-10-10
29401,魔法壞女巫,2024-11-21
26243,可憐的東西,2024-02-08
29094,紅色一號,2024-11-07
29594,獅子王：木法沙,2024-12-19
17104,星際效應,2014-11-07
26968,功夫熊貓 4,2024-03-23
28404,台北追緝令,2024-09-25
26678,機密特務:阿蓋爾,2024-01-31
27163,特技玩家,2024-04-24
28393,變形金剛：源起,2024-09-13
28877,懼裂,2024-10-18
27343,帝國浩劫：美國內戰,2024-04-29
26738,蜘蛛夫人,2024-02-14
26338,飛鴨向前衝,2024-01-27
27490,加菲貓：農場大冒險,2024-06-07
29584,獵人克萊文,2024-12-13
28109,圈套,2024-08-01
28390,陰間大法師 BEETLEJUICE,2024-09-05
27952,長腿,2024-07-12
26759,天眼救援,2024-02-16
28892,微笑 2,2024-10-18
27387,幻幻之交,2024-05-11
29633,音速小子 3,2024-12-27
26940,魔鬼剋星：冰天凍地,2024-03-22
27045,非紳士特攻隊,2024-04-16
26842,極限長征,2024-03-06
27914,邪惡勿語,2024-09-13
29087,隔壁的房間,2024-11-29
26989,天魔：惡之初,2024-04-03
26565,愛愛愛上你,2024-02-02
26959,鬼聖胎,2024-03-22
26926,伏慄熊,2024-03-15
27155,窒命危機,2024-04-12
28198,邊緣禁地,2024-08-09
28403,龍族戰神：重生,2024-08-30
27153,噬血芭蕾,2024-04-19
27625,窺探者,2024-06-06
27877,飛月情海,2024-07-10
29083,劊樂小丑3,2024-10-25
29513,異教詭屋,2024-11-29
29526,魔戒：洛汗人之戰,2024-12-24
28197,到我們為止,2024-08-23
27623,當殺手戀愛時,2024-05-31
28839,鬼袋人,2024-10-10
16078,銀翼殺手最終版,2020-06-12
27173,挑戰者,2024-05-01
28233,求救眨眨眼,2024-08-22
26508,叛諜檔案,2024-01-05
28782,地獄怪客：歪曲人的詛咒,2024-10-04
26716,青春養成記,2023-02-08
28738,千萬別放手,2024-09-27
27810,救援生死線,2024-06-21
29082,艾諾拉,2024-12-06
27114,怒火狂猴,2024-05-31
26775,滯留生,2024-03-01
27447,滅世男孩,2024-05-17
28534,超完美家政婦,2024-09-13
27522,失憶殺神,2024-05-31
28654,孤狼救援,2024-10-18
28919,幕前幕後：范克萊本鋼琴大賽,2024-11-08
26687,佩佩的電影派對（國語版）,2024-02-03
26624,一個人的逃亡,2024-01-19
27172,蜘蛛驚,2024-05-01
28455,羅素克洛之大法師,2024-11-15
26796,雷鬼之父：音樂無國界,2024-03-15
29188,驚爆封鎖線,2024-11-15
28551,逃出搶錢鎮,2024-10-10
17496,愛在黎明破曉時,2020-12-04
17486,愛在日落巴黎時,2020-12-04
26836,天使之心,2024-03-07
27946,不羈騎士,2024-08-02
26625,貓王與我,2024-01-19
28083,熊貓大冒險 ,2024-07-28
26805,師情化慾,2024-03-01
27546,麥可傑克森：未來的未來演唱會電影,2024-06-25
28527,樂一通大戰外星人：粉紅末日,2024-10-19
28827,太陽王與人魚：新帝國,2024-10-09
26958,彼岸的真相,2024-03-29
29166,劊樂小丑2,2024-10-31
28928,超／人：克里斯多夫李維傳奇故事,2024-11-01
27840,白南準：月亮是最古早的電視,2024-10-25
28214,狸太怨,2024-08-16
27001,瓊拜雅：三重人格,2024-04-05
27785,超級殺,2024-06-28
28783,來自地獄的邪靈,2024-11-22
29065,劊樂小丑,2024-10-31
28507,保羅‧賽門：無眠樂章,2024-11-02
28761,霸愛之路,2024-11-08
26554,醉鄉民謠,2024-01-26
26777,紀伯倫哈利勒：先知,2024-04-12
29619,靈魂的重量,2024-12-14
22118,以你的名字呼喚我,2022-10-14
29250,死亡日記,2024-12-29
28626,末世生存者,2024-12-20
28878,全力揮擊,2024-12-06
29525,終極制裁者,2024-11-30
27769,鬼氣球,2024-06-14
28639,靈寓,2024-12-20
26387,我不是教你詐,2024-01-19
27932,末日倒數12小時,2024-08-23
28177,狗狗歌劇院(中配版),2024-08-09
26403,海豚男孩-國語版,2023-12-08
26384,阿爾及爾的末代王后,2023-11-24
26760,鬼燭靈,2024-02-16
27944,農民：愛慾情謎,2024-08-02
26691,上流誘惑,2024-02-16
27046,禁忌之慾,2024-04-12
28669,真愛未了情,2024-10-25
27558,中產階級拘謹的魅力,2024-06-01
28671,熟男不疑惑,2024-10-26
28673,當警探戀愛時,2024-10-27
27555,女僕日記,2024-05-26
27559,自由的幻影,2024-05-30
27556,青樓怨婦,2024-05-26
29620,惡狼年代,2024-12-13
27560,朦朧的慾望,2024-05-26
3955,珍妮德爾曼,2024-12-16
6581,她與他們的愛情,2017-09-08
26430,再見機器人,2024-02-14
26686,墜惡真相,2024-01-27
26656,火上鍋,2024-02-02
27416,瑪麗亞‧蒙特梭利,2024-06-28
29471,艾曼紐1974 4K修復版導演版,2024-11-29
29527,艾曼紐2024,2024-12-13
28069,熱血搜救隊：翻轉世界,2024-08-02
27603,明天我就不幹了！,2024-06-03
26941,瑪格麗特戀習題,2024-04-19
28501,超時空愛殺,2024-09-27
18268,我愛你，你愛她，她愛他,2021-03-12
27964,時髦女子,2024-07-19
27483,宮殿大飯店,2024-06-14
27492,再見哥雅：卡葉爾與布紐爾的最後巡禮 ,2024-05-24
26692,給我個機會,2024-02-23
26967,日安，朵朵,2024-04-19
27643,萬事通大全,2024-06-21
26351,逆轉廢材人生,2024-02-24
29427,絕命樂透彩,2024-11-29
29593,響亮心重奏,2024-12-18
27949,巴黎頌紐約情,2024-09-06
28503,歡迎菜老師,2024-09-20
28310,鄰家密友,2024-10-18
28776,手榴彈‧革命‧還有愛與詩,2024-12-20
26957,愛離巢,2024-04-24
29189,噠噠噠達利,2024-11-15
27463,日落喜劇,2024-05-17
26669,戰地琴人,2024-02-02
26317,魔籽公主,2024-01-05
18898,藍色情挑 經典數位修復,2023-09-30
21399,安達魯之犬,2024-05-29
19204,花神咖啡館,2021-09-10
27156,大發明家,2024-04-30
29484,戰火浮生錄,2024-12-28
29481,男歡女愛,2024-12-21
24254,不思議女人,2024-09-03
14845,妙想天開,2024-01-09
13268,石榴的顏色,2024-12-13
27557,特莉絲坦娜,2024-05-25
27770,承諾大海的老師,2024-06-14
29605,安眠殺機,2024-12-20
18169,我的母親 經典數位修復,2021-02-26
26149,雙眼之間,2024-01-05
29064,地下終劫站,2024-11-29
26794,兩萬種蜜蜂,2024-03-08
16947,悄悄告訴她 經典數位修復,2020-10-30
16808,玩美女人 經典數位修復,2020-10-30
28045,她們的盛夏微愛,2024-07-26
18305,顫抖的慾望 經典數位修復,2021-03-26
16990,破碎的擁抱 經典數位修復,2020-10-30
29563,風流西班牙: 摩洛哥情事,2024-12-06
26731,在路上男情難未了,2024-02-02
12431,馬奎斯如何成為馬奎斯,2024-05-27
27551,布紐爾:超現實電影人,2024-05-24
29093,殺,2024-11-22
29372,你是我眼中的那道光,2024-12-27
29652,模範生禁愛秘密,2024-12-27
27547,鬼舞村：詛咒起源,2024-05-24
27495,鬼咧號,2024-06-07
28653,薇娜：死後七日,2024-09-27
27997,血繼,2024-07-14
27235,全境炸裂,2024-04-26
26431,網紅教慾,2024-01-12
29616,吶喊雷克雅維克,2024-12-18
29238,我最喜歡的蛋糕,2024-11-29
27633,國有器官,2024-08-30
27647,人道主義吸血鬼徵求自願獻身者,2024-07-19
26763,親愛的愛莉絲,2024-03-29
27485,愛情本性論,2024-05-24
27735,紅色房間,2024-06-21
26147,無法融化的祕密,2024-04-12
27891,魔女荷莉,2024-09-20
27158,給我愛過的前任們,2024-04-19
27007,劇場版 排球少年!! 垃圾場的決戰,2024-04-12
27668,名偵探柯南 100萬美元的五稜星,2024-06-28
26572,SPY x FAMILY CODE: White,2024-01-19
28240,電影蠟筆小新：我們的恐龍日記,2024-08-16
28046,驀然回首,2024-07-22
26668,「鬼滅之刃」 絆之奇蹟，邁向柱訓練,2024-02-23
27950,電影哆啦A夢：大雄的地球交響樂,2024-07-12
27959,劇場版 藍色監獄 -EPISODE 凪-,2024-07-12
27054,機動戰士鋼彈 SEED FREEDOM,2024-04-16
26918,特別總集篇 名偵探柯南 vs. 怪盜基德(日語版),2024-03-29
28491,我的英雄學院劇場版：You’re Next,2024-09-20
26666,鬼太郎誕生：咯咯咯之謎,2024-02-01
28478,你的名字。,2024-09-13
15670,我的英雄學院劇場版：英雄新世紀,2020-04-01
29097,劇場版 OVERLORD - 聖王國篇,2024-11-01
26927,GIVEN被贈與的未來劇場版：柊mix,2024-03-23
27600,角落小夥伴電影版：奇幻的玩具工廠,2024-06-29
29645,LAST MILE：全面引爆,2024-12-20
26553,去唱卡拉OK吧！,2024-01-26
28087,劇場版 賽馬娘Pretty Derby：新時代之門,2024-08-02
29592,我獨自升級：二次覺醒,2024-12-11
27965,劇場總集篇 孤獨搖滾！Re:,2024-07-26
27157,貓的報恩(日文版),2024-04-30
28735,劇場總集篇 孤獨搖滾！Re:Re:,2024-10-10
17498,GIVEN~被贈與的未來 劇場版,2020-11-06
28752,刀劍神域劇場版-序列爭戰,2024-11-01
26741,《少女與戰車 最終章》 第４話,2024-02-08
28160,電影版屁屁偵探：再見親愛的夥伴，屁屁啊,2024-08-02
28564,與夢前行  宮﨑駿,2024-10-10
3033,情書,2016-09-09
27667,秒速5公分,2024-07-05
28111,四月，她將到來。,2024-07-26
27734,孤獨搖滾！團結Band LIVE-恆星-,2024-06-15
28838,鋼之鍊金術師BROTHERHOOD 15週年特別版,2024-10-25
28826,銀魂劇場版 2D 一國傾城篇,2024-10-18
26502,光之美少女電影 ALL STARS F,2024-01-19
26630,少女與戰車 劇場版,2024-01-12
28637,成為星星的少女,2024-11-08
26697,超人力霸王布雷薩 THE MOVIE：大怪獸東京決戰,2024-03-30
29009,五等分的新娘*,2024-11-08
26578,劇場版 轉生成女性向遊戲只有毀滅 END 的壞人大小姐,2024-01-25
28777,陰陽師0,2024-10-18
28392,詭異之家,2024-08-30
26552,邪惡根本不存在,2024-01-20
28063,言葉之庭,2024-08-09
27301,完美配對謀殺案,2024-06-14
25991,北極百貨的秋乃小姐,2024-03-14
29564,PTP：永遠不滅,2024-12-18
26778,怪物樵夫,2024-04-11
27938,DDDD惡魔的破壞 前編,2024-07-10
29517,消失的豪門妻,2024-12-06
29643,風都偵探 假面騎士SKULL的肖象,2024-12-13
27501,刀劍亂舞 迴 -虛傳 燃燒的本能寺- 【前篇】,2024-05-19
27958,DDDD惡魔的破壞 後編,2024-07-24
29390,沙奈：詛咒之歌,2024-12-06
28476,我心裡的太陽,2024-09-20
28159,派對咖孔明 Road to Summer Sonia,2024-08-21
19510,心靈遊戲,2021-10-09
28753,藍色時期,2024-10-05
28377,擅長捉弄人的高木同學 電影版,2024-10-04
27812,雲之彼端，約定的地方,2024-06-21
28570,麵包超人電影版：細菌人與繪本的露露,2024-10-04
27648,異國日記,2024-07-03
27666,在大雪封閉的山莊裡,2024-09-27
27375,Silent Love,2024-05-11
28778,黑箱日記,2024-12-13
19094,魔法少女小圓劇場版 [新篇] 叛逆的物語,2021-08-13
28378,刀劍亂舞 迴 -旋傳 親近的侍從們-,2024-08-25
27491,鴉色刑事組電影版,2024-05-17
27159,假面騎士555 20th 復活的天堂,2024-05-25
27379,長夜盡頭的微光,2024-05-04
27811,追逐繁星的孩子,2024-07-26
27641,刀劍亂舞 迴 -虛傳 燃燒的本能寺- 【後篇】,2024-06-02
26579,法庭遊戲,2024-02-26
27014,搬家 4K數位修復版,2024-04-12
26949,孤島診療所2022,2024-04-19
29187,偶像大師 劇場版: 前往光輝的另一端 經典10週年,2024-11-22
29465,美妙寵物 光之美少女電影: 心跳加速♡遊戲世界大冒險！,2024-12-27
29052,雨中的慾情,2024-12-22
27228,假面騎士 THE WINTER MOVIE- 葛查多 & GEATS 最強克米GOTCHA大作戰,2024-05-10
27646,星之聲,2024-06-07
28231,老師的善意謊言,2024-09-13
27523,春畫先生,2024-06-07
29516,赤羽骨子的秘密保鑣,2024-12-08
28493,我的一夜騎士,2024-09-20
26580,愛在閃電下,2023-12-20
27445,波紋,2024-05-30
6308,失樂園,2017-09-08
28356,自白,2024-08-19
28840,銀魂劇場版 2D  荊棘惡童篇,2024-10-10
27665,在那開滿花的山丘，我想見到妳,2024-07-19
27283,魯邦三世 卡里奧斯特羅城 4K數位修復版,2024-05-17
28552,仇雲殺機,2024-11-01
28504,三日月和貓,2024-09-11
27414,BLOODY ESCAPE：地獄的逃走劇,2024-05-17
28894,巡演轉學生,2024-10-25
28484,日本人的養成,2024-10-25
26426,日安，我的母親,2023-12-25
28435,來生再見未名的我們,2024-11-08
28166,不朽之櫻,2024-09-27
26960,冰室蓮司：日本統一 台灣篇,2024-03-29
26388,月,2024-01-05
26448,風之谷,2024-10-19
26648,"Fukuyama Masaharu Live Film Kotodama no Sakiwau Natsu ""Boy Meets The Music"" @Nippon Budokan 2023",2024-02-06
26843,劇場版 森林家族 來自芙蕾雅的禮物 中文版,2024-04-03
28178,最後一擊,2024-08-16
29057,黑之牛,2024-11-08
26682,電影版 X光室的奇蹟,2024-03-08
18764,群青戰記,2021-07-22
29389,福田村事件,2024-11-15
25992,我家的故事,2023-11-03
28655,難言之隱,2024-11-22
29514,八犬傳,2024-12-07
29237,惡靈怪談,2024-11-22
27435,那日清晨真令人感到空虛,2024-05-31
24531,搖滾吧！中二樂團,2024-01-05
28098,不死戀人,2024-07-26
26845,OUT,2024-04-12
26514,紅豬,2024-01-01
26606,情慾的界線,2024-01-26
29653,劇場版「進擊的巨人」完結篇THE LAST ATTACK,2025-01-03
28410,我變笨了，請多多指教：媽媽 歡迎回來,2024-09-20
28099,大室家-親愛的朋友,2024-07-20
28747,空海 【經典數位修復】,2024-11-22
27966,大室家-親愛的姊妹,2024-07-26
28532,從水深0米開始,2024-10-25
26645,鐵道員,2024-02-23
27120,電影版 吹響吧！上低音號～莉茲與青鳥～,2024-04-05
22797,殺人結業弒,2024-12-20
26880,自戀男神,2024-04-12
16958,再見箱舟,2020-09-05
29441,納米比亞沙漠直播中,2024-12-19
29618,東京戰爭戰後秘語,2024-12-14
26617,不完美的愛情革命,2024-02-02
29440,薔薇與武士2：海盜女王的回歸（新感線舞台劇第四季）,2024-12-20
27029,東京公園,2024-04-05
25649,宛如阿修羅,2024-08-31
25444,其後,2024-08-30
25672,家族遊戲,2024-08-31
25650,春天情書,2024-09-01
25445,廚房,2024-08-31
27986,我來買單,2024-09-02
27978,如此這般,2024-08-31
25651,未來的回憶,2024-09-01
27983,我的夏日旅行,2024-09-03
28385,黑暗之家,2024-09-01
26566,細野晴臣：再會美國,2024-01-12
27982,藍色假期,2024-08-30
27500,花芯蕩漾,2024-05-24
27151,偶慾,2024-04-12
27382,慾望的盡頭,2024-05-03
27327,背德迷情,2024-04-26
27028,蜜鑰,2024-03-29
29689,狐晴明九尾狩（新感線舞台劇第四季）,2024-12-28
29621,藥頭悲歌II：血染雙手,2024-12-15
27913,荒蕪之地．應許之心,2024-07-05
27109,蘇維埃巴士站,2024-05-24
26884,自由協議,2024-03-22
27180,短句之國,2024-05-10
27436,托芙的房間,2024-06-14
29328,藥頭悲歌,2024-12-15
29622,藥頭悲歌III：死神上門,2024-12-15
28114,角頭-大橋頭,2024-08-16
26751,青春18×2 通往有你的旅程,2024-03-14
26439,鬼才之道,2024-08-07
26635,還錢,2024-01-27
28090,夏日的檸檬草,2024-08-02
26664,鬼天廈,2024-04-19
28395,乒乓男孩,2024-10-25
24718,破浪男女,2024-06-28
25424,鬼們之蝴蝶大廈,2024-11-01
27925,嘎啦,2024-07-19
23714,八戒,2024-05-31
27723,我想和你在一起,2024-07-05
29111,台灣超人,2024-12-06
26546,莎莉,2024-04-03
27879,愛的噩夢,2024-07-12
27462,愛情城事,2024-08-30
28748,餘燼,2024-11-15
27567,小雁與吳愛麗,2024-10-10
27121,我在這裡等你,2024-05-10
29379,鳳姐,2024-12-06
28636,愛子歸來,2024-11-01
28405,種土,2024-09-20
27100,女兒的女兒,2024-11-22
27644,千禧曼波,2001-11-17
26795,尋找湯德章,2024-03-15
26788,看到靈魂的那隻眼 師公,2024-03-22
25522,春行,2024-11-22
29611,交換禮物,2024-12-25
27175,我父英風,2024-08-02
28830,默殺：無聲之地,2024-10-18
28088,為我辦一場西式的喪禮,2024-10-25
28200,OZONE 青春冒險,2024-08-07
27961,導演你有病,2024-09-06
27017,雪水消融的季節,2024-09-27
27443,阿姨，上學囉！,2024-07-19
27328,夏日的文化洋行,2024-05-14
27340,環南時候,2024-05-31
28097,優雅的相遇,2024-12-13
23377,（真）新的一天,2024-03-22
29502,非想非非想,2024-12-27
29430,故事 開始的地方—希望閱讀,2025-01-03
28311,念念眷村：文學裡的眷村故事,2024-10-10
28363,默視錄,2024-11-15
27660,客人主人,2024-06-19
28070,滿七,2024-08-30
26594,她說,2024-05-24
26872,以愛之茗,2024-05-24
22894,一一,2024-01-01
29573,KANO,2014-02-27
27415,睏寐之際,2024-06-07
16356,恐怖份子,2020-06-24
27992,誰殺了比利比莉,2024-08-23
26479,魅舞,2024-01-19
28611,傷痕-老兵的故事,2024-12-06
23701,明天比昨天長久,2024-01-19
27179,台北十日,2024-09-27
28736,由島至島（上）,2024-11-30
28241,戀戀風塵（數位修復版）,2024-08-17
28890,曦曦,2024-12-27
28242,恐怖份子（數位修復版）,2024-09-14
15719,悲情城市,2024-02-25
26584,一點一滴的死/長夜/一個女人生命中的三小時/山雨欲來,2024-01-20
25679,五福女孩/隔河/再見觸身/泳夜,2024-01-20
25681,注意看，這個女人⋯⋯/如果時間在此刻停下/我可以暫時逃跑一下嗎？,2024-01-21
27873,刺心切骨,2024-12-29
26780,金門,2024-03-08
27203,由島至島,2024-11-30
28780,危機航線,2024-10-09
26560,怒潮,2024-01-05
29598,一部未完成的電影,2024-12-20
26707,莫斯科行動,2024-01-26
27178,熊出沒．伴我“熊芯”,2024-05-07
26650,石門,2024-03-29
27945,前途海量,2024-07-12
26568,消失的她,2024-01-12
26555,拯救嫌疑人,2024-01-26
26871,新封神榜：楊戩,2024-07-26
26742,沉默筆錄,2024-05-17
26939,雞蛋和石頭,2024-03-16
6091,笨鳥,2024-03-15
27234,不丹沒有槍,2024-04-25
28207,十字路口的豬,2024-10-25
27438,遠方 數位修復版,2024-05-24
28411,雪中真相,2024-10-18
29736,真的好想贏1場,2025-01-03
28964,第一聖拳,2025-01-10
29733,你好，愛，再次,2025-01-10
29716,狂人法則,2025-01-06
29714,征服山的少年,2025-01-03
29400,魔法小紅書,2025-01-10
29702,殘夏,2025-01-03
29764,誘見巴黎最後探戈,2025-01-10
29757,鬼診所,2025-01-10
29524,香巴拉,2025-01-10
29669,PUI PUI 天竺鼠車車 電影版 MOLMAX ,2025-01-15
28165,祝你們幸福,2025-01-03
29707,鬼太郎誕生：咯咯咯之謎真生版,2025-01-01
29483,新．里見八犬傳,1986-09-25
29623,我生活的兩個世界,2025-01-10
29763,工作細胞,2025-01-12
29755,劇場版 忍者亂太郎 毒竹忍者隊最強之軍師,2025-01-15
29754,神州無賴街（新感線舞台劇第四季）,2025-01-07
29165,漂亮朋友,2025-01-10
29122,春風沉醉的夜晚,2025-01-10
29767,來福大酒店,2025-01-10
19250,東北虎,2025-01-11
29795,浮城謎事,2025-01-10
8011,輕鬆+愉快,2018-02-02
